{
    "34713": {
        "a": 2.35711707,
        "e": 0.16644211,
        "i": 1.05030283,
        "om": 48.0163351,
        "w": 129.8079234,
        "ma": 76.5360098,
        "epoch": 2461063.5,
        "name": "Aristoteles"
    }
}