Loaded 23 stars from embedded database
Loaded star names from embedded database
Loaded Gaia SQLite DR3 catalog: /Users/michelebigi/.catalog/crossreference/gaia_dr3_occult_pro.db
Loaded Gaia SQLite DR3 catalog: "/Users/michelebigi/.catalog/crossreference/gaia_dr3_occult_pro.db"
ITALOccultCalc v1.0 [Native API Workflow]
--- BUILD DATE: Jan 18 2026 15:56:15 ---

=== ITALOccultCalc DEBUG BUILD ===

📄 Loading configuration from: verify_782.json
DEBUG: output config read - A4='', IOccult='ioccult_card_782.png'
Target: 782 (782)
Window: 61060 -> 61065
Ephemeris loaded.
[Phase1CandidateScreening] Constructor started.
✓ DE441 loaded (Native Reader): /Users/michelebigi/.ioccultcalc/ephemerides/de441_part-2.bsp
[Phase1CandidateScreening] Constructor finished.
[Phase2OccultationGeometry] Constructor started.
[AstDynWrapper] Constructor started.
  - Creating PlanetaryEphemeris...
  - Initializing propagator...
  - Creating RKF78Integrator...
  - Creating Propagator object...
    [Propagator] Constructor entry (include_asteroids=1).
    [Propagator] Creating AsteroidPerturbations...
    [Propagator] Constructor exit.
  - Propagator object created.
[AstDynWrapper] Constructor finished.
[Phase2OccultationGeometry] Constructor finished.
Loading asteroid 782...
[AsteroidSqliteDatabase] Successfully opened /Users/michelebigi/.ioccultcalc/database/asteroids.db
[DEBUG-PERT] lapco entry (alpha=0.41899)
[DEBUG-PERT] lapco entry (alpha=0.41899)
[DEBUG-PERT] Initial Laplace coefficients computed.
[DEBUG-PERT] lapco entry (alpha=0.228137)
[DEBUG-PERT] lapco entry (alpha=0.228137)
[DEBUG-PERT] Initial Laplace coefficients computed.
[DEBUG-PERT] lapco entry (alpha=0.113424)
[DEBUG-PERT] lapco entry (alpha=0.113424)
[DEBUG-PERT] Initial Laplace coefficients computed.
[DEBUG-PERT] lapco entry (alpha=0.0723947)
[DEBUG-PERT] lapco entry (alpha=0.0723947)
[DEBUG-PERT] Initial Laplace coefficients computed.
[DEBUG-PERT] lapco entry (alpha=0.41899)
[DEBUG-PERT] lapco entry (alpha=0.41899)
[DEBUG-PERT] Initial Laplace coefficients computed.
[DEBUG-PERT] lapco entry (alpha=0.228137)
[DEBUG-PERT] lapco entry (alpha=0.228137)
[DEBUG-PERT] Initial Laplace coefficients computed.
[DEBUG-PERT] lapco entry (alpha=0.113424)
[DEBUG-PERT] lapco entry (alpha=0.113424)
[DEBUG-PERT] Initial Laplace coefficients computed.
[DEBUG-PERT] lapco entry (alpha=0.0723947)
[DEBUG-PERT] lapco entry (alpha=0.0723947)
[DEBUG-PERT] Initial Laplace coefficients computed.
[AstDynWrapper:0x10c057dd0] setKeplerianElements: asteroid=Montefiore state set to INITIALIZED (Covariance: NO).
[AstDynWrapper]   Processing Frame: ECLIPTIC
  - Creating RKF78Integrator...
  - Creating Propagator object...
    [Propagator] Constructor entry (include_asteroids=1).
    [Propagator] Creating AsteroidPerturbations...
    [Propagator] Constructor exit.
  - Propagator object created.
[Phase2OccultationGeometry] setSPKReader called. Forwarding to wrapper=0x10c057dd0
Phase 1: Screening stars in 2 deg corridor...
[PHASE1] Starting native screening for 782 (MJD 61060 to 61065)...
    [Propagator] Constructor entry (include_asteroids=0).
    [Propagator] Constructor exit.
[HPP-DEBUG] Input frame is ECLIPTIC. Performing rotation.
[HPP-DEBUG] Initial Pos: 0.747397  1.89348 0.781212
[HPP-DEBUG] Input frame is ECLIPTIC. Performing rotation.
[HPP-DEBUG] Initial Pos: 0.747397  1.89348 0.781212
[HPP-DEBUG] Input frame is ECLIPTIC. Performing rotation.
[HPP-DEBUG] Initial Pos: 0.747397  1.89348 0.781212
[HPP-DEBUG] Input frame is ECLIPTIC. Performing rotation.
[HPP-DEBUG] Initial Pos: 0.747397  1.89348 0.781212
[HPP-DEBUG] Input frame is ECLIPTIC. Performing rotation.
[HPP-DEBUG] Initial Pos: 0.747397  1.89348 0.781212
[HPP-DEBUG] Input frame is ECLIPTIC. Performing rotation.
[HPP-DEBUG] Initial Pos: 0.747397  1.89348 0.781212
[HPP-DEBUG] Input frame is ECLIPTIC. Performing rotation.
[HPP-DEBUG] Initial Pos: 0.747397  1.89348 0.781212
[HPP-DEBUG] Input frame is ECLIPTIC. Performing rotation.
[HPP-DEBUG] Initial Pos: 0.747397  1.89348 0.781212
[HPP-DEBUG] Input frame is ECLIPTIC. Performing rotation.
[HPP-DEBUG] Initial Pos: 0.747397  1.89348 0.781212
[HPP-DEBUG] Input frame is ECLIPTIC. Performing rotation.
[HPP-DEBUG] Initial Pos: 0.747397  1.89348 0.781212
[HPP-DEBUG] Input frame is ECLIPTIC. Performing rotation.
[HPP-DEBUG] Initial Pos: 0.747397  1.89348 0.781212
[HPP-DEBUG] Input frame is ECLIPTIC. Performing rotation.
[HPP-DEBUG] Initial Pos: 0.747397  1.89348 0.781212
[HPP-DEBUG] Input frame is ECLIPTIC. Performing rotation.
[HPP-DEBUG] Initial Pos: 0.747397  1.89348 0.781212
[HPP-DEBUG] Input frame is ECLIPTIC. Performing rotation.
[HPP-DEBUG] Initial Pos: 0.747397  1.89348 0.781212
[HPP-DEBUG] Input frame is ECLIPTIC. Performing rotation.
[HPP-DEBUG] Initial Pos: 0.747397  1.89348 0.781212
[HPP-DEBUG] Input frame is ECLIPTIC. Performing rotation.
[HPP-DEBUG] Initial Pos: 0.747397  1.89348 0.781212
[HPP-DEBUG] Input frame is ECLIPTIC. Performing rotation.
[HPP-DEBUG] Initial Pos: 0.747397  1.89348 0.781212
[HPP-DEBUG] Input frame is ECLIPTIC. Performing rotation.
[HPP-DEBUG] Initial Pos: 0.747397  1.89348 0.781212
[HPP-DEBUG] Input frame is ECLIPTIC. Performing rotation.
[HPP-DEBUG] Initial Pos: 0.747397  1.89348 0.781212
[HPP-DEBUG] Input frame is ECLIPTIC. Performing rotation.
[HPP-DEBUG] Initial Pos: 0.747397  1.89348 0.781212
[HPP-DEBUG] Input frame is ECLIPTIC. Performing rotation.
[HPP-DEBUG] Initial Pos: 0.747397  1.89348 0.781212
[HPP-DEBUG] Input frame is ECLIPTIC. Performing rotation.
[HPP-DEBUG] Initial Pos: 0.747397  1.89348 0.781212
[HPP-DEBUG] Input frame is ECLIPTIC. Performing rotation.
[HPP-DEBUG] Initial Pos: 0.747397  1.89348 0.781212
[HPP-DEBUG] Input frame is ECLIPTIC. Performing rotation.
[HPP-DEBUG] Initial Pos: 0.747397  1.89348 0.781212
[HPP-DEBUG] Input frame is ECLIPTIC. Performing rotation.
[HPP-DEBUG] Initial Pos: 0.747397  1.89348 0.781212
[HPP-DEBUG] Input frame is ECLIPTIC. Performing rotation.
[HPP-DEBUG] Initial Pos: 0.747397  1.89348 0.781212
[HPP-DEBUG] Input frame is ECLIPTIC. Performing rotation.
[HPP-DEBUG] Initial Pos: 0.747397  1.89348 0.781212
[HPP-DEBUG] Input frame is ECLIPTIC. Performing rotation.
[HPP-DEBUG] Initial Pos: 0.747397  1.89348 0.781212
[HPP-DEBUG] Input frame is ECLIPTIC. Performing rotation.
[HPP-DEBUG] Initial Pos: 0.747397  1.89348 0.781212
[HPP-DEBUG] Input frame is ECLIPTIC. Performing rotation.
[HPP-DEBUG] Initial Pos: 0.747397  1.89348 0.781212
[HPP-DEBUG] Input frame is ECLIPTIC. Performing rotation.
[HPP-DEBUG] Initial Pos: 0.747397  1.89348 0.781212
[HPP-DEBUG] Input frame is ECLIPTIC. Performing rotation.
[HPP-DEBUG] Initial Pos: 0.747397  1.89348 0.781212
[HPP-DEBUG] Input frame is ECLIPTIC. Performing rotation.
[HPP-DEBUG] Initial Pos: 0.747397  1.89348 0.781212
[HPP-DEBUG] Input frame is ECLIPTIC. Performing rotation.
[HPP-DEBUG] Initial Pos: 0.747397  1.89348 0.781212
[HPP-DEBUG] Input frame is ECLIPTIC. Performing rotation.
[HPP-DEBUG] Initial Pos: 0.747397  1.89348 0.781212
[HPP-DEBUG] Input frame is ECLIPTIC. Performing rotation.
[HPP-DEBUG] Initial Pos: 0.747397  1.89348 0.781212
[HPP-DEBUG] Input frame is ECLIPTIC. Performing rotation.
[HPP-DEBUG] Initial Pos: 0.747397  1.89348 0.781212
[HPP-DEBUG] Input frame is ECLIPTIC. Performing rotation.
[HPP-DEBUG] Initial Pos: 0.747397  1.89348 0.781212
[HPP-DEBUG] Input frame is ECLIPTIC. Performing rotation.
[HPP-DEBUG] Initial Pos: 0.747397  1.89348 0.781212
[HPP-DEBUG] Input frame is ECLIPTIC. Performing rotation.
[HPP-DEBUG] Initial Pos: 0.747397  1.89348 0.781212
[HPP-DEBUG] Input frame is ECLIPTIC. Performing rotation.
[HPP-DEBUG] Initial Pos: 0.747397  1.89348 0.781212
[HPP-DEBUG] Input frame is ECLIPTIC. Performing rotation.
[HPP-DEBUG] Initial Pos: 0.747397  1.89348 0.781212
[HPP-DEBUG] Input frame is ECLIPTIC. Performing rotation.
[HPP-DEBUG] Initial Pos: 0.747397  1.89348 0.781212
[HPP-DEBUG] Input frame is ECLIPTIC. Performing rotation.
[HPP-DEBUG] Initial Pos: 0.747397  1.89348 0.781212
[HPP-DEBUG] Input frame is ECLIPTIC. Performing rotation.
[HPP-DEBUG] Initial Pos: 0.747397  1.89348 0.781212
[HPP-DEBUG] Input frame is ECLIPTIC. Performing rotation.
[HPP-DEBUG] Initial Pos: 0.747397  1.89348 0.781212
[HPP-DEBUG] Input frame is ECLIPTIC. Performing rotation.
[HPP-DEBUG] Initial Pos: 0.747397  1.89348 0.781212
[HPP-DEBUG] Input frame is ECLIPTIC. Performing rotation.
[HPP-DEBUG] Initial Pos: 0.747397  1.89348 0.781212
[HPP-DEBUG] Input frame is ECLIPTIC. Performing rotation.
[HPP-DEBUG] Initial Pos: 0.747397  1.89348 0.781212
[HPP-DEBUG] Input frame is ECLIPTIC. Performing rotation.
[HPP-DEBUG] Initial Pos: 0.747397  1.89348 0.781212
[HPP-DEBUG] Input frame is ECLIPTIC. Performing rotation.
[HPP-DEBUG] Initial Pos: 0.747397  1.89348 0.781212
[HPP-DEBUG] Input frame is ECLIPTIC. Performing rotation.
[HPP-DEBUG] Initial Pos: 0.747397  1.89348 0.781212
[HPP-DEBUG] Input frame is ECLIPTIC. Performing rotation.
[HPP-DEBUG] Initial Pos: 0.747397  1.89348 0.781212
[HPP-DEBUG] Input frame is ECLIPTIC. Performing rotation.
[HPP-DEBUG] Initial Pos: 0.747397  1.89348 0.781212
[HPP-DEBUG] Input frame is ECLIPTIC. Performing rotation.
[HPP-DEBUG] Initial Pos: 0.747397  1.89348 0.781212
[HPP-DEBUG] Input frame is ECLIPTIC. Performing rotation.
[HPP-DEBUG] Initial Pos: 0.747397  1.89348 0.781212
[HPP-DEBUG] Input frame is ECLIPTIC. Performing rotation.
[HPP-DEBUG] Initial Pos: 0.747397  1.89348 0.781212
[HPP-DEBUG] Input frame is ECLIPTIC. Performing rotation.
[HPP-DEBUG] Initial Pos: 0.747397  1.89348 0.781212
[HPP-DEBUG] Input frame is ECLIPTIC. Performing rotation.
[HPP-DEBUG] Initial Pos: 0.747397  1.89348 0.781212
[HPP-DEBUG] Input frame is ECLIPTIC. Performing rotation.
[HPP-DEBUG] Initial Pos: 0.747397  1.89348 0.781212
[HPP-DEBUG] Input frame is ECLIPTIC. Performing rotation.
[HPP-DEBUG] Initial Pos: 0.747397  1.89348 0.781212
[HPP-DEBUG] Input frame is ECLIPTIC. Performing rotation.
[HPP-DEBUG] Initial Pos: 0.747397  1.89348 0.781212
[HPP-DEBUG] Input frame is ECLIPTIC. Performing rotation.
[HPP-DEBUG] Initial Pos: 0.747397  1.89348 0.781212
[HPP-DEBUG] Input frame is ECLIPTIC. Performing rotation.
[HPP-DEBUG] Initial Pos: 0.747397  1.89348 0.781212
[HPP-DEBUG] Input frame is ECLIPTIC. Performing rotation.
[HPP-DEBUG] Initial Pos: 0.747397  1.89348 0.781212
[HPP-DEBUG] Input frame is ECLIPTIC. Performing rotation.
[HPP-DEBUG] Initial Pos: 0.747397  1.89348 0.781212
[HPP-DEBUG] Input frame is ECLIPTIC. Performing rotation.
[HPP-DEBUG] Initial Pos: 0.747397  1.89348 0.781212
[HPP-DEBUG] Input frame is ECLIPTIC. Performing rotation.
[HPP-DEBUG] Initial Pos: 0.747397  1.89348 0.781212
[HPP-DEBUG] Input frame is ECLIPTIC. Performing rotation.
[HPP-DEBUG] Initial Pos: 0.747397  1.89348 0.781212
[HPP-DEBUG] Input frame is ECLIPTIC. Performing rotation.
[HPP-DEBUG] Initial Pos: 0.747397  1.89348 0.781212
[HPP-DEBUG] Input frame is ECLIPTIC. Performing rotation.
[HPP-DEBUG] Initial Pos: 0.747397  1.89348 0.781212
[HPP-DEBUG] Input frame is ECLIPTIC. Performing rotation.
[HPP-DEBUG] Initial Pos: 0.747397  1.89348 0.781212
[HPP-DEBUG] Input frame is ECLIPTIC. Performing rotation.
[HPP-DEBUG] Initial Pos: 0.747397  1.89348 0.781212
[HPP-DEBUG] Input frame is ECLIPTIC. Performing rotation.
[HPP-DEBUG] Initial Pos: 0.747397  1.89348 0.781212
[HPP-DEBUG] Input frame is ECLIPTIC. Performing rotation.
[HPP-DEBUG] Initial Pos: 0.747397  1.89348 0.781212
[HPP-DEBUG] Input frame is ECLIPTIC. Performing rotation.
[HPP-DEBUG] Initial Pos: 0.747397  1.89348 0.781212
[HPP-DEBUG] Input frame is ECLIPTIC. Performing rotation.
[HPP-DEBUG] Initial Pos: 0.747397  1.89348 0.781212
[HPP-DEBUG] Input frame is ECLIPTIC. Performing rotation.
[HPP-DEBUG] Initial Pos: 0.747397  1.89348 0.781212
[HPP-DEBUG] Input frame is ECLIPTIC. Performing rotation.
[HPP-DEBUG] Initial Pos: 0.747397  1.89348 0.781212
[HPP-DEBUG] Input frame is ECLIPTIC. Performing rotation.
[HPP-DEBUG] Initial Pos: 0.747397  1.89348 0.781212
[HPP-DEBUG] Input frame is ECLIPTIC. Performing rotation.
[HPP-DEBUG] Initial Pos: 0.747397  1.89348 0.781212
[HPP-DEBUG] Input frame is ECLIPTIC. Performing rotation.
[HPP-DEBUG] Initial Pos: 0.747397  1.89348 0.781212
[HPP-DEBUG] Input frame is ECLIPTIC. Performing rotation.
[HPP-DEBUG] Initial Pos: 0.747397  1.89348 0.781212
[HPP-DEBUG] Input frame is ECLIPTIC. Performing rotation.
[HPP-DEBUG] Initial Pos: 0.747397  1.89348 0.781212
[HPP-DEBUG] Input frame is ECLIPTIC. Performing rotation.
[HPP-DEBUG] Initial Pos: 0.747397  1.89348 0.781212
[HPP-DEBUG] Input frame is ECLIPTIC. Performing rotation.
[HPP-DEBUG] Initial Pos: 0.747397  1.89348 0.781212
[HPP-DEBUG] Input frame is ECLIPTIC. Performing rotation.
[HPP-DEBUG] Initial Pos: 0.747397  1.89348 0.781212
[HPP-DEBUG] Input frame is ECLIPTIC. Performing rotation.
[HPP-DEBUG] Initial Pos: 0.747397  1.89348 0.781212
[HPP-DEBUG] Input frame is ECLIPTIC. Performing rotation.
[HPP-DEBUG] Initial Pos: 0.747397  1.89348 0.781212
[HPP-DEBUG] Input frame is ECLIPTIC. Performing rotation.
[HPP-DEBUG] Initial Pos: 0.747397  1.89348 0.781212
[HPP-DEBUG] Input frame is ECLIPTIC. Performing rotation.
[HPP-DEBUG] Initial Pos: 0.747397  1.89348 0.781212
[HPP-DEBUG] Input frame is ECLIPTIC. Performing rotation.
[HPP-DEBUG] Initial Pos: 0.747397  1.89348 0.781212
[HPP-DEBUG] Input frame is ECLIPTIC. Performing rotation.
[HPP-DEBUG] Initial Pos: 0.747397  1.89348 0.781212
[HPP-DEBUG] Input frame is ECLIPTIC. Performing rotation.
[HPP-DEBUG] Initial Pos: 0.747397  1.89348 0.781212
[HPP-DEBUG] Input frame is ECLIPTIC. Performing rotation.
[HPP-DEBUG] Initial Pos: 0.747397  1.89348 0.781212
[HPP-DEBUG] Input frame is ECLIPTIC. Performing rotation.
[HPP-DEBUG] Initial Pos: 0.747397  1.89348 0.781212
[HPP-DEBUG] Input frame is ECLIPTIC. Performing rotation.
[HPP-DEBUG] Initial Pos: 0.747397  1.89348 0.781212
[HPP-DEBUG] Input frame is ECLIPTIC. Performing rotation.
[HPP-DEBUG] Initial Pos: 0.747397  1.89348 0.781212
[HPP-DEBUG] Input frame is ECLIPTIC. Performing rotation.
[HPP-DEBUG] Initial Pos: 0.747397  1.89348 0.781212
[HPP-DEBUG] Input frame is ECLIPTIC. Performing rotation.
[HPP-DEBUG] Initial Pos: 0.747397  1.89348 0.781212
[HPP-DEBUG] Input frame is ECLIPTIC. Performing rotation.
[HPP-DEBUG] Initial Pos: 0.747397  1.89348 0.781212
[HPP-DEBUG] Input frame is ECLIPTIC. Performing rotation.
[HPP-DEBUG] Initial Pos: 0.747397  1.89348 0.781212
[HPP-DEBUG] Input frame is ECLIPTIC. Performing rotation.
[HPP-DEBUG] Initial Pos: 0.747397  1.89348 0.781212
[HPP-DEBUG] Input frame is ECLIPTIC. Performing rotation.
[HPP-DEBUG] Initial Pos: 0.747397  1.89348 0.781212
[HPP-DEBUG] Input frame is ECLIPTIC. Performing rotation.
[HPP-DEBUG] Initial Pos: 0.747397  1.89348 0.781212
[HPP-DEBUG] Input frame is ECLIPTIC. Performing rotation.
[HPP-DEBUG] Initial Pos: 0.747397  1.89348 0.781212
[HPP-DEBUG] Input frame is ECLIPTIC. Performing rotation.
[HPP-DEBUG] Initial Pos: 0.747397  1.89348 0.781212
[HPP-DEBUG] Input frame is ECLIPTIC. Performing rotation.
[HPP-DEBUG] Initial Pos: 0.747397  1.89348 0.781212
[HPP-DEBUG] Input frame is ECLIPTIC. Performing rotation.
[HPP-DEBUG] Initial Pos: 0.747397  1.89348 0.781212
[HPP-DEBUG] Input frame is ECLIPTIC. Performing rotation.
[HPP-DEBUG] Initial Pos: 0.747397  1.89348 0.781212
[HPP-DEBUG] Input frame is ECLIPTIC. Performing rotation.
[HPP-DEBUG] Initial Pos: 0.747397  1.89348 0.781212
[HPP-DEBUG] Input frame is ECLIPTIC. Performing rotation.
[HPP-DEBUG] Initial Pos: 0.747397  1.89348 0.781212
[HPP-DEBUG] Input frame is ECLIPTIC. Performing rotation.
[HPP-DEBUG] Initial Pos: 0.747397  1.89348 0.781212
[HPP-DEBUG] Input frame is ECLIPTIC. Performing rotation.
[HPP-DEBUG] Initial Pos: 0.747397  1.89348 0.781212
[HPP-DEBUG] Input frame is ECLIPTIC. Performing rotation.
[HPP-DEBUG] Initial Pos: 0.747397  1.89348 0.781212
[HPP-DEBUG] Input frame is ECLIPTIC. Performing rotation.
[HPP-DEBUG] Initial Pos: 0.747397  1.89348 0.781212
[HPP-DEBUG] Input frame is ECLIPTIC. Performing rotation.
[HPP-DEBUG] Initial Pos: 0.747397  1.89348 0.781212
[HPP-DEBUG] Input frame is ECLIPTIC. Performing rotation.
[HPP-DEBUG] Initial Pos: 0.747397  1.89348 0.781212
[HPP-DEBUG] Input frame is ECLIPTIC. Performing rotation.
[HPP-DEBUG] Initial Pos: 0.747397  1.89348 0.781212
[HPP-DEBUG] Input frame is ECLIPTIC. Performing rotation.
[HPP-DEBUG] Initial Pos: 0.747397  1.89348 0.781212
[HPP-DEBUG] Input frame is ECLIPTIC. Performing rotation.
[HPP-DEBUG] Initial Pos: 0.747397  1.89348 0.781212
[PHASE1] Path start: RA=65.237 Dec=22.6375
[PHASE1] Path end:   RA=65.3297 Dec=22.8269
[PHASE1] Querying Gaia catalog with 121 ICRF points...
Optimized Corridor: 121 points -> 1 query cones.
[PHASE1] Screening complete. Found 20 candidates (2913 stars in corridor).
Found 20 candidates (2913 stars initially in corridor).

Phase 2: Calculating precise geometry...

[OccultationEngine] 🔄 Refining orbit for 782 with last 100 observations...
[MPCClient] Downloading observations from AstDyS: https://newton.spacedys.com/~astdys2/mpcobs/numbered/0/782.rwo
[MPCClient] Parsing RWO with native library parser...
[MPCClient] Successfully loaded 5757 observations from RWO.
Debug Rotation:
 Orig: i=5.25969 O=80.4101 w=82.1285
 Eq:   i=24.8319 O=12.4293 w=151.188
 Back: i=5.25969 O=80.4101 w=82.1285
[AstDynOrbitFitter] Feeding 100 obs to OrbitFitAPI.
   Time Range: MJD 60918.4 to 60953.5
   Initial Element Epoch: 61000
[OrbitFitAPI] Loading OrbFit elements from /tmp/ioc_fit_init.eq1...
   Detecting ECLIPTIC frame in .eq1, applying rotation to Equatorial J2000.
   Initial Context: ECLIPTIC/SUN/MEAN
   Target Context:  EQUATORIAL/SUN/OSCULATING
   Initial Orbit (Ecliptic): a=2.17984 e=0.0393505 i=5.25969deg
   Initial Orbit (Transformed Equatorial): i=24.8318deg
[OrbitFitAPI] Loading observations from /tmp/ioc_fit_obs.rwo...
   Loaded 100 observations
    [Propagator] Constructor entry (include_asteroids=0).
    [Propagator] Constructor exit.
    [Propagator] Constructor entry (include_asteroids=0).
    [Propagator] Constructor exit.

Initial orbit set:
  Epoch: 61000.000000 MJD TDB
  a = 2.179837 AU
  e = 0.039350
  i = 24.831840 deg

Initial orbit set:
  Epoch: 60935.995089 MJD TDB
  a = 2.179624 AU
  e = 0.039365
  i = 24.831941 deg
[OrbitFitAPI] Running differential correction...

=== Differential Correction ===
Observations: 100
Max iterations: 10
Convergence threshold: 0.000001

========================================
Differential Corrections
========================================
Observations: 100
Max iterations: 10
Convergence: 0.000001 AU

[Residuals Debug] MJD=60918.44279 Obs RA=71.50712 Dec=19.07021 Comp RA=71.50650 Dec=19.07098 ResRA=2.08276 ResDec=-2.78575
[Residuals Debug] MJD=60918.44791 Obs RA=71.50883 Dec=19.07044 Comp RA=71.50822 Dec=19.07122 ResRA=2.06750 ResDec=-2.80738
[Residuals Debug] MJD=60918.45303 Obs RA=71.51046 Dec=19.07069 Comp RA=71.50993 Dec=19.07145 ResRA=1.78712 ResDec=-2.75039
[Residuals Debug] MJD=60919.58286 Obs RA=71.88621 Dec=19.12187 Comp RA=71.88590 Dec=19.12243 ResRA=1.04725 ResDec=-2.00859
[Residuals Debug] MJD=60919.58830 Obs RA=71.88797 Dec=19.12214 Comp RA=71.88770 Dec=19.12267 ResRA=0.92809 ResDec=-1.91017
[Residuals Debug] MJD=60919.59799 Obs RA=71.89112 Dec=19.12257 Comp RA=71.89090 Dec=19.12310 ResRA=0.74372 ResDec=-1.91368
[Residuals Debug] MJD=60919.60409 Obs RA=71.89310 Dec=19.12284 Comp RA=71.89292 Dec=19.12337 ResRA=0.61122 ResDec=-1.92204
[Residuals Debug] MJD=60921.12666 Obs RA=72.39232 Dec=19.18917 Comp RA=72.39215 Dec=19.19002 ResRA=0.58679 ResDec=-3.06383
[Residuals Debug] MJD=60921.14105 Obs RA=72.39692 Dec=19.18983 Comp RA=72.39682 Dec=19.19064 ResRA=0.33254 ResDec=-2.91114
[Residuals Debug] MJD=60921.15523 Obs RA=72.40145 Dec=19.19046 Comp RA=72.40143 Dec=19.19125 ResRA=0.06217 ResDec=-2.83662
[Residuals Debug] MJD=60921.16943 Obs RA=72.40601 Dec=19.19110 Comp RA=72.40605 Dec=19.19186 ResRA=-0.13079 ResDec=-2.73480
[Residuals Debug] MJD=60922.49478 Obs RA=72.83331 Dec=19.24722 Comp RA=72.83335 Dec=19.24798 ResRA=-0.12967 ResDec=-2.74773
[Residuals Debug] MJD=60922.49704 Obs RA=72.83402 Dec=19.24732 Comp RA=72.83407 Dec=19.24808 ResRA=-0.17049 ResDec=-2.72785
[Residuals Debug] MJD=60922.49931 Obs RA=72.83479 Dec=19.24745 Comp RA=72.83480 Dec=19.24817 ResRA=-0.01298 ResDec=-2.59795
[Residuals Debug] MJD=60922.52505 Obs RA=72.84286 Dec=19.24857 Comp RA=72.84303 Dec=19.24925 ResRA=-0.57890 ResDec=-2.43232
[Residuals Debug] MJD=60923.57713 Obs RA=73.17667 Dec=19.29198 Comp RA=73.17729 Dec=19.29258 ResRA=-2.11805 ResDec=-2.15910
[Residuals Debug] MJD=60923.58337 Obs RA=73.17860 Dec=19.29227 Comp RA=73.17926 Dec=19.29283 ResRA=-2.23698 ResDec=-2.03272
[Residuals Debug] MJD=60923.58655 Obs RA=73.17957 Dec=19.29239 Comp RA=73.18026 Dec=19.29296 ResRA=-2.35394 ResDec=-2.06929
[Residuals Debug] MJD=60923.59081 Obs RA=73.18090 Dec=19.29256 Comp RA=73.18161 Dec=19.29314 ResRA=-2.40814 ResDec=-2.08359
[Residuals Debug] MJD=60923.59597 Obs RA=73.18250 Dec=19.29280 Comp RA=73.18324 Dec=19.29335 ResRA=-2.50155 ResDec=-1.96890
[Residuals Debug] MJD=60923.60279 Obs RA=73.18443 Dec=19.29314 Comp RA=73.18539 Dec=19.29362 ResRA=-3.27445 ResDec=-1.73778
[Residuals Debug] MJD=60923.60449 Obs RA=73.18514 Dec=19.29298 Comp RA=73.18592 Dec=19.29369 ResRA=-2.66870 ResDec=-2.58569
[Residuals Debug] MJD=60923.60788 Obs RA=73.18618 Dec=19.29328 Comp RA=73.18699 Dec=19.29383 ResRA=-2.78552 ResDec=-1.99308
[Residuals Debug] MJD=60923.61296 Obs RA=73.18775 Dec=19.29349 Comp RA=73.18860 Dec=19.29404 ResRA=-2.86385 ResDec=-1.96653
[Residuals Debug] MJD=60923.61635 Obs RA=73.18879 Dec=19.29364 Comp RA=73.18967 Dec=19.29418 ResRA=-2.97600 ResDec=-1.93323
[Residuals Debug] MJD=60923.61804 Obs RA=73.18910 Dec=19.29387 Comp RA=73.19020 Dec=19.29424 ResRA=-3.72477 ResDec=-1.33048
[Residuals Debug] MJD=60923.61824 Obs RA=73.18936 Dec=19.29371 Comp RA=73.19026 Dec=19.29425 ResRA=-3.07020 ResDec=-1.94902
[Residuals Debug] MJD=60924.59552 Obs RA=73.49579 Dec=19.33303 Comp RA=73.49669 Dec=19.33355 ResRA=-3.03610 ResDec=-1.87425
[Residuals Debug] MJD=60924.60727 Obs RA=73.49933 Dec=19.33348 Comp RA=73.50035 Dec=19.33402 ResRA=-3.45511 ResDec=-1.93612
[Residuals Debug] MJD=60924.61077 Obs RA=73.50044 Dec=19.33362 Comp RA=73.50144 Dec=19.33416 ResRA=-3.37459 ResDec=-1.93631
[Residuals Debug] MJD=60924.61795 Obs RA=73.50261 Dec=19.33394 Comp RA=73.50367 Dec=19.33444 ResRA=-3.60910 ResDec=-1.81331
[Residuals Debug] MJD=60925.58166 Obs RA=73.80106 Dec=19.37180 Comp RA=73.80197 Dec=19.37233 ResRA=-3.10790 ResDec=-1.90234
[Residuals Debug] MJD=60925.58440 Obs RA=73.80189 Dec=19.37191 Comp RA=73.80281 Dec=19.37243 ResRA=-3.13238 ResDec=-1.88488
[Residuals Debug] MJD=60925.59039 Obs RA=73.80369 Dec=19.37217 Comp RA=73.80466 Dec=19.37267 ResRA=-3.28277 ResDec=-1.79420
[Residuals Debug] MJD=60925.61387 Obs RA=73.81074 Dec=19.37308 Comp RA=73.81188 Dec=19.37358 ResRA=-3.85417 ResDec=-1.79871
[Residuals Debug] MJD=60928.60149 Obs RA=74.71040 Dec=19.48539 Comp RA=74.71150 Dec=19.48580 ResRA=-3.74294 ResDec=-1.46525
[Residuals Debug] MJD=60928.60639 Obs RA=74.71182 Dec=19.48559 Comp RA=74.71295 Dec=19.48597 ResRA=-3.81602 ResDec=-1.38486
[Residuals Debug] MJD=60928.62135 Obs RA=74.71612 Dec=19.48614 Comp RA=74.71735 Dec=19.48652 ResRA=-4.18375 ResDec=-1.35957
[Residuals Debug] MJD=60928.63628 Obs RA=74.72039 Dec=19.48668 Comp RA=74.72175 Dec=19.48706 ResRA=-4.61114 ResDec=-1.35891
[Residuals Debug] MJD=60929.54317 Obs RA=74.98636 Dec=19.51919 Comp RA=74.98702 Dec=19.51961 ResRA=-2.25051 ResDec=-1.53293
[Residuals Debug] MJD=60929.54589 Obs RA=74.98713 Dec=19.51925 Comp RA=74.98781 Dec=19.51971 ResRA=-2.31090 ResDec=-1.66020
[Residuals Debug] MJD=60929.55583 Obs RA=74.98996 Dec=19.51964 Comp RA=74.99070 Dec=19.52006 ResRA=-2.50914 ResDec=-1.53171
[Residuals Debug] MJD=60929.57235 Obs RA=74.99465 Dec=19.52026 Comp RA=74.99549 Dec=19.52065 ResRA=-2.86308 ResDec=-1.40334
[Residuals Debug] MJD=60934.61631 Obs RA=76.40010 Dec=19.68982 Comp RA=76.40063 Dec=19.69001 ResRA=-1.79225 ResDec=-0.70355
[Residuals Debug] MJD=60934.62021 Obs RA=76.40113 Dec=19.68995 Comp RA=76.40167 Dec=19.69014 ResRA=-1.82872 ResDec=-0.67967
[Residuals Debug] MJD=60934.62683 Obs RA=76.40282 Dec=19.69017 Comp RA=76.40343 Dec=19.69035 ResRA=-2.06856 ResDec=-0.64571
[Residuals Debug] MJD=60934.63380 Obs RA=76.40463 Dec=19.69038 Comp RA=76.40529 Dec=19.69057 ResRA=-2.23355 ResDec=-0.68231
[Residuals Debug] MJD=60935.56971 Obs RA=76.65223 Dec=19.71969 Comp RA=76.65231 Dec=19.71997 ResRA=-0.27438 ResDec=-1.00993
[Residuals Debug] MJD=60935.57333 Obs RA=76.65315 Dec=19.71982 Comp RA=76.65326 Dec=19.72008 ResRA=-0.36691 ResDec=-0.94574
[Residuals Debug] MJD=60935.57985 Obs RA=76.65479 Dec=19.72003 Comp RA=76.65496 Dec=19.72028 ResRA=-0.57858 ResDec=-0.91511
[Residuals Debug] MJD=60935.59105 Obs RA=76.65766 Dec=19.72038 Comp RA=76.65789 Dec=19.72063 ResRA=-0.79031 ResDec=-0.90876
[Residuals Debug] MJD=60937.57526 Obs RA=77.16641 Dec=19.78074 Comp RA=77.16648 Dec=19.78103 ResRA=-0.24661 ResDec=-1.04938
[Residuals Debug] MJD=60937.57752 Obs RA=77.16697 Dec=19.78078 Comp RA=77.16705 Dec=19.78110 ResRA=-0.26610 ResDec=-1.14224
[Residuals Debug] MJD=60937.58257 Obs RA=77.16817 Dec=19.78092 Comp RA=77.16832 Dec=19.78125 ResRA=-0.49387 ResDec=-1.18382
[Residuals Debug] MJD=60937.58847 Obs RA=77.16962 Dec=19.78113 Comp RA=77.16980 Dec=19.78142 ResRA=-0.60396 ResDec=-1.05740
[Residuals Debug] MJD=60937.63914 Obs RA=77.18195 Dec=19.78270 Comp RA=77.18251 Dec=19.78293 ResRA=-1.90754 ResDec=-0.84109
[Residuals Debug] MJD=60940.56169 Obs RA=77.89202 Dec=19.86701 Comp RA=77.89221 Dec=19.86741 ResRA=-0.64667 ResDec=-1.44966
[Residuals Debug] MJD=60940.56461 Obs RA=77.89267 Dec=19.86711 Comp RA=77.89290 Dec=19.86750 ResRA=-0.76821 ResDec=-1.38500
[Residuals Debug] MJD=60940.57272 Obs RA=77.89452 Dec=19.86735 Comp RA=77.89480 Dec=19.86772 ResRA=-0.95395 ResDec=-1.34523
[Residuals Debug] MJD=60940.58563 Obs RA=77.89744 Dec=19.86771 Comp RA=77.89783 Dec=19.86809 ResRA=-1.32028 ResDec=-1.34959
[Residuals Debug] MJD=60941.57254 Obs RA=78.12617 Dec=19.89509 Comp RA=78.12660 Dec=19.89552 ResRA=-1.45118 ResDec=-1.55963
[Residuals Debug] MJD=60941.57527 Obs RA=78.12676 Dec=19.89515 Comp RA=78.12722 Dec=19.89560 ResRA=-1.57767 ResDec=-1.61019
[Residuals Debug] MJD=60941.58039 Obs RA=78.12789 Dec=19.89532 Comp RA=78.12840 Dec=19.89574 ResRA=-1.71396 ResDec=-1.50837
[Residuals Debug] MJD=60941.59138 Obs RA=78.13030 Dec=19.89563 Comp RA=78.13091 Dec=19.89604 ResRA=-2.07334 ResDec=-1.47721
[Residuals Debug] MJD=60943.55220 Obs RA=78.56767 Dec=19.94854 Comp RA=78.56847 Dec=19.94906 ResRA=-2.70960 ResDec=-1.87998
[Residuals Debug] MJD=60943.55402 Obs RA=78.56806 Dec=19.94856 Comp RA=78.56887 Dec=19.94911 ResRA=-2.73621 ResDec=-1.97393
[Residuals Debug] MJD=60943.55765 Obs RA=78.56882 Dec=19.94866 Comp RA=78.56966 Dec=19.94921 ResRA=-2.82639 ResDec=-1.96116
[Residuals Debug] MJD=60943.56309 Obs RA=78.56994 Dec=19.94883 Comp RA=78.57084 Dec=19.94935 ResRA=-3.03759 ResDec=-1.87181
[Residuals Debug] MJD=60944.06938 Obs RA=78.67961 Dec=19.96182 Comp RA=78.68008 Dec=19.96274 ResRA=-1.60571 ResDec=-3.30782
[Residuals Debug] MJD=60944.08353 Obs RA=78.68257 Dec=19.96223 Comp RA=78.68311 Dec=19.96311 ResRA=-1.83460 ResDec=-3.16837
[Residuals Debug] MJD=60944.09768 Obs RA=78.68554 Dec=19.96263 Comp RA=78.68614 Dec=19.96348 ResRA=-2.03699 ResDec=-3.06934
[Residuals Debug] MJD=60944.11183 Obs RA=78.68849 Dec=19.96304 Comp RA=78.68917 Dec=19.96386 ResRA=-2.30288 ResDec=-2.93961
[Residuals Debug] MJD=60947.54990 Obs RA=79.38626 Dec=20.05121 Comp RA=79.38836 Dec=20.05180 ResRA=-7.10088 ResDec=-2.11547
[Residuals Debug] MJD=60947.55171 Obs RA=79.38659 Dec=20.05126 Comp RA=79.38871 Dec=20.05184 ResRA=-7.15716 ResDec=-2.09844
[Residuals Debug] MJD=60947.55581 Obs RA=79.38737 Dec=20.05136 Comp RA=79.38950 Dec=20.05195 ResRA=-7.19106 ResDec=-2.10597
[Residuals Debug] MJD=60947.56170 Obs RA=79.38847 Dec=20.05151 Comp RA=79.39063 Dec=20.05209 ResRA=-7.30192 ResDec=-2.09356
[Residuals Debug] MJD=60948.55840 Obs RA=79.57671 Dec=20.07612 Comp RA=79.57921 Dec=20.07673 ResRA=-8.44670 ResDec=-2.20264
[Residuals Debug] MJD=60948.56021 Obs RA=79.57706 Dec=20.07616 Comp RA=79.57954 Dec=20.07678 ResRA=-8.40060 ResDec=-2.21250
[Residuals Debug] MJD=60948.56340 Obs RA=79.57761 Dec=20.07625 Comp RA=79.58014 Dec=20.07685 ResRA=-8.54758 ResDec=-2.17456
[Residuals Debug] MJD=60948.56884 Obs RA=79.57859 Dec=20.07640 Comp RA=79.58115 Dec=20.07699 ResRA=-8.64330 ResDec=-2.11542
[Residuals Debug] MJD=60949.54928 Obs RA=79.75750 Dec=20.10028 Comp RA=79.76021 Dec=20.10089 ResRA=-9.17221 ResDec=-2.20295
[Residuals Debug] MJD=60949.55109 Obs RA=79.75781 Dec=20.10033 Comp RA=79.76054 Dec=20.10094 ResRA=-9.22561 ResDec=-2.18054
[Residuals Debug] MJD=60949.55438 Obs RA=79.75837 Dec=20.10040 Comp RA=79.76113 Dec=20.10102 ResRA=-9.31824 ResDec=-2.21735
[Residuals Debug] MJD=60949.56036 Obs RA=79.75939 Dec=20.10059 Comp RA=79.76220 Dec=20.10116 ResRA=-9.49245 ResDec=-2.05879
[Residuals Debug] MJD=60952.40510 Obs RA=80.24138 Dec=20.16805 Comp RA=80.24476 Dec=20.16889 ResRA=-11.43063 ResDec=-3.04093
[Residuals Debug] MJD=60952.41028 Obs RA=80.24215 Dec=20.16817 Comp RA=80.24559 Dec=20.16902 ResRA=-11.59499 ResDec=-3.04800
[Residuals Debug] MJD=60952.41546 Obs RA=80.24295 Dec=20.16830 Comp RA=80.24641 Dec=20.16914 ResRA=-11.70132 ResDec=-3.01487
[Residuals Debug] MJD=60952.42063 Obs RA=80.24375 Dec=20.16841 Comp RA=80.24724 Dec=20.16926 ResRA=-11.80053 ResDec=-3.05071
[Residuals Debug] MJD=60952.47988 Obs RA=80.25374 Dec=20.16999 Comp RA=80.25669 Dec=20.17065 ResRA=-9.95663 ResDec=-2.36745
[Residuals Debug] MJD=60952.48170 Obs RA=80.25399 Dec=20.17003 Comp RA=80.25698 Dec=20.17069 ResRA=-10.08648 ResDec=-2.37011
[Residuals Debug] MJD=60952.48582 Obs RA=80.25468 Dec=20.17013 Comp RA=80.25763 Dec=20.17079 ResRA=-9.98353 ResDec=-2.35791
[Residuals Debug] MJD=60952.50948 Obs RA=80.25720 Dec=20.17055 Comp RA=80.26140 Dec=20.17134 ResRA=-14.19012 ResDec=-2.84220
[Residuals Debug] MJD=60952.51081 Obs RA=80.25846 Dec=20.17079 Comp RA=80.26161 Dec=20.17137 ResRA=-10.64902 ResDec=-2.09369
[Residuals Debug] MJD=60952.51391 Obs RA=80.25785 Dec=20.17067 Comp RA=80.26210 Dec=20.17144 ResRA=-14.38699 ResDec=-2.78526
[Residuals Debug] MJD=60952.51830 Obs RA=80.25850 Dec=20.17075 Comp RA=80.26280 Dec=20.17155 ResRA=-14.51967 ResDec=-2.86494
[Residuals Debug] MJD=60952.52268 Obs RA=80.25917 Dec=20.17086 Comp RA=80.26350 Dec=20.17165 ResRA=-14.63459 ResDec=-2.83409
[Residuals Debug] MJD=60953.53470 Obs RA=80.41727 Dec=20.19472 Comp RA=80.42075 Dec=20.19522 ResRA=-11.75553 ResDec=-1.79570
[Residuals Debug] MJD=60953.53698 Obs RA=80.41760 Dec=20.19478 Comp RA=80.42110 Dec=20.19527 ResRA=-11.81049 ResDec=-1.76561
[Residuals Debug] MJD=60953.54015 Obs RA=80.41802 Dec=20.19485 Comp RA=80.42158 Dec=20.19534 ResRA=-12.01344 ResDec=-1.78002
[Residuals Debug] MJD=60953.54562 Obs RA=80.41881 Dec=20.19497 Comp RA=80.42241 Dec=20.19547 ResRA=-12.15622 ResDec=-1.80633
Iter  1: RMS = 4.477 arcsec, ||Δx|| = 2.06e-02 AU, Outliers(100.0σ) = 0
[Residuals Debug] MJD=60918.44279 Obs RA=71.50712 Dec=19.07021 Comp RA=71.50642 Dec=19.07069 ResRA=2.35391 ResDec=-1.72223
[Residuals Debug] MJD=60918.44791 Obs RA=71.50883 Dec=19.07044 Comp RA=71.50814 Dec=19.07092 ResRA=2.34008 ResDec=-1.74312
[Residuals Debug] MJD=60918.45303 Obs RA=71.51046 Dec=19.07069 Comp RA=71.50985 Dec=19.07116 ResRA=2.06114 ResDec=-1.68538
[Residuals Debug] MJD=60919.58286 Obs RA=71.88621 Dec=19.12187 Comp RA=71.88573 Dec=19.12209 ResRA=1.61434 ResDec=-0.78346
[Residuals Debug] MJD=60919.58830 Obs RA=71.88797 Dec=19.12214 Comp RA=71.88753 Dec=19.12233 ResRA=1.49648 ResDec=-0.68429
[Residuals Debug] MJD=60919.59799 Obs RA=71.89112 Dec=19.12257 Comp RA=71.89073 Dec=19.12276 ResRA=1.31442 ResDec=-0.68647
[Residuals Debug] MJD=60919.60409 Obs RA=71.89310 Dec=19.12284 Comp RA=71.89275 Dec=19.12303 ResRA=1.18338 ResDec=-0.69399
[Residuals Debug] MJD=60921.12666 Obs RA=72.39232 Dec=19.18917 Comp RA=72.39188 Dec=19.18962 ResRA=1.48430 ResDec=-1.63460
[Residuals Debug] MJD=60921.14105 Obs RA=72.39692 Dec=19.18983 Comp RA=72.39656 Dec=19.19024 ResRA=1.23276 ResDec=-1.48009
[Residuals Debug] MJD=60921.15523 Obs RA=72.40145 Dec=19.19046 Comp RA=72.40117 Dec=19.19085 ResRA=0.96506 ResDec=-1.40377
[Residuals Debug] MJD=60921.16943 Obs RA=72.40601 Dec=19.19110 Comp RA=72.40578 Dec=19.19146 ResRA=0.77477 ResDec=-1.30015
[Residuals Debug] MJD=60922.49478 Obs RA=72.83331 Dec=19.24722 Comp RA=72.83301 Dec=19.24754 ResRA=0.99753 ResDec=-1.15151
[Residuals Debug] MJD=60922.49704 Obs RA=72.83402 Dec=19.24732 Comp RA=72.83374 Dec=19.24763 ResRA=0.95704 ResDec=-1.13137
[Residuals Debug] MJD=60922.49931 Obs RA=72.83479 Dec=19.24745 Comp RA=72.83446 Dec=19.24773 ResRA=1.11489 ResDec=-1.00120
[Residuals Debug] MJD=60922.52505 Obs RA=72.84286 Dec=19.24857 Comp RA=72.84270 Dec=19.24880 ResRA=0.55275 ResDec=-0.83255
[Residuals Debug] MJD=60923.57713 Obs RA=73.17667 Dec=19.29198 Comp RA=73.17692 Dec=19.29210 ResRA=-0.84779 ResDec=-0.43986
[Residuals Debug] MJD=60923.58337 Obs RA=73.17860 Dec=19.29227 Comp RA=73.17888 Dec=19.29236 ResRA=-0.96599 ResDec=-0.31279
[Residuals Debug] MJD=60923.58655 Obs RA=73.17957 Dec=19.29239 Comp RA=73.17989 Dec=19.29249 ResRA=-1.08258 ResDec=-0.34901
[Residuals Debug] MJD=60923.59081 Obs RA=73.18090 Dec=19.29256 Comp RA=73.18123 Dec=19.29266 ResRA=-1.13628 ResDec=-0.36284
[Residuals Debug] MJD=60923.59597 Obs RA=73.18250 Dec=19.29280 Comp RA=73.18286 Dec=19.29287 ResRA=-1.22909 ResDec=-0.24758
[Residuals Debug] MJD=60923.60279 Obs RA=73.18443 Dec=19.29314 Comp RA=73.18501 Dec=19.29315 ResRA=-2.00119 ResDec=-0.01572
[Residuals Debug] MJD=60923.60449 Obs RA=73.18514 Dec=19.29298 Comp RA=73.18555 Dec=19.29321 ResRA=-1.39524 ResDec=-0.86343
[Residuals Debug] MJD=60923.60788 Obs RA=73.18618 Dec=19.29328 Comp RA=73.18662 Dec=19.29335 ResRA=-1.51167 ResDec=-0.27045
[Residuals Debug] MJD=60923.61296 Obs RA=73.18775 Dec=19.29349 Comp RA=73.18822 Dec=19.29356 ResRA=-1.58940 ResDec=-0.24334
[Residuals Debug] MJD=60923.61635 Obs RA=73.18879 Dec=19.29364 Comp RA=73.18929 Dec=19.29370 ResRA=-1.70116 ResDec=-0.20968
[Residuals Debug] MJD=60923.61804 Obs RA=73.18910 Dec=19.29387 Comp RA=73.18983 Dec=19.29377 ResRA=-2.44974 ResDec=0.39326
[Residuals Debug] MJD=60923.61824 Obs RA=73.18936 Dec=19.29371 Comp RA=73.18989 Dec=19.29377 ResRA=-1.79514 ResDec=-0.22526
[Residuals Debug] MJD=60924.59552 Obs RA=73.49579 Dec=19.33303 Comp RA=73.49628 Dec=19.33304 ResRA=-1.65974 ResDec=-0.04648
[Residuals Debug] MJD=60924.60727 Obs RA=73.49933 Dec=19.33348 Comp RA=73.49994 Dec=19.33351 ResRA=-2.07767 ResDec=-0.10714
[Residuals Debug] MJD=60924.61077 Obs RA=73.50044 Dec=19.33362 Comp RA=73.50103 Dec=19.33365 ResRA=-1.99685 ResDec=-0.10696
[Residuals Debug] MJD=60924.61795 Obs RA=73.50261 Dec=19.33394 Comp RA=73.50327 Dec=19.33393 ResRA=-2.23070 ResDec=0.01678
[Residuals Debug] MJD=60925.58166 Obs RA=73.80106 Dec=19.37180 Comp RA=73.80154 Dec=19.37179 ResRA=-1.65269 ResDec=0.02390
[Residuals Debug] MJD=60925.58440 Obs RA=73.80189 Dec=19.37191 Comp RA=73.80239 Dec=19.37190 ResRA=-1.67698 ResDec=0.04162
[Residuals Debug] MJD=60925.59039 Obs RA=73.80369 Dec=19.37217 Comp RA=73.80423 Dec=19.37213 ResRA=-1.82696 ResDec=0.13288
[Residuals Debug] MJD=60925.61387 Obs RA=73.81074 Dec=19.37308 Comp RA=73.81145 Dec=19.37304 ResRA=-2.39675 ResDec=0.13064
[Residuals Debug] MJD=60928.60149 Obs RA=74.71040 Dec=19.48539 Comp RA=74.71104 Dec=19.48519 ResRA=-2.16452 ResDec=0.72227
[Residuals Debug] MJD=60928.60639 Obs RA=74.71182 Dec=19.48559 Comp RA=74.71248 Dec=19.48537 ResRA=-2.23751 ResDec=0.80303
[Residuals Debug] MJD=60928.62135 Obs RA=74.71612 Dec=19.48614 Comp RA=74.71689 Dec=19.48591 ResRA=-2.60499 ResDec=0.82947
[Residuals Debug] MJD=60928.63628 Obs RA=74.72039 Dec=19.48668 Comp RA=74.72129 Dec=19.48645 ResRA=-3.03212 ResDec=0.83126
[Residuals Debug] MJD=60929.54317 Obs RA=74.98636 Dec=19.51919 Comp RA=74.98655 Dec=19.51899 ResRA=-0.66054 ResDec=0.72365
[Residuals Debug] MJD=60929.54589 Obs RA=74.98713 Dec=19.51925 Comp RA=74.98734 Dec=19.51908 ResRA=-0.72091 ResDec=0.59656
[Residuals Debug] MJD=60929.55583 Obs RA=74.98996 Dec=19.51964 Comp RA=74.99023 Dec=19.51944 ResRA=-0.91906 ResDec=0.72576
[Residuals Debug] MJD=60929.57235 Obs RA=74.99465 Dec=19.52026 Comp RA=74.99503 Dec=19.52002 ResRA=-1.27289 ResDec=0.85529
[Residuals Debug] MJD=60934.61631 Obs RA=76.40010 Dec=19.68982 Comp RA=76.40015 Dec=19.68931 ResRA=-0.18529 ResDec=1.82052
[Residuals Debug] MJD=60934.62021 Obs RA=76.40113 Dec=19.68995 Comp RA=76.40119 Dec=19.68944 ResRA=-0.22168 ResDec=1.84454
[Residuals Debug] MJD=60934.62683 Obs RA=76.40282 Dec=19.69017 Comp RA=76.40296 Dec=19.68965 ResRA=-0.46140 ResDec=1.87873
[Residuals Debug] MJD=60934.63380 Obs RA=76.40463 Dec=19.69038 Comp RA=76.40481 Dec=19.68987 ResRA=-0.62626 ResDec=1.84237
[Residuals Debug] MJD=60935.56971 Obs RA=76.65223 Dec=19.71969 Comp RA=76.65183 Dec=19.71926 ResRA=1.35750 ResDec=1.54382
[Residuals Debug] MJD=60935.57333 Obs RA=76.65315 Dec=19.71982 Comp RA=76.65278 Dec=19.71937 ResRA=1.26509 ResDec=1.60812
[Residuals Debug] MJD=60935.57985 Obs RA=76.65479 Dec=19.72003 Comp RA=76.65448 Dec=19.71958 ResRA=1.05366 ResDec=1.63893
[Residuals Debug] MJD=60935.59105 Obs RA=76.65766 Dec=19.72038 Comp RA=76.65741 Dec=19.71992 ResRA=0.84232 ResDec=1.64558
[Residuals Debug] MJD=60937.57526 Obs RA=77.16641 Dec=19.78074 Comp RA=77.16596 Dec=19.78031 ResRA=1.50191 ResDec=1.54391
[Residuals Debug] MJD=60937.57752 Obs RA=77.16697 Dec=19.78078 Comp RA=77.16653 Dec=19.78038 ResRA=1.48261 ResDec=1.45108
[Residuals Debug] MJD=60937.58257 Obs RA=77.16817 Dec=19.78092 Comp RA=77.16780 Dec=19.78053 ResRA=1.25527 ResDec=1.40956
[Residuals Debug] MJD=60937.58847 Obs RA=77.16962 Dec=19.78113 Comp RA=77.16928 Dec=19.78070 ResRA=1.14569 ResDec=1.53604
[Residuals Debug] MJD=60937.63914 Obs RA=77.18195 Dec=19.78270 Comp RA=77.18200 Dec=19.78221 ResRA=-0.15348 ResDec=1.75293
[Residuals Debug] MJD=60940.56169 Obs RA=77.89202 Dec=19.86701 Comp RA=77.89157 Dec=19.86669 ResRA=1.52901 ResDec=1.14044
[Residuals Debug] MJD=60940.56461 Obs RA=77.89267 Dec=19.86711 Comp RA=77.89225 Dec=19.86678 ResRA=1.40808 ResDec=1.20506
[Residuals Debug] MJD=60940.57272 Obs RA=77.89452 Dec=19.86735 Comp RA=77.89416 Dec=19.86700 ResRA=1.22405 ResDec=1.24471
[Residuals Debug] MJD=60940.58563 Obs RA=77.89744 Dec=19.86771 Comp RA=77.89719 Dec=19.86737 ResRA=0.86045 ResDec=1.24017
[Residuals Debug] MJD=60941.57254 Obs RA=78.12617 Dec=19.89509 Comp RA=78.12589 Dec=19.89481 ResRA=0.96574 ResDec=1.01107
[Residuals Debug] MJD=60941.57527 Obs RA=78.12676 Dec=19.89515 Comp RA=78.12651 Dec=19.89488 ResRA=0.83998 ResDec=0.96044
[Residuals Debug] MJD=60941.58039 Obs RA=78.12789 Dec=19.89532 Comp RA=78.12768 Dec=19.89502 ResRA=0.70507 ResDec=1.06214
[Residuals Debug] MJD=60941.59138 Obs RA=78.13030 Dec=19.89563 Comp RA=78.13020 Dec=19.89533 ResRA=0.34863 ResDec=1.09303
[Residuals Debug] MJD=60943.55220 Obs RA=78.56767 Dec=19.94854 Comp RA=78.56756 Dec=19.94837 ResRA=0.36700 ResDec=0.62322
[Residuals Debug] MJD=60943.55402 Obs RA=78.56806 Dec=19.94856 Comp RA=78.56796 Dec=19.94841 ResRA=0.34112 ResDec=0.52918
[Residuals Debug] MJD=60943.55765 Obs RA=78.56882 Dec=19.94866 Comp RA=78.56875 Dec=19.94851 ResRA=0.25242 ResDec=0.54179
[Residuals Debug] MJD=60943.56309 Obs RA=78.56994 Dec=19.94883 Comp RA=78.56993 Dec=19.94866 ResRA=0.04342 ResDec=0.63090
[Residuals Debug] MJD=60944.06938 Obs RA=78.67961 Dec=19.96182 Comp RA=78.67911 Dec=19.96205 ResRA=1.69046 ResDec=-0.82909
[Residuals Debug] MJD=60944.08353 Obs RA=78.68257 Dec=19.96223 Comp RA=78.68214 Dec=19.96242 ResRA=1.46788 ResDec=-0.69034
[Residuals Debug] MJD=60944.09768 Obs RA=78.68554 Dec=19.96263 Comp RA=78.68517 Dec=19.96280 ResRA=1.27181 ResDec=-0.59203
[Residuals Debug] MJD=60944.11183 Obs RA=78.68849 Dec=19.96304 Comp RA=78.68819 Dec=19.96317 ResRA=1.01226 ResDec=-0.46302
[Residuals Debug] MJD=60947.54990 Obs RA=79.38626 Dec=20.05121 Comp RA=79.38676 Dec=20.05118 ResRA=-1.69012 ResDec=0.11691
[Residuals Debug] MJD=60947.55171 Obs RA=79.38659 Dec=20.05126 Comp RA=79.38711 Dec=20.05122 ResRA=-1.74496 ResDec=0.13377
[Residuals Debug] MJD=60947.55581 Obs RA=79.38737 Dec=20.05136 Comp RA=79.38790 Dec=20.05133 ResRA=-1.77562 ResDec=0.12586
[Residuals Debug] MJD=60947.56170 Obs RA=79.38847 Dec=20.05151 Comp RA=79.38903 Dec=20.05147 ResRA=-1.88182 ResDec=0.13772
[Residuals Debug] MJD=60948.55840 Obs RA=79.57671 Dec=20.07612 Comp RA=79.57735 Dec=20.07614 ResRA=-2.17778 ResDec=-0.07073
[Residuals Debug] MJD=60948.56021 Obs RA=79.57706 Dec=20.07616 Comp RA=79.57769 Dec=20.07618 ResRA=-2.13002 ResDec=-0.08078
[Residuals Debug] MJD=60948.56340 Obs RA=79.57761 Dec=20.07625 Comp RA=79.57828 Dec=20.07626 ResRA=-2.27409 ResDec=-0.04319
[Residuals Debug] MJD=60948.56884 Obs RA=79.57859 Dec=20.07640 Comp RA=79.57929 Dec=20.07640 ResRA=-2.36483 ResDec=0.01537
[Residuals Debug] MJD=60949.54928 Obs RA=79.75750 Dec=20.10028 Comp RA=79.75807 Dec=20.10033 ResRA=-1.93307 ResDec=-0.18380
[Residuals Debug] MJD=60949.55109 Obs RA=79.75781 Dec=20.10033 Comp RA=79.75840 Dec=20.10038 ResRA=-1.98458 ResDec=-0.16160
[Residuals Debug] MJD=60949.55438 Obs RA=79.75837 Dec=20.10040 Comp RA=79.75898 Dec=20.10046 ResRA=-2.07377 ResDec=-0.19881
[Residuals Debug] MJD=60949.56036 Obs RA=79.75939 Dec=20.10059 Comp RA=79.76005 Dec=20.10060 ResRA=-2.24172 ResDec=-0.04098
[Residuals Debug] MJD=60952.40510 Obs RA=80.24138 Dec=20.16805 Comp RA=80.24155 Dec=20.16845 ResRA=-0.58429 ResDec=-1.43162
[Residuals Debug] MJD=60952.41028 Obs RA=80.24215 Dec=20.16817 Comp RA=80.24237 Dec=20.16857 ResRA=-0.74090 ResDec=-1.43956
[Residuals Debug] MJD=60952.41546 Obs RA=80.24295 Dec=20.16830 Comp RA=80.24320 Dec=20.16869 ResRA=-0.83946 ResDec=-1.40730
[Residuals Debug] MJD=60952.42063 Obs RA=80.24375 Dec=20.16841 Comp RA=80.24402 Dec=20.16881 ResRA=-0.93093 ResDec=-1.44400
[Residuals Debug] MJD=60952.47988 Obs RA=80.25374 Dec=20.16999 Comp RA=80.25345 Dec=20.17020 ResRA=1.00214 ResDec=-0.77069
[Residuals Debug] MJD=60952.48170 Obs RA=80.25399 Dec=20.17003 Comp RA=80.25373 Dec=20.17025 ResRA=0.87503 ResDec=-0.77365
[Residuals Debug] MJD=60952.48582 Obs RA=80.25468 Dec=20.17013 Comp RA=80.25439 Dec=20.17034 ResRA=0.98422 ResDec=-0.76215
[Residuals Debug] MJD=60952.50948 Obs RA=80.25720 Dec=20.17055 Comp RA=80.25814 Dec=20.17090 ResRA=-3.18656 ResDec=-1.25043
[Residuals Debug] MJD=60952.51081 Obs RA=80.25846 Dec=20.17079 Comp RA=80.25835 Dec=20.17093 ResRA=0.35653 ResDec=-0.50214
[Residuals Debug] MJD=60952.51391 Obs RA=80.25785 Dec=20.17067 Comp RA=80.25885 Dec=20.17100 ResRA=-3.37672 ResDec=-1.19424
[Residuals Debug] MJD=60952.51830 Obs RA=80.25850 Dec=20.17075 Comp RA=80.25954 Dec=20.17110 ResRA=-3.50275 ResDec=-1.27466
[Residuals Debug] MJD=60952.52268 Obs RA=80.25917 Dec=20.17086 Comp RA=80.26024 Dec=20.17121 ResRA=-3.61101 ResDec=-1.24456
[Residuals Debug] MJD=60953.53470 Obs RA=80.41727 Dec=20.19472 Comp RA=80.41701 Dec=20.19483 ResRA=0.89763 ResDec=-0.38645
[Residuals Debug] MJD=60953.53698 Obs RA=80.41760 Dec=20.19478 Comp RA=80.41735 Dec=20.19488 ResRA=0.84656 ResDec=-0.35679
[Residuals Debug] MJD=60953.54015 Obs RA=80.41802 Dec=20.19485 Comp RA=80.41783 Dec=20.19495 ResRA=0.64902 ResDec=-0.37180
[Residuals Debug] MJD=60953.54562 Obs RA=80.41881 Dec=20.19497 Comp RA=80.41866 Dec=20.19508 ResRA=0.51556 ResDec=-0.39913
Iter  2: RMS = 1.324 arcsec, ||Δx|| = 7.92e-04 AU, Outliers(100.0σ) = 0
[Residuals Debug] MJD=60918.44279 Obs RA=71.50712 Dec=19.07021 Comp RA=71.50633 Dec=19.07069 ResRA=2.67600 ResDec=-1.72340
[Residuals Debug] MJD=60918.44791 Obs RA=71.50883 Dec=19.07044 Comp RA=71.50804 Dec=19.07092 ResRA=2.66209 ResDec=-1.74429
[Residuals Debug] MJD=60918.45303 Obs RA=71.51046 Dec=19.07069 Comp RA=71.50976 Dec=19.07116 ResRA=2.38306 ResDec=-1.68655
[Residuals Debug] MJD=60919.58286 Obs RA=71.88621 Dec=19.12187 Comp RA=71.88564 Dec=19.12209 ResRA=1.91885 ResDec=-0.78425
[Residuals Debug] MJD=60919.58830 Obs RA=71.88797 Dec=19.12214 Comp RA=71.88744 Dec=19.12233 ResRA=1.80091 ResDec=-0.68508
[Residuals Debug] MJD=60919.59799 Obs RA=71.89112 Dec=19.12257 Comp RA=71.89064 Dec=19.12276 ResRA=1.61871 ResDec=-0.68725
[Residuals Debug] MJD=60919.60409 Obs RA=71.89310 Dec=19.12284 Comp RA=71.89266 Dec=19.12303 ResRA=1.48758 ResDec=-0.69478
[Residuals Debug] MJD=60921.12666 Obs RA=72.39232 Dec=19.18917 Comp RA=72.39180 Dec=19.18962 ResRA=1.76571 ResDec=-1.63479
[Residuals Debug] MJD=60921.14105 Obs RA=72.39692 Dec=19.18983 Comp RA=72.39648 Dec=19.19024 ResRA=1.51396 ResDec=-1.48027
[Residuals Debug] MJD=60921.15523 Obs RA=72.40145 Dec=19.19046 Comp RA=72.40108 Dec=19.19085 ResRA=1.24605 ResDec=-1.40395
[Residuals Debug] MJD=60921.16943 Obs RA=72.40601 Dec=19.19110 Comp RA=72.40570 Dec=19.19146 ResRA=1.05555 ResDec=-1.30032
[Residuals Debug] MJD=60922.49478 Obs RA=72.83331 Dec=19.24722 Comp RA=72.83294 Dec=19.24754 ResRA=1.25932 ResDec=-1.15109
[Residuals Debug] MJD=60922.49704 Obs RA=72.83402 Dec=19.24732 Comp RA=72.83366 Dec=19.24763 ResRA=1.21880 ResDec=-1.13094
[Residuals Debug] MJD=60922.49931 Obs RA=72.83479 Dec=19.24745 Comp RA=72.83439 Dec=19.24773 ResRA=1.37661 ResDec=-1.00077
[Residuals Debug] MJD=60922.52505 Obs RA=72.84286 Dec=19.24857 Comp RA=72.84262 Dec=19.24880 ResRA=0.81411 ResDec=-0.83211
[Residuals Debug] MJD=60923.57713 Obs RA=73.17667 Dec=19.29198 Comp RA=73.17684 Dec=19.29210 ResRA=-0.60082 ResDec=-0.43890
[Residuals Debug] MJD=60923.58337 Obs RA=73.17860 Dec=19.29227 Comp RA=73.17881 Dec=19.29236 ResRA=-0.71911 ResDec=-0.31183
[Residuals Debug] MJD=60923.58655 Obs RA=73.17957 Dec=19.29239 Comp RA=73.17982 Dec=19.29249 ResRA=-0.83574 ResDec=-0.34805
[Residuals Debug] MJD=60923.59081 Obs RA=73.18090 Dec=19.29256 Comp RA=73.18116 Dec=19.29266 ResRA=-0.88950 ResDec=-0.36187
[Residuals Debug] MJD=60923.59597 Obs RA=73.18250 Dec=19.29280 Comp RA=73.18279 Dec=19.29287 ResRA=-0.98237 ResDec=-0.24661
[Residuals Debug] MJD=60923.60279 Obs RA=73.18443 Dec=19.29314 Comp RA=73.18494 Dec=19.29315 ResRA=-1.75457 ResDec=-0.01475
[Residuals Debug] MJD=60923.60449 Obs RA=73.18514 Dec=19.29298 Comp RA=73.18548 Dec=19.29321 ResRA=-1.14864 ResDec=-0.86247
[Residuals Debug] MJD=60923.60788 Obs RA=73.18618 Dec=19.29328 Comp RA=73.18655 Dec=19.29335 ResRA=-1.26511 ResDec=-0.26948
[Residuals Debug] MJD=60923.61296 Obs RA=73.18775 Dec=19.29349 Comp RA=73.18815 Dec=19.29356 ResRA=-1.34291 ResDec=-0.24237
[Residuals Debug] MJD=60923.61635 Obs RA=73.18879 Dec=19.29364 Comp RA=73.18922 Dec=19.29370 ResRA=-1.45472 ResDec=-0.20871
[Residuals Debug] MJD=60923.61804 Obs RA=73.18910 Dec=19.29387 Comp RA=73.18975 Dec=19.29377 ResRA=-2.20332 ResDec=0.39424
[Residuals Debug] MJD=60923.61824 Obs RA=73.18936 Dec=19.29371 Comp RA=73.18981 Dec=19.29377 ResRA=-1.54872 ResDec=-0.22428
[Residuals Debug] MJD=60924.59552 Obs RA=73.49579 Dec=19.33303 Comp RA=73.49621 Dec=19.33304 ResRA=-1.42603 ResDec=-0.04500
[Residuals Debug] MJD=60924.60727 Obs RA=73.49933 Dec=19.33348 Comp RA=73.49987 Dec=19.33351 ResRA=-1.84411 ResDec=-0.10566
[Residuals Debug] MJD=60924.61077 Obs RA=73.50044 Dec=19.33362 Comp RA=73.50096 Dec=19.33365 ResRA=-1.76333 ResDec=-0.10548
[Residuals Debug] MJD=60924.61795 Obs RA=73.50261 Dec=19.33394 Comp RA=73.50320 Dec=19.33393 ResRA=-1.99727 ResDec=0.01826
[Residuals Debug] MJD=60925.58166 Obs RA=73.80106 Dec=19.37180 Comp RA=73.80148 Dec=19.37179 ResRA=-1.43108 ResDec=0.02589
[Residuals Debug] MJD=60925.58440 Obs RA=73.80189 Dec=19.37191 Comp RA=73.80232 Dec=19.37190 ResRA=-1.45541 ResDec=0.04362
[Residuals Debug] MJD=60925.59039 Obs RA=73.80369 Dec=19.37217 Comp RA=73.80416 Dec=19.37213 ResRA=-1.60546 ResDec=0.13488
[Residuals Debug] MJD=60925.61387 Obs RA=73.81074 Dec=19.37308 Comp RA=73.81138 Dec=19.37304 ResRA=-2.17553 ResDec=0.13265
[Residuals Debug] MJD=60928.60149 Obs RA=74.71040 Dec=19.48539 Comp RA=74.71098 Dec=19.48519 ResRA=-1.97441 ResDec=0.72589
[Residuals Debug] MJD=60928.60639 Obs RA=74.71182 Dec=19.48559 Comp RA=74.71242 Dec=19.48536 ResRA=-2.04745 ResDec=0.80666
[Residuals Debug] MJD=60928.62135 Obs RA=74.71612 Dec=19.48614 Comp RA=74.71683 Dec=19.48591 ResRA=-2.41506 ResDec=0.83310
[Residuals Debug] MJD=60928.63628 Obs RA=74.72039 Dec=19.48668 Comp RA=74.72123 Dec=19.48645 ResRA=-2.84232 ResDec=0.83490
[Residuals Debug] MJD=60929.54317 Obs RA=74.98636 Dec=19.51919 Comp RA=74.98650 Dec=19.51899 ResRA=-0.47815 ResDec=0.72776
[Residuals Debug] MJD=60929.54589 Obs RA=74.98713 Dec=19.51925 Comp RA=74.98729 Dec=19.51908 ResRA=-0.53854 ResDec=0.60068
[Residuals Debug] MJD=60929.55583 Obs RA=74.98996 Dec=19.51964 Comp RA=74.99018 Dec=19.51944 ResRA=-0.73677 ResDec=0.72988
[Residuals Debug] MJD=60929.57235 Obs RA=74.99465 Dec=19.52026 Comp RA=74.99497 Dec=19.52002 ResRA=-1.09072 ResDec=0.85941
[Residuals Debug] MJD=60934.61631 Obs RA=76.40010 Dec=19.68982 Comp RA=76.40011 Dec=19.68931 ResRA=-0.02061 ResDec=1.82667
[Residuals Debug] MJD=60934.62021 Obs RA=76.40113 Dec=19.68995 Comp RA=76.40115 Dec=19.68944 ResRA=-0.05700 ResDec=1.85069
[Residuals Debug] MJD=60934.62683 Obs RA=76.40282 Dec=19.69017 Comp RA=76.40291 Dec=19.68965 ResRA=-0.29671 ResDec=1.88488
[Residuals Debug] MJD=60934.63380 Obs RA=76.40463 Dec=19.69038 Comp RA=76.40477 Dec=19.68987 ResRA=-0.46156 ResDec=1.84852
[Residuals Debug] MJD=60935.56971 Obs RA=76.65223 Dec=19.71969 Comp RA=76.65178 Dec=19.71926 ResRA=1.52449 ResDec=1.55016
[Residuals Debug] MJD=60935.57333 Obs RA=76.65315 Dec=19.71982 Comp RA=76.65273 Dec=19.71937 ResRA=1.43210 ResDec=1.61446
[Residuals Debug] MJD=60935.57985 Obs RA=76.65479 Dec=19.72003 Comp RA=76.65443 Dec=19.71957 ResRA=1.22069 ResDec=1.64527
[Residuals Debug] MJD=60935.59105 Obs RA=76.65766 Dec=19.72038 Comp RA=76.65736 Dec=19.71992 ResRA=1.00939 ResDec=1.65192
[Residuals Debug] MJD=60937.57526 Obs RA=77.16641 Dec=19.78074 Comp RA=77.16591 Dec=19.78031 ResRA=1.68116 ResDec=1.55033
[Residuals Debug] MJD=60937.57752 Obs RA=77.16697 Dec=19.78078 Comp RA=77.16648 Dec=19.78038 ResRA=1.66188 ResDec=1.45750
[Residuals Debug] MJD=60937.58257 Obs RA=77.16817 Dec=19.78092 Comp RA=77.16775 Dec=19.78053 ResRA=1.43459 ResDec=1.41598
[Residuals Debug] MJD=60937.58847 Obs RA=77.16962 Dec=19.78113 Comp RA=77.16923 Dec=19.78070 ResRA=1.32507 ResDec=1.54247
[Residuals Debug] MJD=60937.63914 Obs RA=77.18195 Dec=19.78270 Comp RA=77.18194 Dec=19.78221 ResRA=0.02634 ResDec=1.75935
[Residuals Debug] MJD=60940.56169 Obs RA=77.89202 Dec=19.86701 Comp RA=77.89150 Dec=19.86669 ResRA=1.74850 ResDec=1.14595
[Residuals Debug] MJD=60940.56461 Obs RA=77.89267 Dec=19.86711 Comp RA=77.89219 Dec=19.86677 ResRA=1.62763 ResDec=1.21057
[Residuals Debug] MJD=60940.57272 Obs RA=77.89452 Dec=19.86735 Comp RA=77.89409 Dec=19.86700 ResRA=1.44375 ResDec=1.25022
[Residuals Debug] MJD=60940.58563 Obs RA=77.89744 Dec=19.86771 Comp RA=77.89712 Dec=19.86737 ResRA=1.08039 ResDec=1.24566
[Residuals Debug] MJD=60941.57254 Obs RA=78.12617 Dec=19.89509 Comp RA=78.12581 Dec=19.89481 ResRA=1.20583 ResDec=1.01591
[Residuals Debug] MJD=60941.57527 Obs RA=78.12676 Dec=19.89515 Comp RA=78.12644 Dec=19.89488 ResRA=1.08014 ResDec=0.96528
[Residuals Debug] MJD=60941.58039 Obs RA=78.12789 Dec=19.89532 Comp RA=78.12761 Dec=19.89502 ResRA=0.94533 ResDec=1.06698
[Residuals Debug] MJD=60941.59138 Obs RA=78.13030 Dec=19.89563 Comp RA=78.13013 Dec=19.89533 ResRA=0.58915 ResDec=1.09786
[Residuals Debug] MJD=60943.55220 Obs RA=78.56767 Dec=19.94854 Comp RA=78.56748 Dec=19.94836 ResRA=0.65932 ResDec=0.62612
[Residuals Debug] MJD=60943.55402 Obs RA=78.56806 Dec=19.94856 Comp RA=78.56787 Dec=19.94841 ResRA=0.63350 ResDec=0.53208
[Residuals Debug] MJD=60943.55765 Obs RA=78.56882 Dec=19.94866 Comp RA=78.56866 Dec=19.94851 ResRA=0.54491 ResDec=0.54468
[Residuals Debug] MJD=60943.56309 Obs RA=78.56994 Dec=19.94883 Comp RA=78.56984 Dec=19.94865 ResRA=0.33607 ResDec=0.63378
[Residuals Debug] MJD=60944.06938 Obs RA=78.67961 Dec=19.96182 Comp RA=78.67902 Dec=19.96205 ResRA=1.99925 ResDec=-0.82686
[Residuals Debug] MJD=60944.08353 Obs RA=78.68257 Dec=19.96223 Comp RA=78.68205 Dec=19.96242 ResRA=1.77714 ResDec=-0.68813
[Residuals Debug] MJD=60944.09768 Obs RA=78.68554 Dec=19.96263 Comp RA=78.68507 Dec=19.96279 ResRA=1.58154 ResDec=-0.58984
[Residuals Debug] MJD=60944.11183 Obs RA=78.68849 Dec=19.96304 Comp RA=78.68810 Dec=19.96317 ResRA=1.32246 ResDec=-0.46085
[Residuals Debug] MJD=60947.54990 Obs RA=79.38626 Dec=20.05121 Comp RA=79.38662 Dec=20.05118 ResRA=-1.23546 ResDec=0.11261
[Residuals Debug] MJD=60947.55171 Obs RA=79.38659 Dec=20.05126 Comp RA=79.38697 Dec=20.05123 ResRA=-1.29021 ResDec=0.12946
[Residuals Debug] MJD=60947.55581 Obs RA=79.38737 Dec=20.05136 Comp RA=79.38776 Dec=20.05133 ResRA=-1.32066 ResDec=0.12154
[Residuals Debug] MJD=60947.56170 Obs RA=79.38847 Dec=20.05151 Comp RA=79.38889 Dec=20.05147 ResRA=-1.42656 ResDec=0.13339
[Residuals Debug] MJD=60948.55840 Obs RA=79.57671 Dec=20.07612 Comp RA=79.57720 Dec=20.07614 ResRA=-1.66809 ResDec=-0.07768
[Residuals Debug] MJD=60948.56021 Obs RA=79.57706 Dec=20.07616 Comp RA=79.57754 Dec=20.07619 ResRA=-1.62023 ResDec=-0.08774
[Residuals Debug] MJD=60948.56340 Obs RA=79.57761 Dec=20.07625 Comp RA=79.57813 Dec=20.07626 ResRA=-1.76411 ResDec=-0.05015
[Residuals Debug] MJD=60948.56884 Obs RA=79.57859 Dec=20.07640 Comp RA=79.57914 Dec=20.07640 ResRA=-1.85454 ResDec=0.00839
[Residuals Debug] MJD=60949.54928 Obs RA=79.75750 Dec=20.10028 Comp RA=79.75790 Dec=20.10033 ResRA=-1.36302 ResDec=-0.19374
[Residuals Debug] MJD=60949.55109 Obs RA=79.75781 Dec=20.10033 Comp RA=79.75823 Dec=20.10038 ResRA=-1.41441 ResDec=-0.17155
[Residuals Debug] MJD=60949.55438 Obs RA=79.75837 Dec=20.10040 Comp RA=79.75882 Dec=20.10046 ResRA=-1.50339 ResDec=-0.20877
[Residuals Debug] MJD=60949.56036 Obs RA=79.75939 Dec=20.10059 Comp RA=79.75989 Dec=20.10060 ResRA=-1.67095 ResDec=-0.05096
[Residuals Debug] MJD=60952.40510 Obs RA=80.24138 Dec=20.16805 Comp RA=80.24132 Dec=20.16845 ResRA=0.19836 ResDec=-1.45256
[Residuals Debug] MJD=60952.41028 Obs RA=80.24215 Dec=20.16817 Comp RA=80.24214 Dec=20.16858 ResRA=0.04220 ResDec=-1.46051
[Residuals Debug] MJD=60952.41546 Obs RA=80.24295 Dec=20.16830 Comp RA=80.24297 Dec=20.16870 ResRA=-0.05593 ResDec=-1.42828
[Residuals Debug] MJD=60952.42063 Obs RA=80.24375 Dec=20.16841 Comp RA=80.24379 Dec=20.16882 ResRA=-0.14695 ResDec=-1.46501
[Residuals Debug] MJD=60952.47988 Obs RA=80.25374 Dec=20.16999 Comp RA=80.25321 Dec=20.17021 ResRA=1.79119 ResDec=-0.79196
[Residuals Debug] MJD=60952.48170 Obs RA=80.25399 Dec=20.17003 Comp RA=80.25350 Dec=20.17025 ResRA=1.66424 ResDec=-0.79494
[Residuals Debug] MJD=60952.48582 Obs RA=80.25468 Dec=20.17013 Comp RA=80.25415 Dec=20.17035 ResRA=1.77378 ResDec=-0.78345
[Residuals Debug] MJD=60952.50948 Obs RA=80.25720 Dec=20.17055 Comp RA=80.25791 Dec=20.17090 ResRA=-2.39496 ResDec=-1.27184
[Residuals Debug] MJD=60952.51081 Obs RA=80.25846 Dec=20.17079 Comp RA=80.25812 Dec=20.17093 ResRA=1.14824 ResDec=-0.52356
[Residuals Debug] MJD=60952.51391 Obs RA=80.25785 Dec=20.17067 Comp RA=80.25861 Dec=20.17101 ResRA=-2.58474 ResDec=-1.21567
[Residuals Debug] MJD=60952.51830 Obs RA=80.25850 Dec=20.17075 Comp RA=80.25931 Dec=20.17111 ResRA=-2.71039 ResDec=-1.29611
[Residuals Debug] MJD=60952.52268 Obs RA=80.25917 Dec=20.17086 Comp RA=80.26000 Dec=20.17121 ResRA=-2.81828 ResDec=-1.26603
[Residuals Debug] MJD=60953.53470 Obs RA=80.41727 Dec=20.19472 Comp RA=80.41674 Dec=20.19483 ResRA=1.78189 ResDec=-0.41282
[Residuals Debug] MJD=60953.53698 Obs RA=80.41760 Dec=20.19478 Comp RA=80.41709 Dec=20.19489 ResRA=1.73103 ResDec=-0.38317
[Residuals Debug] MJD=60953.54015 Obs RA=80.41802 Dec=20.19485 Comp RA=80.41757 Dec=20.19496 ResRA=1.53379 ResDec=-0.39820
[Residuals Debug] MJD=60953.54562 Obs RA=80.41881 Dec=20.19497 Comp RA=80.41839 Dec=20.19509 ResRA=1.40085 ResDec=-0.42556
Iter  3: RMS = 1.285 arcsec, ||Δx|| = 4.40e-05 AU, Outliers(100.0σ) = 0
[Residuals Debug] MJD=60918.44279 Obs RA=71.50712 Dec=19.07021 Comp RA=71.50632 Dec=19.07069 ResRA=2.69907 ResDec=-1.72302
[Residuals Debug] MJD=60918.44791 Obs RA=71.50883 Dec=19.07044 Comp RA=71.50804 Dec=19.07092 ResRA=2.68515 ResDec=-1.74390
[Residuals Debug] MJD=60918.45303 Obs RA=71.51046 Dec=19.07069 Comp RA=71.50975 Dec=19.07116 ResRA=2.40612 ResDec=-1.68616
[Residuals Debug] MJD=60919.58286 Obs RA=71.88621 Dec=19.12187 Comp RA=71.88564 Dec=19.12209 ResRA=1.94073 ResDec=-0.78387
[Residuals Debug] MJD=60919.58830 Obs RA=71.88797 Dec=19.12214 Comp RA=71.88743 Dec=19.12233 ResRA=1.82278 ResDec=-0.68470
[Residuals Debug] MJD=60919.59799 Obs RA=71.89112 Dec=19.12257 Comp RA=71.89064 Dec=19.12276 ResRA=1.64057 ResDec=-0.68687
[Residuals Debug] MJD=60919.60409 Obs RA=71.89310 Dec=19.12284 Comp RA=71.89266 Dec=19.12303 ResRA=1.50943 ResDec=-0.69439
[Residuals Debug] MJD=60921.12666 Obs RA=72.39232 Dec=19.18917 Comp RA=72.39180 Dec=19.18962 ResRA=1.78604 ResDec=-1.63440
[Residuals Debug] MJD=60921.14105 Obs RA=72.39692 Dec=19.18983 Comp RA=72.39647 Dec=19.19024 ResRA=1.53427 ResDec=-1.47988
[Residuals Debug] MJD=60921.15523 Obs RA=72.40145 Dec=19.19046 Comp RA=72.40108 Dec=19.19085 ResRA=1.26635 ResDec=-1.40356
[Residuals Debug] MJD=60921.16943 Obs RA=72.40601 Dec=19.19110 Comp RA=72.40569 Dec=19.19146 ResRA=1.07584 ResDec=-1.29993
[Residuals Debug] MJD=60922.49478 Obs RA=72.83331 Dec=19.24722 Comp RA=72.83293 Dec=19.24754 ResRA=1.27835 ResDec=-1.15068
[Residuals Debug] MJD=60922.49704 Obs RA=72.83402 Dec=19.24732 Comp RA=72.83366 Dec=19.24763 ResRA=1.23783 ResDec=-1.13053
[Residuals Debug] MJD=60922.49931 Obs RA=72.83479 Dec=19.24745 Comp RA=72.83438 Dec=19.24773 ResRA=1.39564 ResDec=-1.00037
[Residuals Debug] MJD=60922.52505 Obs RA=72.84286 Dec=19.24857 Comp RA=72.84261 Dec=19.24880 ResRA=0.83312 ResDec=-0.83170
[Residuals Debug] MJD=60923.57713 Obs RA=73.17667 Dec=19.29198 Comp RA=73.17684 Dec=19.29210 ResRA=-0.58275 ResDec=-0.43848
[Residuals Debug] MJD=60923.58337 Obs RA=73.17860 Dec=19.29227 Comp RA=73.17881 Dec=19.29236 ResRA=-0.70104 ResDec=-0.31140
[Residuals Debug] MJD=60923.58655 Obs RA=73.17957 Dec=19.29239 Comp RA=73.17981 Dec=19.29249 ResRA=-0.81767 ResDec=-0.34763
[Residuals Debug] MJD=60923.59081 Obs RA=73.18090 Dec=19.29256 Comp RA=73.18116 Dec=19.29266 ResRA=-0.87144 ResDec=-0.36145
[Residuals Debug] MJD=60923.59597 Obs RA=73.18250 Dec=19.29280 Comp RA=73.18278 Dec=19.29287 ResRA=-0.96432 ResDec=-0.24619
[Residuals Debug] MJD=60923.60279 Obs RA=73.18443 Dec=19.29314 Comp RA=73.18494 Dec=19.29315 ResRA=-1.73652 ResDec=-0.01432
[Residuals Debug] MJD=60923.60449 Obs RA=73.18514 Dec=19.29298 Comp RA=73.18547 Dec=19.29321 ResRA=-1.13059 ResDec=-0.86204
[Residuals Debug] MJD=60923.60788 Obs RA=73.18618 Dec=19.29328 Comp RA=73.18654 Dec=19.29335 ResRA=-1.24707 ResDec=-0.26905
[Residuals Debug] MJD=60923.61296 Obs RA=73.18775 Dec=19.29349 Comp RA=73.18814 Dec=19.29356 ResRA=-1.32487 ResDec=-0.24194
[Residuals Debug] MJD=60923.61635 Obs RA=73.18879 Dec=19.29364 Comp RA=73.18921 Dec=19.29370 ResRA=-1.43668 ResDec=-0.20828
[Residuals Debug] MJD=60923.61804 Obs RA=73.18910 Dec=19.29387 Comp RA=73.18975 Dec=19.29377 ResRA=-2.18528 ResDec=0.39467
[Residuals Debug] MJD=60923.61824 Obs RA=73.18936 Dec=19.29371 Comp RA=73.18981 Dec=19.29377 ResRA=-1.53069 ResDec=-0.22386
[Residuals Debug] MJD=60924.59552 Obs RA=73.49579 Dec=19.33303 Comp RA=73.49621 Dec=19.33304 ResRA=-1.40881 ResDec=-0.04455
[Residuals Debug] MJD=60924.60727 Obs RA=73.49933 Dec=19.33348 Comp RA=73.49987 Dec=19.33351 ResRA=-1.82690 ResDec=-0.10521
[Residuals Debug] MJD=60924.61077 Obs RA=73.50044 Dec=19.33362 Comp RA=73.50096 Dec=19.33365 ResRA=-1.74612 ResDec=-0.10503
[Residuals Debug] MJD=60924.61795 Obs RA=73.50261 Dec=19.33394 Comp RA=73.50319 Dec=19.33393 ResRA=-1.98007 ResDec=0.01871
[Residuals Debug] MJD=60925.58166 Obs RA=73.80106 Dec=19.37180 Comp RA=73.80147 Dec=19.37179 ResRA=-1.41463 ResDec=0.02637
[Residuals Debug] MJD=60925.58440 Obs RA=73.80189 Dec=19.37191 Comp RA=73.80232 Dec=19.37190 ResRA=-1.43895 ResDec=0.04410
[Residuals Debug] MJD=60925.59039 Obs RA=73.80369 Dec=19.37217 Comp RA=73.80416 Dec=19.37213 ResRA=-1.58901 ResDec=0.13536
[Residuals Debug] MJD=60925.61387 Obs RA=73.81074 Dec=19.37308 Comp RA=73.81138 Dec=19.37304 ResRA=-2.15910 ResDec=0.13313
[Residuals Debug] MJD=60928.60149 Obs RA=74.71040 Dec=19.48539 Comp RA=74.71098 Dec=19.48519 ResRA=-1.95990 ResDec=0.72646
[Residuals Debug] MJD=60928.60639 Obs RA=74.71182 Dec=19.48559 Comp RA=74.71242 Dec=19.48536 ResRA=-2.03294 ResDec=0.80723
[Residuals Debug] MJD=60928.62135 Obs RA=74.71612 Dec=19.48614 Comp RA=74.71683 Dec=19.48591 ResRA=-2.40055 ResDec=0.83368
[Residuals Debug] MJD=60928.63628 Obs RA=74.72039 Dec=19.48668 Comp RA=74.72122 Dec=19.48645 ResRA=-2.82782 ResDec=0.83548
[Residuals Debug] MJD=60929.54317 Obs RA=74.98636 Dec=19.51919 Comp RA=74.98650 Dec=19.51899 ResRA=-0.46410 ResDec=0.72837
[Residuals Debug] MJD=60929.54589 Obs RA=74.98713 Dec=19.51925 Comp RA=74.98728 Dec=19.51908 ResRA=-0.52449 ResDec=0.60128
[Residuals Debug] MJD=60929.55583 Obs RA=74.98996 Dec=19.51964 Comp RA=74.99017 Dec=19.51944 ResRA=-0.72273 ResDec=0.73049
[Residuals Debug] MJD=60929.57235 Obs RA=74.99465 Dec=19.52026 Comp RA=74.99497 Dec=19.52002 ResRA=-1.07668 ResDec=0.86002
[Residuals Debug] MJD=60934.61631 Obs RA=76.40010 Dec=19.68982 Comp RA=76.40010 Dec=19.68931 ResRA=-0.00746 ResDec=1.82747
[Residuals Debug] MJD=60934.62021 Obs RA=76.40113 Dec=19.68995 Comp RA=76.40114 Dec=19.68944 ResRA=-0.04386 ResDec=1.85149
[Residuals Debug] MJD=60934.62683 Obs RA=76.40282 Dec=19.69017 Comp RA=76.40290 Dec=19.68965 ResRA=-0.28357 ResDec=1.88568
[Residuals Debug] MJD=60934.63380 Obs RA=76.40463 Dec=19.69038 Comp RA=76.40476 Dec=19.68987 ResRA=-0.44841 ResDec=1.84932
[Residuals Debug] MJD=60935.56971 Obs RA=76.65223 Dec=19.71969 Comp RA=76.65178 Dec=19.71926 ResRA=1.53782 ResDec=1.55099
[Residuals Debug] MJD=60935.57333 Obs RA=76.65315 Dec=19.71982 Comp RA=76.65272 Dec=19.71937 ResRA=1.44543 ResDec=1.61528
[Residuals Debug] MJD=60935.57985 Obs RA=76.65479 Dec=19.72003 Comp RA=76.65443 Dec=19.71957 ResRA=1.23402 ResDec=1.64610
[Residuals Debug] MJD=60935.59105 Obs RA=76.65766 Dec=19.72038 Comp RA=76.65736 Dec=19.71992 ResRA=1.02272 ResDec=1.65275
[Residuals Debug] MJD=60937.57526 Obs RA=77.16641 Dec=19.78074 Comp RA=77.16591 Dec=19.78031 ResRA=1.69535 ResDec=1.55121
[Residuals Debug] MJD=60937.57752 Obs RA=77.16697 Dec=19.78078 Comp RA=77.16648 Dec=19.78038 ResRA=1.67607 ResDec=1.45838
[Residuals Debug] MJD=60937.58257 Obs RA=77.16817 Dec=19.78092 Comp RA=77.16774 Dec=19.78053 ResRA=1.44878 ResDec=1.41686
[Residuals Debug] MJD=60937.58847 Obs RA=77.16962 Dec=19.78113 Comp RA=77.16923 Dec=19.78070 ResRA=1.33926 ResDec=1.54335
[Residuals Debug] MJD=60937.63914 Obs RA=77.18195 Dec=19.78270 Comp RA=77.18194 Dec=19.78221 ResRA=0.04057 ResDec=1.76023
[Residuals Debug] MJD=60940.56169 Obs RA=77.89202 Dec=19.86701 Comp RA=77.89150 Dec=19.86669 ResRA=1.76529 ResDec=1.14687
[Residuals Debug] MJD=60940.56461 Obs RA=77.89267 Dec=19.86711 Comp RA=77.89219 Dec=19.86677 ResRA=1.64443 ResDec=1.21149
[Residuals Debug] MJD=60940.57272 Obs RA=77.89452 Dec=19.86735 Comp RA=77.89409 Dec=19.86700 ResRA=1.46056 ResDec=1.25114
[Residuals Debug] MJD=60940.58563 Obs RA=77.89744 Dec=19.86771 Comp RA=77.89712 Dec=19.86736 ResRA=1.09721 ResDec=1.24658
[Residuals Debug] MJD=60941.57254 Obs RA=78.12617 Dec=19.89509 Comp RA=78.12581 Dec=19.89481 ResRA=1.22392 ResDec=1.01683
[Residuals Debug] MJD=60941.57527 Obs RA=78.12676 Dec=19.89515 Comp RA=78.12643 Dec=19.89488 ResRA=1.09823 ResDec=0.96620
[Residuals Debug] MJD=60941.58039 Obs RA=78.12789 Dec=19.89532 Comp RA=78.12761 Dec=19.89502 ResRA=0.96344 ResDec=1.06790
[Residuals Debug] MJD=60941.59138 Obs RA=78.13030 Dec=19.89563 Comp RA=78.13012 Dec=19.89533 ResRA=0.60727 ResDec=1.09878
[Residuals Debug] MJD=60943.55220 Obs RA=78.56767 Dec=19.94854 Comp RA=78.56747 Dec=19.94836 ResRA=0.68067 ResDec=0.62700
[Residuals Debug] MJD=60943.55402 Obs RA=78.56806 Dec=19.94856 Comp RA=78.56786 Dec=19.94841 ResRA=0.65485 ResDec=0.53296
[Residuals Debug] MJD=60943.55765 Obs RA=78.56882 Dec=19.94866 Comp RA=78.56865 Dec=19.94851 ResRA=0.56627 ResDec=0.54557
[Residuals Debug] MJD=60943.56309 Obs RA=78.56994 Dec=19.94883 Comp RA=78.56984 Dec=19.94865 ResRA=0.35744 ResDec=0.63466
[Residuals Debug] MJD=60944.06938 Obs RA=78.67961 Dec=19.96182 Comp RA=78.67901 Dec=19.96205 ResRA=2.02161 ResDec=-0.82599
[Residuals Debug] MJD=60944.08353 Obs RA=78.68257 Dec=19.96223 Comp RA=78.68204 Dec=19.96242 ResRA=1.79953 ResDec=-0.68727
[Residuals Debug] MJD=60944.09768 Obs RA=78.68554 Dec=19.96263 Comp RA=78.68507 Dec=19.96279 ResRA=1.60396 ResDec=-0.58898
[Residuals Debug] MJD=60944.11183 Obs RA=78.68849 Dec=19.96304 Comp RA=78.68809 Dec=19.96317 ResRA=1.34491 ResDec=-0.45999
[Residuals Debug] MJD=60947.54990 Obs RA=79.38626 Dec=20.05121 Comp RA=79.38661 Dec=20.05118 ResRA=-1.20421 ResDec=0.11326
[Residuals Debug] MJD=60947.55171 Obs RA=79.38659 Dec=20.05126 Comp RA=79.38696 Dec=20.05122 ResRA=-1.25895 ResDec=0.13012
[Residuals Debug] MJD=60947.55581 Obs RA=79.38737 Dec=20.05136 Comp RA=79.38775 Dec=20.05133 ResRA=-1.28939 ResDec=0.12220
[Residuals Debug] MJD=60947.56170 Obs RA=79.38847 Dec=20.05151 Comp RA=79.38888 Dec=20.05147 ResRA=-1.39527 ResDec=0.13404
[Residuals Debug] MJD=60948.55840 Obs RA=79.57671 Dec=20.07612 Comp RA=79.57719 Dec=20.07614 ResRA=-1.63352 ResDec=-0.07713
[Residuals Debug] MJD=60948.56021 Obs RA=79.57706 Dec=20.07616 Comp RA=79.57753 Dec=20.07619 ResRA=-1.58566 ResDec=-0.08719
[Residuals Debug] MJD=60948.56340 Obs RA=79.57761 Dec=20.07625 Comp RA=79.57812 Dec=20.07626 ResRA=-1.72952 ResDec=-0.04960
[Residuals Debug] MJD=60948.56884 Obs RA=79.57859 Dec=20.07640 Comp RA=79.57913 Dec=20.07640 ResRA=-1.81994 ResDec=0.00895
[Residuals Debug] MJD=60949.54928 Obs RA=79.75750 Dec=20.10028 Comp RA=79.75789 Dec=20.10033 ResRA=-1.32484 ResDec=-0.19330
[Residuals Debug] MJD=60949.55109 Obs RA=79.75781 Dec=20.10033 Comp RA=79.75822 Dec=20.10038 ResRA=-1.37622 ResDec=-0.17111
[Residuals Debug] MJD=60949.55438 Obs RA=79.75837 Dec=20.10040 Comp RA=79.75880 Dec=20.10046 ResRA=-1.46519 ResDec=-0.20833
[Residuals Debug] MJD=60949.56036 Obs RA=79.75939 Dec=20.10059 Comp RA=79.75987 Dec=20.10060 ResRA=-1.63273 ResDec=-0.05052
[Residuals Debug] MJD=60952.40510 Obs RA=80.24138 Dec=20.16805 Comp RA=80.24130 Dec=20.16845 ResRA=0.24919 ResDec=-1.45258
[Residuals Debug] MJD=60952.41028 Obs RA=80.24215 Dec=20.16817 Comp RA=80.24213 Dec=20.16858 ResRA=0.09305 ResDec=-1.46054
[Residuals Debug] MJD=60952.41546 Obs RA=80.24295 Dec=20.16830 Comp RA=80.24295 Dec=20.16870 ResRA=-0.00504 ResDec=-1.42830
[Residuals Debug] MJD=60952.42063 Obs RA=80.24375 Dec=20.16841 Comp RA=80.24377 Dec=20.16882 ResRA=-0.09604 ResDec=-1.46503
[Residuals Debug] MJD=60952.47988 Obs RA=80.25374 Dec=20.16999 Comp RA=80.25320 Dec=20.17021 ResRA=1.84240 ResDec=-0.79200
[Residuals Debug] MJD=60952.48170 Obs RA=80.25399 Dec=20.17003 Comp RA=80.25348 Dec=20.17025 ResRA=1.71545 ResDec=-0.79497
[Residuals Debug] MJD=60952.48582 Obs RA=80.25468 Dec=20.17013 Comp RA=80.25414 Dec=20.17035 ResRA=1.82502 ResDec=-0.78349
[Residuals Debug] MJD=60952.50948 Obs RA=80.25720 Dec=20.17055 Comp RA=80.25789 Dec=20.17090 ResRA=-2.34360 ResDec=-1.27188
[Residuals Debug] MJD=60952.51081 Obs RA=80.25846 Dec=20.17079 Comp RA=80.25810 Dec=20.17093 ResRA=1.19961 ResDec=-0.52360
[Residuals Debug] MJD=60952.51391 Obs RA=80.25785 Dec=20.17067 Comp RA=80.25860 Dec=20.17101 ResRA=-2.53336 ResDec=-1.21572
[Residuals Debug] MJD=60952.51830 Obs RA=80.25850 Dec=20.17075 Comp RA=80.25929 Dec=20.17111 ResRA=-2.65898 ResDec=-1.29616
[Residuals Debug] MJD=60952.52268 Obs RA=80.25917 Dec=20.17086 Comp RA=80.25999 Dec=20.17121 ResRA=-2.76685 ResDec=-1.26607
[Residuals Debug] MJD=60953.53470 Obs RA=80.41727 Dec=20.19472 Comp RA=80.41673 Dec=20.19483 ResRA=1.83872 ResDec=-0.41308
[Residuals Debug] MJD=60953.53698 Obs RA=80.41760 Dec=20.19478 Comp RA=80.41707 Dec=20.19489 ResRA=1.78788 ResDec=-0.38343
[Residuals Debug] MJD=60953.54015 Obs RA=80.41802 Dec=20.19485 Comp RA=80.41755 Dec=20.19496 ResRA=1.59065 ResDec=-0.39846
[Residuals Debug] MJD=60953.54562 Obs RA=80.41881 Dec=20.19497 Comp RA=80.41838 Dec=20.19509 ResRA=1.45774 ResDec=-0.42582
Iter  4: RMS = 1.285 arcsec, ||Δx|| = 2.54e-06 AU, Outliers(100.0σ) = 0
[Residuals Debug] MJD=60918.44279 Obs RA=71.50712 Dec=19.07021 Comp RA=71.50632 Dec=19.07069 ResRA=2.70062 ResDec=-1.72299
[Residuals Debug] MJD=60918.44791 Obs RA=71.50883 Dec=19.07044 Comp RA=71.50804 Dec=19.07092 ResRA=2.68670 ResDec=-1.74387
[Residuals Debug] MJD=60918.45303 Obs RA=71.51046 Dec=19.07069 Comp RA=71.50975 Dec=19.07116 ResRA=2.40767 ResDec=-1.68614
[Residuals Debug] MJD=60919.58286 Obs RA=71.88621 Dec=19.12187 Comp RA=71.88564 Dec=19.12209 ResRA=1.94220 ResDec=-0.78384
[Residuals Debug] MJD=60919.58830 Obs RA=71.88797 Dec=19.12214 Comp RA=71.88743 Dec=19.12233 ResRA=1.82426 ResDec=-0.68468
[Residuals Debug] MJD=60919.59799 Obs RA=71.89112 Dec=19.12257 Comp RA=71.89064 Dec=19.12276 ResRA=1.64204 ResDec=-0.68685
[Residuals Debug] MJD=60919.60409 Obs RA=71.89310 Dec=19.12284 Comp RA=71.89266 Dec=19.12303 ResRA=1.51090 ResDec=-0.69437
[Residuals Debug] MJD=60921.12666 Obs RA=72.39232 Dec=19.18917 Comp RA=72.39180 Dec=19.18962 ResRA=1.78742 ResDec=-1.63437
[Residuals Debug] MJD=60921.14105 Obs RA=72.39692 Dec=19.18983 Comp RA=72.39647 Dec=19.19024 ResRA=1.53566 ResDec=-1.47986
[Residuals Debug] MJD=60921.15523 Obs RA=72.40145 Dec=19.19046 Comp RA=72.40108 Dec=19.19085 ResRA=1.26773 ResDec=-1.40353
[Residuals Debug] MJD=60921.16943 Obs RA=72.40601 Dec=19.19110 Comp RA=72.40569 Dec=19.19146 ResRA=1.07722 ResDec=-1.29991
[Residuals Debug] MJD=60922.49478 Obs RA=72.83331 Dec=19.24722 Comp RA=72.83293 Dec=19.24754 ResRA=1.27966 ResDec=-1.15066
[Residuals Debug] MJD=60922.49704 Obs RA=72.83402 Dec=19.24732 Comp RA=72.83366 Dec=19.24763 ResRA=1.23914 ResDec=-1.13051
[Residuals Debug] MJD=60922.49931 Obs RA=72.83479 Dec=19.24745 Comp RA=72.83438 Dec=19.24773 ResRA=1.39694 ResDec=-1.00034
[Residuals Debug] MJD=60922.52505 Obs RA=72.84286 Dec=19.24857 Comp RA=72.84261 Dec=19.24880 ResRA=0.83442 ResDec=-0.83168
[Residuals Debug] MJD=60923.57713 Obs RA=73.17667 Dec=19.29198 Comp RA=73.17684 Dec=19.29210 ResRA=-0.58150 ResDec=-0.43845
[Residuals Debug] MJD=60923.58337 Obs RA=73.17860 Dec=19.29227 Comp RA=73.17881 Dec=19.29236 ResRA=-0.69979 ResDec=-0.31138
[Residuals Debug] MJD=60923.58655 Obs RA=73.17957 Dec=19.29239 Comp RA=73.17981 Dec=19.29249 ResRA=-0.81643 ResDec=-0.34760
[Residuals Debug] MJD=60923.59081 Obs RA=73.18090 Dec=19.29256 Comp RA=73.18116 Dec=19.29266 ResRA=-0.87019 ResDec=-0.36142
[Residuals Debug] MJD=60923.59597 Obs RA=73.18250 Dec=19.29280 Comp RA=73.18278 Dec=19.29287 ResRA=-0.96307 ResDec=-0.24616
[Residuals Debug] MJD=60923.60279 Obs RA=73.18443 Dec=19.29314 Comp RA=73.18494 Dec=19.29315 ResRA=-1.73527 ResDec=-0.01430
[Residuals Debug] MJD=60923.60449 Obs RA=73.18514 Dec=19.29298 Comp RA=73.18547 Dec=19.29321 ResRA=-1.12934 ResDec=-0.86201
[Residuals Debug] MJD=60923.60788 Obs RA=73.18618 Dec=19.29328 Comp RA=73.18654 Dec=19.29335 ResRA=-1.24582 ResDec=-0.26903
[Residuals Debug] MJD=60923.61296 Obs RA=73.18775 Dec=19.29349 Comp RA=73.18814 Dec=19.29356 ResRA=-1.32363 ResDec=-0.24192
[Residuals Debug] MJD=60923.61635 Obs RA=73.18879 Dec=19.29364 Comp RA=73.18921 Dec=19.29370 ResRA=-1.43543 ResDec=-0.20825
[Residuals Debug] MJD=60923.61804 Obs RA=73.18910 Dec=19.29387 Comp RA=73.18975 Dec=19.29377 ResRA=-2.18403 ResDec=0.39469
[Residuals Debug] MJD=60923.61824 Obs RA=73.18936 Dec=19.29371 Comp RA=73.18981 Dec=19.29377 ResRA=-1.52944 ResDec=-0.22383
[Residuals Debug] MJD=60924.59552 Obs RA=73.49579 Dec=19.33303 Comp RA=73.49621 Dec=19.33304 ResRA=-1.40761 ResDec=-0.04453
[Residuals Debug] MJD=60924.60727 Obs RA=73.49933 Dec=19.33348 Comp RA=73.49987 Dec=19.33351 ResRA=-1.82570 ResDec=-0.10518
[Residuals Debug] MJD=60924.61077 Obs RA=73.50044 Dec=19.33362 Comp RA=73.50096 Dec=19.33365 ResRA=-1.74492 ResDec=-0.10500
[Residuals Debug] MJD=60924.61795 Obs RA=73.50261 Dec=19.33394 Comp RA=73.50319 Dec=19.33393 ResRA=-1.97887 ResDec=0.01874
[Residuals Debug] MJD=60925.58166 Obs RA=73.80106 Dec=19.37180 Comp RA=73.80147 Dec=19.37179 ResRA=-1.41348 ResDec=0.02639
[Residuals Debug] MJD=60925.58440 Obs RA=73.80189 Dec=19.37191 Comp RA=73.80232 Dec=19.37190 ResRA=-1.43780 ResDec=0.04412
[Residuals Debug] MJD=60925.59039 Obs RA=73.80369 Dec=19.37217 Comp RA=73.80416 Dec=19.37213 ResRA=-1.58786 ResDec=0.13539
[Residuals Debug] MJD=60925.61387 Obs RA=73.81074 Dec=19.37308 Comp RA=73.81138 Dec=19.37304 ResRA=-2.15795 ResDec=0.13315
[Residuals Debug] MJD=60928.60149 Obs RA=74.71040 Dec=19.48539 Comp RA=74.71098 Dec=19.48519 ResRA=-1.95887 ResDec=0.72649
[Residuals Debug] MJD=60928.60639 Obs RA=74.71182 Dec=19.48559 Comp RA=74.71242 Dec=19.48536 ResRA=-2.03190 ResDec=0.80726
[Residuals Debug] MJD=60928.62135 Obs RA=74.71612 Dec=19.48614 Comp RA=74.71683 Dec=19.48591 ResRA=-2.39952 ResDec=0.83371
[Residuals Debug] MJD=60928.63628 Obs RA=74.72039 Dec=19.48668 Comp RA=74.72122 Dec=19.48645 ResRA=-2.82679 ResDec=0.83551
[Residuals Debug] MJD=60929.54317 Obs RA=74.98636 Dec=19.51919 Comp RA=74.98649 Dec=19.51899 ResRA=-0.46309 ResDec=0.72840
[Residuals Debug] MJD=60929.54589 Obs RA=74.98713 Dec=19.51925 Comp RA=74.98728 Dec=19.51908 ResRA=-0.52348 ResDec=0.60132
[Residuals Debug] MJD=60929.55583 Obs RA=74.98996 Dec=19.51964 Comp RA=74.99017 Dec=19.51944 ResRA=-0.72172 ResDec=0.73052
[Residuals Debug] MJD=60929.57235 Obs RA=74.99465 Dec=19.52026 Comp RA=74.99497 Dec=19.52002 ResRA=-1.07567 ResDec=0.86005
[Residuals Debug] MJD=60934.61631 Obs RA=76.40010 Dec=19.68982 Comp RA=76.40010 Dec=19.68931 ResRA=-0.00649 ResDec=1.82751
[Residuals Debug] MJD=60934.62021 Obs RA=76.40113 Dec=19.68995 Comp RA=76.40114 Dec=19.68944 ResRA=-0.04289 ResDec=1.85153
[Residuals Debug] MJD=60934.62683 Obs RA=76.40282 Dec=19.69017 Comp RA=76.40290 Dec=19.68965 ResRA=-0.28260 ResDec=1.88572
[Residuals Debug] MJD=60934.63380 Obs RA=76.40463 Dec=19.69038 Comp RA=76.40476 Dec=19.68987 ResRA=-0.44744 ResDec=1.84936
[Residuals Debug] MJD=60935.56971 Obs RA=76.65223 Dec=19.71969 Comp RA=76.65178 Dec=19.71926 ResRA=1.53881 ResDec=1.55103
[Residuals Debug] MJD=60935.57333 Obs RA=76.65315 Dec=19.71982 Comp RA=76.65272 Dec=19.71937 ResRA=1.44642 ResDec=1.61533
[Residuals Debug] MJD=60935.57985 Obs RA=76.65479 Dec=19.72003 Comp RA=76.65443 Dec=19.71957 ResRA=1.23500 ResDec=1.64614
[Residuals Debug] MJD=60935.59105 Obs RA=76.65766 Dec=19.72038 Comp RA=76.65736 Dec=19.71992 ResRA=1.02371 ResDec=1.65279
[Residuals Debug] MJD=60937.57526 Obs RA=77.16641 Dec=19.78074 Comp RA=77.16591 Dec=19.78031 ResRA=1.69639 ResDec=1.55126
[Residuals Debug] MJD=60937.57752 Obs RA=77.16697 Dec=19.78078 Comp RA=77.16648 Dec=19.78038 ResRA=1.67711 ResDec=1.45843
[Residuals Debug] MJD=60937.58257 Obs RA=77.16817 Dec=19.78092 Comp RA=77.16774 Dec=19.78053 ResRA=1.44982 ResDec=1.41691
[Residuals Debug] MJD=60937.58847 Obs RA=77.16962 Dec=19.78113 Comp RA=77.16923 Dec=19.78070 ResRA=1.34030 ResDec=1.54339
[Residuals Debug] MJD=60937.63914 Obs RA=77.18195 Dec=19.78270 Comp RA=77.18194 Dec=19.78221 ResRA=0.04161 ResDec=1.76028
[Residuals Debug] MJD=60940.56169 Obs RA=77.89202 Dec=19.86701 Comp RA=77.89150 Dec=19.86669 ResRA=1.76650 ResDec=1.14692
[Residuals Debug] MJD=60940.56461 Obs RA=77.89267 Dec=19.86711 Comp RA=77.89218 Dec=19.86677 ResRA=1.64564 ResDec=1.21154
[Residuals Debug] MJD=60940.57272 Obs RA=77.89452 Dec=19.86735 Comp RA=77.89409 Dec=19.86700 ResRA=1.46177 ResDec=1.25119
[Residuals Debug] MJD=60940.58563 Obs RA=77.89744 Dec=19.86771 Comp RA=77.89712 Dec=19.86736 ResRA=1.09842 ResDec=1.24663
[Residuals Debug] MJD=60941.57254 Obs RA=78.12617 Dec=19.89509 Comp RA=78.12581 Dec=19.89481 ResRA=1.22521 ResDec=1.01688
[Residuals Debug] MJD=60941.57527 Obs RA=78.12676 Dec=19.89515 Comp RA=78.12643 Dec=19.89488 ResRA=1.09953 ResDec=0.96625
[Residuals Debug] MJD=60941.58039 Obs RA=78.12789 Dec=19.89532 Comp RA=78.12761 Dec=19.89502 ResRA=0.96473 ResDec=1.06795
[Residuals Debug] MJD=60941.59138 Obs RA=78.13030 Dec=19.89563 Comp RA=78.13012 Dec=19.89533 ResRA=0.60856 ResDec=1.09883
[Residuals Debug] MJD=60943.55220 Obs RA=78.56767 Dec=19.94854 Comp RA=78.56747 Dec=19.94836 ResRA=0.68216 ResDec=0.62705
[Residuals Debug] MJD=60943.55402 Obs RA=78.56806 Dec=19.94856 Comp RA=78.56786 Dec=19.94841 ResRA=0.65635 ResDec=0.53301
[Residuals Debug] MJD=60943.55765 Obs RA=78.56882 Dec=19.94866 Comp RA=78.56865 Dec=19.94851 ResRA=0.56776 ResDec=0.54561
[Residuals Debug] MJD=60943.56309 Obs RA=78.56994 Dec=19.94883 Comp RA=78.56984 Dec=19.94865 ResRA=0.35894 ResDec=0.63471
[Residuals Debug] MJD=60944.06938 Obs RA=78.67961 Dec=19.96182 Comp RA=78.67901 Dec=19.96205 ResRA=2.02317 ResDec=-0.82595
[Residuals Debug] MJD=60944.08353 Obs RA=78.68257 Dec=19.96223 Comp RA=78.68204 Dec=19.96242 ResRA=1.80109 ResDec=-0.68722
[Residuals Debug] MJD=60944.09768 Obs RA=78.68554 Dec=19.96263 Comp RA=78.68507 Dec=19.96279 ResRA=1.60552 ResDec=-0.58893
[Residuals Debug] MJD=60944.11183 Obs RA=78.68849 Dec=19.96304 Comp RA=78.68809 Dec=19.96317 ResRA=1.34647 ResDec=-0.45994
[Residuals Debug] MJD=60947.54990 Obs RA=79.38626 Dec=20.05121 Comp RA=79.38661 Dec=20.05118 ResRA=-1.20211 ResDec=0.11330
[Residuals Debug] MJD=60947.55171 Obs RA=79.38659 Dec=20.05126 Comp RA=79.38696 Dec=20.05122 ResRA=-1.25685 ResDec=0.13015
[Residuals Debug] MJD=60947.55581 Obs RA=79.38737 Dec=20.05136 Comp RA=79.38775 Dec=20.05133 ResRA=-1.28729 ResDec=0.12223
[Residuals Debug] MJD=60947.56170 Obs RA=79.38847 Dec=20.05151 Comp RA=79.38888 Dec=20.05147 ResRA=-1.39317 ResDec=0.13408
[Residuals Debug] MJD=60948.55840 Obs RA=79.57671 Dec=20.07612 Comp RA=79.57719 Dec=20.07614 ResRA=-1.63122 ResDec=-0.07710
[Residuals Debug] MJD=60948.56021 Obs RA=79.57706 Dec=20.07616 Comp RA=79.57753 Dec=20.07619 ResRA=-1.58336 ResDec=-0.08716
[Residuals Debug] MJD=60948.56340 Obs RA=79.57761 Dec=20.07625 Comp RA=79.57812 Dec=20.07626 ResRA=-1.72722 ResDec=-0.04957
[Residuals Debug] MJD=60948.56884 Obs RA=79.57859 Dec=20.07640 Comp RA=79.57913 Dec=20.07640 ResRA=-1.81763 ResDec=0.00898
[Residuals Debug] MJD=60949.54928 Obs RA=79.75750 Dec=20.10028 Comp RA=79.75789 Dec=20.10033 ResRA=-1.32232 ResDec=-0.19328
[Residuals Debug] MJD=60949.55109 Obs RA=79.75781 Dec=20.10033 Comp RA=79.75821 Dec=20.10038 ResRA=-1.37370 ResDec=-0.17109
[Residuals Debug] MJD=60949.55438 Obs RA=79.75837 Dec=20.10040 Comp RA=79.75880 Dec=20.10046 ResRA=-1.46267 ResDec=-0.20831
[Residuals Debug] MJD=60949.56036 Obs RA=79.75939 Dec=20.10059 Comp RA=79.75987 Dec=20.10060 ResRA=-1.63020 ResDec=-0.05050
[Residuals Debug] MJD=60952.40510 Obs RA=80.24138 Dec=20.16805 Comp RA=80.24130 Dec=20.16845 ResRA=0.25247 ResDec=-1.45258
[Residuals Debug] MJD=60952.41028 Obs RA=80.24215 Dec=20.16817 Comp RA=80.24213 Dec=20.16858 ResRA=0.09634 ResDec=-1.46054
[Residuals Debug] MJD=60952.41546 Obs RA=80.24295 Dec=20.16830 Comp RA=80.24295 Dec=20.16870 ResRA=-0.00176 ResDec=-1.42830
[Residuals Debug] MJD=60952.42063 Obs RA=80.24375 Dec=20.16841 Comp RA=80.24377 Dec=20.16882 ResRA=-0.09275 ResDec=-1.46503
[Residuals Debug] MJD=60952.47988 Obs RA=80.25374 Dec=20.16999 Comp RA=80.25320 Dec=20.17021 ResRA=1.84571 ResDec=-0.79200
[Residuals Debug] MJD=60952.48170 Obs RA=80.25399 Dec=20.17003 Comp RA=80.25348 Dec=20.17025 ResRA=1.71876 ResDec=-0.79498
[Residuals Debug] MJD=60952.48582 Obs RA=80.25468 Dec=20.17013 Comp RA=80.25414 Dec=20.17035 ResRA=1.82833 ResDec=-0.78349
[Residuals Debug] MJD=60952.50948 Obs RA=80.25720 Dec=20.17055 Comp RA=80.25789 Dec=20.17090 ResRA=-2.34029 ResDec=-1.27188
[Residuals Debug] MJD=60952.51081 Obs RA=80.25846 Dec=20.17079 Comp RA=80.25810 Dec=20.17093 ResRA=1.20292 ResDec=-0.52360
[Residuals Debug] MJD=60952.51391 Obs RA=80.25785 Dec=20.17067 Comp RA=80.25859 Dec=20.17101 ResRA=-2.53005 ResDec=-1.21572
[Residuals Debug] MJD=60952.51830 Obs RA=80.25850 Dec=20.17075 Comp RA=80.25929 Dec=20.17111 ResRA=-2.65567 ResDec=-1.29616
[Residuals Debug] MJD=60952.52268 Obs RA=80.25917 Dec=20.17086 Comp RA=80.25998 Dec=20.17121 ResRA=-2.76353 ResDec=-1.26607
[Residuals Debug] MJD=60953.53470 Obs RA=80.41727 Dec=20.19472 Comp RA=80.41673 Dec=20.19483 ResRA=1.84236 ResDec=-0.41309
[Residuals Debug] MJD=60953.53698 Obs RA=80.41760 Dec=20.19478 Comp RA=80.41707 Dec=20.19489 ResRA=1.79152 ResDec=-0.38344
[Residuals Debug] MJD=60953.54015 Obs RA=80.41802 Dec=20.19485 Comp RA=80.41755 Dec=20.19496 ResRA=1.59429 ResDec=-0.39847
[Residuals Debug] MJD=60953.54562 Obs RA=80.41881 Dec=20.19497 Comp RA=80.41838 Dec=20.19509 ResRA=1.46139 ResDec=-0.42583
Iter  5: RMS = 1.285 arcsec, ||Δx|| = 1.49e-07 AU, Outliers(100.0σ) = 0
DC Debug: Loop finished. Converged=1 Iter=5
========================================


=== Final Orbit ===
Epoch:    60935.995089 MJD TDB
a:        2.098162148 AU
e:        0.063843387
i:        24.891895 deg
Ω:        12.460821 deg
ω:        174.756079 deg
M:        229.479861 deg
Period:   1110.087 days
q:        1.964208 AU
Q:        2.232116 AU

=== Residuals Summary ===
Observations:  100
Rejected:      0
RMS (RA):      1.525 arcsec
RMS (Dec):     0.988 arcsec
Chi²:          1320.76
Iterations:    5
Converged:     Yes

Initial orbit set:
  Epoch: 61000.000000 MJD TDB
  a = 2.179837 AU
  e = 0.039350
  i = 24.831840 deg
[AstDynOrbitFitter] run_fit finished. success=1 msg='Fit completed'
[OccultationEngine] Fit completed. Observations used: 100/100. RMS=1.817113 arcsec.
[OccultationEngine] ✅ Orbit updated successfully.
[AstDynWrapper] setAsteroidElements DEBUG: Name=Montefiore FrameType=1 -> InputFrame=1 omega=3.050069 Omega=0.217482 M=4.005179
[AstDynWrapper:0x10c057dd0] setKeplerianElements: asteroid=Montefiore state set to INITIALIZED (Covariance: NO).
[AstDynWrapper]   Processing Frame: EQUATORIAL
  - Creating RKF78Integrator...
  - Creating Propagator object...
    [Propagator] Constructor entry (include_asteroids=1).
    [Propagator] Creating AsteroidPerturbations...
    [Propagator] Constructor exit.
  - Propagator object created.
[PHASE2] calculatePreciseGeometry using AstDynWrapper:0x10c057dd0
[PHASE2] Fetching osculating elements from JPL Horizons for Montefiore at MJD 61061.79167...
[AstDynWrapper] Fetching elements from JPL Horizons for Montefiore at MJD 61061.79167
[AstDynWrapper:0x10c057dd0] setKeplerianElements: asteroid=Montefiore state set to INITIALIZED (Covariance: NO).
[AstDynWrapper]   Processing Frame: ECLIPTIC
  - Creating RKF78Integrator...
  - Creating Propagator object...
    [Propagator] Constructor entry (include_asteroids=1).
    [Propagator] Creating AsteroidPerturbations...
    [Propagator] Constructor exit.
  - Propagator object created.
[AstDynWrapper] loadFromHorizons: SUCCESS
[PHASE2] Successfully initialized orbit from JPL Horizons.
✓ DE441 loaded (Native Reader): /Users/michelebigi/.ioccultcalc/ephemerides/de441_part-2.bsp
    [Propagator] Constructor entry (include_asteroids=1).
    [Propagator] Creating AsteroidPerturbations...
    [Propagator] Constructor exit.
[HPP-DEBUG] Input frame is ECLIPTIC. Performing rotation.
[HPP-DEBUG] Initial Pos: 0.03686 1.96251 0.88318
[HPP-DEBUG] Input frame is ECLIPTIC. Performing rotation.
[HPP-DEBUG] Initial Pos: 0.03686 1.96251 0.88318
[HPP-DEBUG] Input frame is ECLIPTIC. Performing rotation.
[HPP-DEBUG] Initial Pos: 0.03686 1.96251 0.88318
[HPP-DEBUG] Input frame is ECLIPTIC. Performing rotation.
[HPP-DEBUG] Initial Pos: 0.03686 1.96251 0.88318
[HPP-DEBUG] Input frame is ECLIPTIC. Performing rotation.
[HPP-DEBUG] Initial Pos: 0.03686 1.96251 0.88318
[HPP-DEBUG] Input frame is ECLIPTIC. Performing rotation.
[HPP-DEBUG] Initial Pos: 0.03686 1.96251 0.88318
[HPP-DEBUG] Input frame is ECLIPTIC. Performing rotation.
[HPP-DEBUG] Initial Pos: 0.03686 1.96251 0.88318
[HPP-DEBUG] Input frame is ECLIPTIC. Performing rotation.
[HPP-DEBUG] Initial Pos: 0.03686 1.96251 0.88318
[HPP-DEBUG] Input frame is ECLIPTIC. Performing rotation.
[HPP-DEBUG] Initial Pos: 0.03686 1.96251 0.88318
[HPP-DEBUG] Input frame is ECLIPTIC. Performing rotation.
[HPP-DEBUG] Initial Pos: 0.03686 1.96251 0.88318
[HPP-DEBUG] Input frame is ECLIPTIC. Performing rotation.
[HPP-DEBUG] Initial Pos: 0.03686 1.96251 0.88318
[HPP-DEBUG] Input frame is ECLIPTIC. Performing rotation.
[HPP-DEBUG] Initial Pos: 0.03686 1.96251 0.88318
[HPP-DEBUG] Input frame is ECLIPTIC. Performing rotation.
[HPP-DEBUG] Initial Pos: 0.03686 1.96251 0.88318
[HPP-DEBUG] Input frame is ECLIPTIC. Performing rotation.
[HPP-DEBUG] Initial Pos: 0.03686 1.96251 0.88318
[HPP-DEBUG] Input frame is ECLIPTIC. Performing rotation.
[HPP-DEBUG] Initial Pos: 0.03686 1.96251 0.88318
[HPP-DEBUG] Input frame is ECLIPTIC. Performing rotation.
[HPP-DEBUG] Initial Pos: 0.03686 1.96251 0.88318
[HPP-DEBUG] Input frame is ECLIPTIC. Performing rotation.
[HPP-DEBUG] Initial Pos: 0.03686 1.96251 0.88318
[HPP-DEBUG] Input frame is ECLIPTIC. Performing rotation.
[HPP-DEBUG] Initial Pos: 0.03686 1.96251 0.88318
[HPP-DEBUG] Input frame is ECLIPTIC. Performing rotation.
[HPP-DEBUG] Initial Pos: 0.03686 1.96251 0.88318
[HPP-DEBUG] Input frame is ECLIPTIC. Performing rotation.
[HPP-DEBUG] Initial Pos: 0.03686 1.96251 0.88318
[HPP-DEBUG] Input frame is ECLIPTIC. Performing rotation.
[HPP-DEBUG] Initial Pos: 0.03686 1.96251 0.88318
[HPP-DEBUG] Input frame is ECLIPTIC. Performing rotation.
[HPP-DEBUG] Initial Pos: 0.03686 1.96251 0.88318
[HPP-DEBUG] Input frame is ECLIPTIC. Performing rotation.
[HPP-DEBUG] Initial Pos: 0.03686 1.96251 0.88318
[HPP-DEBUG] Input frame is ECLIPTIC. Performing rotation.
[HPP-DEBUG] Initial Pos: 0.03686 1.96251 0.88318
[HPP-DEBUG] Input frame is ECLIPTIC. Performing rotation.
[HPP-DEBUG] Initial Pos: 0.03686 1.96251 0.88318
[HPP-DEBUG] Input frame is ECLIPTIC. Performing rotation.
[HPP-DEBUG] Initial Pos: 0.03686 1.96251 0.88318
[HPP-DEBUG] Input frame is ECLIPTIC. Performing rotation.
[HPP-DEBUG] Initial Pos: 0.03686 1.96251 0.88318
[HPP-DEBUG] Input frame is ECLIPTIC. Performing rotation.
[HPP-DEBUG] Initial Pos: 0.03686 1.96251 0.88318
[HPP-DEBUG] Input frame is ECLIPTIC. Performing rotation.
[HPP-DEBUG] Initial Pos: 0.03686 1.96251 0.88318
[HPP-DEBUG] Input frame is ECLIPTIC. Performing rotation.
[HPP-DEBUG] Initial Pos: 0.03686 1.96251 0.88318
[HPP-DEBUG] Input frame is ECLIPTIC. Performing rotation.
[HPP-DEBUG] Initial Pos: 0.03686 1.96251 0.88318
[HPP-DEBUG] Input frame is ECLIPTIC. Performing rotation.
[HPP-DEBUG] Initial Pos: 0.03686 1.96251 0.88318
[HPP-DEBUG] Input frame is ECLIPTIC. Performing rotation.
[HPP-DEBUG] Initial Pos: 0.03686 1.96251 0.88318
[HPP-DEBUG] Input frame is ECLIPTIC. Performing rotation.
[HPP-DEBUG] Initial Pos: 0.03686 1.96251 0.88318
[HPP-DEBUG] Input frame is ECLIPTIC. Performing rotation.
[HPP-DEBUG] Initial Pos: 0.03686 1.96251 0.88318
[HPP-DEBUG] Input frame is ECLIPTIC. Performing rotation.
[HPP-DEBUG] Initial Pos: 0.03686 1.96251 0.88318
[HPP-DEBUG] Input frame is ECLIPTIC. Performing rotation.
[HPP-DEBUG] Initial Pos: 0.03686 1.96251 0.88318
[HPP-DEBUG] Input frame is ECLIPTIC. Performing rotation.
[HPP-DEBUG] Initial Pos: 0.03686 1.96251 0.88318
[PHASE2] Candidate Star: 148669541333832320 CA MJD: 61061.79861 Min Dist: 4663.88 mas
[HPP-DEBUG] Input frame is ECLIPTIC. Performing rotation.
[HPP-DEBUG] Initial Pos: 0.04 1.96 0.88
[PHASE2] Entering calculateShadowDetails for star 148669541333832320
[PHASE2] Using Besselian elements for shadow path calculation
[HPP-DEBUG] Input frame is ECLIPTIC. Performing rotation.
[HPP-DEBUG] Initial Pos: 0.04 1.96 0.88
[HPP-DEBUG] Input frame is ECLIPTIC. Performing rotation.
[HPP-DEBUG] Initial Pos: 0.04 1.96 0.88
[HPP-DEBUG] Input frame is ECLIPTIC. Performing rotation.
[HPP-DEBUG] Initial Pos: 0.04 1.96 0.88
[HPP-DEBUG] Input frame is ECLIPTIC. Performing rotation.
[HPP-DEBUG] Initial Pos: 0.04 1.96 0.88
[HPP-DEBUG] Input frame is ECLIPTIC. Performing rotation.
[HPP-DEBUG] Initial Pos: 0.04 1.96 0.88
[HPP-DEBUG] Input frame is ECLIPTIC. Performing rotation.
[HPP-DEBUG] Initial Pos: 0.04 1.96 0.88
[HPP-DEBUG] Input frame is ECLIPTIC. Performing rotation.
[HPP-DEBUG] Initial Pos: 0.04 1.96 0.88
[HPP-DEBUG] Input frame is ECLIPTIC. Performing rotation.
[HPP-DEBUG] Initial Pos: 0.04 1.96 0.88
[HPP-DEBUG] Input frame is ECLIPTIC. Performing rotation.
[HPP-DEBUG] Initial Pos: 0.04 1.96 0.88
[HPP-DEBUG] Input frame is ECLIPTIC. Performing rotation.
[HPP-DEBUG] Initial Pos: 0.04 1.96 0.88
[HPP-DEBUG] Input frame is ECLIPTIC. Performing rotation.
[HPP-DEBUG] Initial Pos: 0.04 1.96 0.88
[HPP-DEBUG] Input frame is ECLIPTIC. Performing rotation.
[HPP-DEBUG] Initial Pos: 0.04 1.96 0.88
[HPP-DEBUG] Input frame is ECLIPTIC. Performing rotation.
[HPP-DEBUG] Initial Pos: 0.04 1.96 0.88
[HPP-DEBUG] Input frame is ECLIPTIC. Performing rotation.
[HPP-DEBUG] Initial Pos: 0.04 1.96 0.88
[HPP-DEBUG] Input frame is ECLIPTIC. Performing rotation.
[HPP-DEBUG] Initial Pos: 0.04 1.96 0.88
[HPP-DEBUG] Input frame is ECLIPTIC. Performing rotation.
[HPP-DEBUG] Initial Pos: 0.04 1.96 0.88
[HPP-DEBUG] Input frame is ECLIPTIC. Performing rotation.
[HPP-DEBUG] Initial Pos: 0.04 1.96 0.88
[HPP-DEBUG] Input frame is ECLIPTIC. Performing rotation.
[HPP-DEBUG] Initial Pos: 0.04 1.96 0.88
[HPP-DEBUG] Input frame is ECLIPTIC. Performing rotation.
[HPP-DEBUG] Initial Pos: 0.04 1.96 0.88
[HPP-DEBUG] Input frame is ECLIPTIC. Performing rotation.
[HPP-DEBUG] Initial Pos: 0.04 1.96 0.88
[HPP-DEBUG] Input frame is ECLIPTIC. Performing rotation.
[HPP-DEBUG] Initial Pos: 0.04 1.96 0.88
[HPP-DEBUG] Input frame is ECLIPTIC. Performing rotation.
[HPP-DEBUG] Initial Pos: 0.04 1.96 0.88
[HPP-DEBUG] Input frame is ECLIPTIC. Performing rotation.
[HPP-DEBUG] Initial Pos: 0.04 1.96 0.88
[HPP-DEBUG] Input frame is ECLIPTIC. Performing rotation.
[HPP-DEBUG] Initial Pos: 0.04 1.96 0.88
[HPP-DEBUG] Input frame is ECLIPTIC. Performing rotation.
[HPP-DEBUG] Initial Pos: 0.04 1.96 0.88
[HPP-DEBUG] Input frame is ECLIPTIC. Performing rotation.
[HPP-DEBUG] Initial Pos: 0.04 1.96 0.88
[HPP-DEBUG] Input frame is ECLIPTIC. Performing rotation.
[HPP-DEBUG] Initial Pos: 0.04 1.96 0.88
[HPP-DEBUG] Input frame is ECLIPTIC. Performing rotation.
[HPP-DEBUG] Initial Pos: 0.04 1.96 0.88
[HPP-DEBUG] Input frame is ECLIPTIC. Performing rotation.
[HPP-DEBUG] Initial Pos: 0.04 1.96 0.88
[HPP-DEBUG] Input frame is ECLIPTIC. Performing rotation.
[HPP-DEBUG] Initial Pos: 0.04 1.96 0.88
[HPP-DEBUG] Input frame is ECLIPTIC. Performing rotation.
[HPP-DEBUG] Initial Pos: 0.04 1.96 0.88
[HPP-DEBUG] Input frame is ECLIPTIC. Performing rotation.
[HPP-DEBUG] Initial Pos: 0.04 1.96 0.88
[HPP-DEBUG] Input frame is ECLIPTIC. Performing rotation.
[HPP-DEBUG] Initial Pos: 0.04 1.96 0.88
[HPP-DEBUG] Input frame is ECLIPTIC. Performing rotation.
[HPP-DEBUG] Initial Pos: 0.04 1.96 0.88
[HPP-DEBUG] Input frame is ECLIPTIC. Performing rotation.
[HPP-DEBUG] Initial Pos: 0.04 1.96 0.88
[HPP-DEBUG] Input frame is ECLIPTIC. Performing rotation.
[HPP-DEBUG] Initial Pos: 0.04 1.96 0.88
[HPP-DEBUG] Input frame is ECLIPTIC. Performing rotation.
[HPP-DEBUG] Initial Pos: 0.04 1.96 0.88
[HPP-DEBUG] Input frame is ECLIPTIC. Performing rotation.
[HPP-DEBUG] Initial Pos: 0.04 1.96 0.88
[HPP-DEBUG] Input frame is ECLIPTIC. Performing rotation.
[HPP-DEBUG] Initial Pos: 0.04 1.96 0.88
[HPP-DEBUG] Input frame is ECLIPTIC. Performing rotation.
[HPP-DEBUG] Initial Pos: 0.04 1.96 0.88
[HPP-DEBUG] Input frame is ECLIPTIC. Performing rotation.
[HPP-DEBUG] Initial Pos: 0.04 1.96 0.88
[HPP-DEBUG] Input frame is ECLIPTIC. Performing rotation.
[HPP-DEBUG] Initial Pos: 0.04 1.96 0.88
[HPP-DEBUG] Input frame is ECLIPTIC. Performing rotation.
[HPP-DEBUG] Initial Pos: 0.04 1.96 0.88
[HPP-DEBUG] Input frame is ECLIPTIC. Performing rotation.
[HPP-DEBUG] Initial Pos: 0.04 1.96 0.88
[OccAnalyzer] Star 148669541333832320: CA=4.32 arcsec, Diam=3.33 arcsec, Ratio=1.30
[OccAnalyzer] Star 148669541333832320 Result: ⚠️ NEAR-MISS (CA=4.32", Diam=3.33")
[HPP-DEBUG] Input frame is ECLIPTIC. Performing rotation.
[HPP-DEBUG] Initial Pos: 0.04 1.96 0.88
[HPP-DEBUG] Input frame is ECLIPTIC. Performing rotation.
[HPP-DEBUG] Initial Pos: 0.04 1.96 0.88
[OccAnalyzer] Step 1: Besselian elements...
[HPP-DEBUG] Input frame is ECLIPTIC. Performing rotation.
[HPP-DEBUG] Initial Pos: 0.04 1.96 0.88
[OccAnalyzer] Step 2: Velocity calculation...
[OccAnalyzer]   Fetching state at dt...
[HPP-DEBUG] Input frame is ECLIPTIC. Performing rotation.
[HPP-DEBUG] Initial Pos: 0.04 1.96 0.88
[OccAnalyzer]   Calculating Besselian elements at dt...
[HPP-DEBUG] Input frame is ECLIPTIC. Performing rotation.
[HPP-DEBUG] Initial Pos: 0.04 1.96 0.88
[OccAnalyzer]   Velocity: x_dt=-0.67, y_dt=0.21
[OccAnalyzer]   Derivatives: dx=0.27, dy=0.91
[OccAnalyzer] Step 3: Generating points...
[OccAnalyzer]   Done. Points: 21
[PHASE2] ✅ Shadow path computed: 21 points in 0.00 sec
[PHASE2]    Propagations: 2 (Besselian vs 21 with Kepler)
[PHASE2] Shadow path integrated successfully
[HPP-DEBUG] Input frame is ECLIPTIC. Performing rotation.
[HPP-DEBUG] Initial Pos: 0.04 1.96 0.88
[HPP-DEBUG] Input frame is ECLIPTIC. Performing rotation.
[HPP-DEBUG] Initial Pos: 0.04 1.96 0.88
[HPP-DEBUG] Input frame is ECLIPTIC. Performing rotation.
[HPP-DEBUG] Initial Pos: 0.04 1.96 0.88
[HPP-DEBUG] Input frame is ECLIPTIC. Performing rotation.
[HPP-DEBUG] Initial Pos: 0.04 1.96 0.88
[HPP-DEBUG] Input frame is ECLIPTIC. Performing rotation.
[HPP-DEBUG] Initial Pos: 0.04 1.96 0.88
[HPP-DEBUG] Input frame is ECLIPTIC. Performing rotation.
[HPP-DEBUG] Initial Pos: 0.04 1.96 0.88
[HPP-DEBUG] Input frame is ECLIPTIC. Performing rotation.
[HPP-DEBUG] Initial Pos: 0.04 1.96 0.88
[HPP-DEBUG] Input frame is ECLIPTIC. Performing rotation.
[HPP-DEBUG] Initial Pos: 0.04 1.96 0.88
[HPP-DEBUG] Input frame is ECLIPTIC. Performing rotation.
[HPP-DEBUG] Initial Pos: 0.04 1.96 0.88
[HPP-DEBUG] Input frame is ECLIPTIC. Performing rotation.
[HPP-DEBUG] Initial Pos: 0.04 1.96 0.88
[HPP-DEBUG] Input frame is ECLIPTIC. Performing rotation.
[HPP-DEBUG] Initial Pos: 0.04 1.96 0.88
[HPP-DEBUG] Input frame is ECLIPTIC. Performing rotation.
[HPP-DEBUG] Initial Pos: 0.04 1.96 0.88
[HPP-DEBUG] Input frame is ECLIPTIC. Performing rotation.
[HPP-DEBUG] Initial Pos: 0.04 1.96 0.88
[HPP-DEBUG] Input frame is ECLIPTIC. Performing rotation.
[HPP-DEBUG] Initial Pos: 0.04 1.96 0.88
[HPP-DEBUG] Input frame is ECLIPTIC. Performing rotation.
[HPP-DEBUG] Initial Pos: 0.04 1.96 0.88
[HPP-DEBUG] Input frame is ECLIPTIC. Performing rotation.
[HPP-DEBUG] Initial Pos: 0.04 1.96 0.88
[HPP-DEBUG] Input frame is ECLIPTIC. Performing rotation.
[HPP-DEBUG] Initial Pos: 0.04 1.96 0.88
[HPP-DEBUG] Input frame is ECLIPTIC. Performing rotation.
[HPP-DEBUG] Initial Pos: 0.04 1.96 0.88
[HPP-DEBUG] Input frame is ECLIPTIC. Performing rotation.
[HPP-DEBUG] Initial Pos: 0.04 1.96 0.88
[HPP-DEBUG] Input frame is ECLIPTIC. Performing rotation.
[HPP-DEBUG] Initial Pos: 0.04 1.96 0.88
[HPP-DEBUG] Input frame is ECLIPTIC. Performing rotation.
[HPP-DEBUG] Initial Pos: 0.04 1.96 0.88
[HPP-DEBUG] Input frame is ECLIPTIC. Performing rotation.
[HPP-DEBUG] Initial Pos: 0.04 1.96 0.88
[HPP-DEBUG] Input frame is ECLIPTIC. Performing rotation.
[HPP-DEBUG] Initial Pos: 0.04 1.96 0.88
[HPP-DEBUG] Input frame is ECLIPTIC. Performing rotation.
[HPP-DEBUG] Initial Pos: 0.04 1.96 0.88
[HPP-DEBUG] Input frame is ECLIPTIC. Performing rotation.
[HPP-DEBUG] Initial Pos: 0.04 1.96 0.88
[HPP-DEBUG] Input frame is ECLIPTIC. Performing rotation.
[HPP-DEBUG] Initial Pos: 0.04 1.96 0.88
[HPP-DEBUG] Input frame is ECLIPTIC. Performing rotation.
[HPP-DEBUG] Initial Pos: 0.04 1.96 0.88
[HPP-DEBUG] Input frame is ECLIPTIC. Performing rotation.
[HPP-DEBUG] Initial Pos: 0.04 1.96 0.88
[HPP-DEBUG] Input frame is ECLIPTIC. Performing rotation.
[HPP-DEBUG] Initial Pos: 0.04 1.96 0.88
[HPP-DEBUG] Input frame is ECLIPTIC. Performing rotation.
[HPP-DEBUG] Initial Pos: 0.04 1.96 0.88
[HPP-DEBUG] Input frame is ECLIPTIC. Performing rotation.
[HPP-DEBUG] Initial Pos: 0.04 1.96 0.88
[HPP-DEBUG] Input frame is ECLIPTIC. Performing rotation.
[HPP-DEBUG] Initial Pos: 0.04 1.96 0.88
[HPP-DEBUG] Input frame is ECLIPTIC. Performing rotation.
[HPP-DEBUG] Initial Pos: 0.04 1.96 0.88
[HPP-DEBUG] Input frame is ECLIPTIC. Performing rotation.
[HPP-DEBUG] Initial Pos: 0.04 1.96 0.88
[HPP-DEBUG] Input frame is ECLIPTIC. Performing rotation.
[HPP-DEBUG] Initial Pos: 0.04 1.96 0.88
[HPP-DEBUG] Input frame is ECLIPTIC. Performing rotation.
[HPP-DEBUG] Initial Pos: 0.04 1.96 0.88
[HPP-DEBUG] Input frame is ECLIPTIC. Performing rotation.
[HPP-DEBUG] Initial Pos: 0.04 1.96 0.88
[HPP-DEBUG] Input frame is ECLIPTIC. Performing rotation.
[HPP-DEBUG] Initial Pos: 0.04 1.96 0.88
[HPP-DEBUG] Input frame is ECLIPTIC. Performing rotation.
[HPP-DEBUG] Initial Pos: 0.04 1.96 0.88
[PHASE2-DEBUG] Star ID: 148670400327275648
   Star:     RA=65.26 Dec=22.77
   Asteroid: RA=65.27 Dec=22.76
   Dist:     0.02 deg (66.02 arcsec)
[HPP-DEBUG] Input frame is ECLIPTIC. Performing rotation.
[HPP-DEBUG] Initial Pos: 0.04 1.96 0.88
[PHASE2] Entering calculateShadowDetails for star 148670400327275648
[PHASE2] Using Besselian elements for shadow path calculation
[HPP-DEBUG] Input frame is ECLIPTIC. Performing rotation.
[HPP-DEBUG] Initial Pos: 0.04 1.96 0.88
[HPP-DEBUG] Input frame is ECLIPTIC. Performing rotation.
[HPP-DEBUG] Initial Pos: 0.04 1.96 0.88
[HPP-DEBUG] Input frame is ECLIPTIC. Performing rotation.
[HPP-DEBUG] Initial Pos: 0.04 1.96 0.88
[HPP-DEBUG] Input frame is ECLIPTIC. Performing rotation.
[HPP-DEBUG] Initial Pos: 0.04 1.96 0.88
[HPP-DEBUG] Input frame is ECLIPTIC. Performing rotation.
[HPP-DEBUG] Initial Pos: 0.04 1.96 0.88
[HPP-DEBUG] Input frame is ECLIPTIC. Performing rotation.
[HPP-DEBUG] Initial Pos: 0.04 1.96 0.88
[HPP-DEBUG] Input frame is ECLIPTIC. Performing rotation.
[HPP-DEBUG] Initial Pos: 0.04 1.96 0.88
[HPP-DEBUG] Input frame is ECLIPTIC. Performing rotation.
[HPP-DEBUG] Initial Pos: 0.04 1.96 0.88
[HPP-DEBUG] Input frame is ECLIPTIC. Performing rotation.
[HPP-DEBUG] Initial Pos: 0.04 1.96 0.88
[HPP-DEBUG] Input frame is ECLIPTIC. Performing rotation.
[HPP-DEBUG] Initial Pos: 0.04 1.96 0.88
[HPP-DEBUG] Input frame is ECLIPTIC. Performing rotation.
[HPP-DEBUG] Initial Pos: 0.04 1.96 0.88
[HPP-DEBUG] Input frame is ECLIPTIC. Performing rotation.
[HPP-DEBUG] Initial Pos: 0.04 1.96 0.88
[HPP-DEBUG] Input frame is ECLIPTIC. Performing rotation.
[HPP-DEBUG] Initial Pos: 0.04 1.96 0.88
[HPP-DEBUG] Input frame is ECLIPTIC. Performing rotation.
[HPP-DEBUG] Initial Pos: 0.04 1.96 0.88
[HPP-DEBUG] Input frame is ECLIPTIC. Performing rotation.
[HPP-DEBUG] Initial Pos: 0.04 1.96 0.88
[HPP-DEBUG] Input frame is ECLIPTIC. Performing rotation.
[HPP-DEBUG] Initial Pos: 0.04 1.96 0.88
[HPP-DEBUG] Input frame is ECLIPTIC. Performing rotation.
[HPP-DEBUG] Initial Pos: 0.04 1.96 0.88
[HPP-DEBUG] Input frame is ECLIPTIC. Performing rotation.
[HPP-DEBUG] Initial Pos: 0.04 1.96 0.88
[HPP-DEBUG] Input frame is ECLIPTIC. Performing rotation.
[HPP-DEBUG] Initial Pos: 0.04 1.96 0.88
[HPP-DEBUG] Input frame is ECLIPTIC. Performing rotation.
[HPP-DEBUG] Initial Pos: 0.04 1.96 0.88
[HPP-DEBUG] Input frame is ECLIPTIC. Performing rotation.
[HPP-DEBUG] Initial Pos: 0.04 1.96 0.88
[HPP-DEBUG] Input frame is ECLIPTIC. Performing rotation.
[HPP-DEBUG] Initial Pos: 0.04 1.96 0.88
[HPP-DEBUG] Input frame is ECLIPTIC. Performing rotation.
[HPP-DEBUG] Initial Pos: 0.04 1.96 0.88
[HPP-DEBUG] Input frame is ECLIPTIC. Performing rotation.
[HPP-DEBUG] Initial Pos: 0.04 1.96 0.88
[HPP-DEBUG] Input frame is ECLIPTIC. Performing rotation.
[HPP-DEBUG] Initial Pos: 0.04 1.96 0.88
[HPP-DEBUG] Input frame is ECLIPTIC. Performing rotation.
[HPP-DEBUG] Initial Pos: 0.04 1.96 0.88
[HPP-DEBUG] Input frame is ECLIPTIC. Performing rotation.
[HPP-DEBUG] Initial Pos: 0.04 1.96 0.88
[HPP-DEBUG] Input frame is ECLIPTIC. Performing rotation.
[HPP-DEBUG] Initial Pos: 0.04 1.96 0.88
[HPP-DEBUG] Input frame is ECLIPTIC. Performing rotation.
[HPP-DEBUG] Initial Pos: 0.04 1.96 0.88
[HPP-DEBUG] Input frame is ECLIPTIC. Performing rotation.
[HPP-DEBUG] Initial Pos: 0.04 1.96 0.88
[HPP-DEBUG] Input frame is ECLIPTIC. Performing rotation.
[HPP-DEBUG] Initial Pos: 0.04 1.96 0.88
[HPP-DEBUG] Input frame is ECLIPTIC. Performing rotation.
[HPP-DEBUG] Initial Pos: 0.04 1.96 0.88
[HPP-DEBUG] Input frame is ECLIPTIC. Performing rotation.
[HPP-DEBUG] Initial Pos: 0.04 1.96 0.88
[HPP-DEBUG] Input frame is ECLIPTIC. Performing rotation.
[HPP-DEBUG] Initial Pos: 0.04 1.96 0.88
[HPP-DEBUG] Input frame is ECLIPTIC. Performing rotation.
[HPP-DEBUG] Initial Pos: 0.04 1.96 0.88
[HPP-DEBUG] Input frame is ECLIPTIC. Performing rotation.
[HPP-DEBUG] Initial Pos: 0.04 1.96 0.88
[HPP-DEBUG] Input frame is ECLIPTIC. Performing rotation.
[HPP-DEBUG] Initial Pos: 0.04 1.96 0.88
[HPP-DEBUG] Input frame is ECLIPTIC. Performing rotation.
[HPP-DEBUG] Initial Pos: 0.04 1.96 0.88
[HPP-DEBUG] Input frame is ECLIPTIC. Performing rotation.
[HPP-DEBUG] Initial Pos: 0.04 1.96 0.88
[HPP-DEBUG] Input frame is ECLIPTIC. Performing rotation.
[HPP-DEBUG] Initial Pos: 0.04 1.96 0.88
[HPP-DEBUG] Input frame is ECLIPTIC. Performing rotation.
[HPP-DEBUG] Initial Pos: 0.04 1.96 0.88
[HPP-DEBUG] Input frame is ECLIPTIC. Performing rotation.
[HPP-DEBUG] Initial Pos: 0.04 1.96 0.88
[HPP-DEBUG] Input frame is ECLIPTIC. Performing rotation.
[HPP-DEBUG] Initial Pos: 0.04 1.96 0.88
[HPP-DEBUG] Input frame is ECLIPTIC. Performing rotation.
[HPP-DEBUG] Initial Pos: 0.04 1.96 0.88
[OccAnalyzer] Star 148670400327275648: CA=65.99 arcsec, Diam=3.29 arcsec, Ratio=20.05
[OccAnalyzer] Star 148670400327275648 Result: ⚠️ NEAR-MISS (CA=65.99", Diam=3.29")
[HPP-DEBUG] Input frame is ECLIPTIC. Performing rotation.
[HPP-DEBUG] Initial Pos: 0.04 1.96 0.88
[HPP-DEBUG] Input frame is ECLIPTIC. Performing rotation.
[HPP-DEBUG] Initial Pos: 0.04 1.96 0.88
[OccAnalyzer] Step 1: Besselian elements...
[HPP-DEBUG] Input frame is ECLIPTIC. Performing rotation.
[HPP-DEBUG] Initial Pos: 0.04 1.96 0.88
[OccAnalyzer] Step 2: Velocity calculation...
[OccAnalyzer]   Fetching state at dt...
[HPP-DEBUG] Input frame is ECLIPTIC. Performing rotation.
[HPP-DEBUG] Initial Pos: 0.04 1.96 0.88
[OccAnalyzer]   Calculating Besselian elements at dt...
[HPP-DEBUG] Input frame is ECLIPTIC. Performing rotation.
[HPP-DEBUG] Initial Pos: 0.04 1.96 0.88
[OccAnalyzer]   Velocity: x_dt=9.10, y_dt=-5.79
[OccAnalyzer]   Derivatives: dx=0.61, dy=0.95
[OccAnalyzer] Step 3: Generating points...
[OccAnalyzer]   Done. Points: 21
[PHASE2] ✅ Shadow path computed: 21 points in 0.00 sec
[PHASE2]    Propagations: 2 (Besselian vs 21 with Kepler)
[PHASE2] Shadow path integrated successfully
[HPP-DEBUG] Input frame is ECLIPTIC. Performing rotation.
[HPP-DEBUG] Initial Pos: 0.04 1.96 0.88
[HPP-DEBUG] Input frame is ECLIPTIC. Performing rotation.
[HPP-DEBUG] Initial Pos: 0.04 1.96 0.88
[HPP-DEBUG] Input frame is ECLIPTIC. Performing rotation.
[HPP-DEBUG] Initial Pos: 0.04 1.96 0.88
[HPP-DEBUG] Input frame is ECLIPTIC. Performing rotation.
[HPP-DEBUG] Initial Pos: 0.04 1.96 0.88
[HPP-DEBUG] Input frame is ECLIPTIC. Performing rotation.
[HPP-DEBUG] Initial Pos: 0.04 1.96 0.88
[HPP-DEBUG] Input frame is ECLIPTIC. Performing rotation.
[HPP-DEBUG] Initial Pos: 0.04 1.96 0.88
[HPP-DEBUG] Input frame is ECLIPTIC. Performing rotation.
[HPP-DEBUG] Initial Pos: 0.04 1.96 0.88
[HPP-DEBUG] Input frame is ECLIPTIC. Performing rotation.
[HPP-DEBUG] Initial Pos: 0.04 1.96 0.88
[HPP-DEBUG] Input frame is ECLIPTIC. Performing rotation.
[HPP-DEBUG] Initial Pos: 0.04 1.96 0.88
[HPP-DEBUG] Input frame is ECLIPTIC. Performing rotation.
[HPP-DEBUG] Initial Pos: 0.04 1.96 0.88
[HPP-DEBUG] Input frame is ECLIPTIC. Performing rotation.
[HPP-DEBUG] Initial Pos: 0.04 1.96 0.88
[HPP-DEBUG] Input frame is ECLIPTIC. Performing rotation.
[HPP-DEBUG] Initial Pos: 0.04 1.96 0.88
[HPP-DEBUG] Input frame is ECLIPTIC. Performing rotation.
[HPP-DEBUG] Initial Pos: 0.04 1.96 0.88
[HPP-DEBUG] Input frame is ECLIPTIC. Performing rotation.
[HPP-DEBUG] Initial Pos: 0.04 1.96 0.88
[HPP-DEBUG] Input frame is ECLIPTIC. Performing rotation.
[HPP-DEBUG] Initial Pos: 0.04 1.96 0.88
[HPP-DEBUG] Input frame is ECLIPTIC. Performing rotation.
[HPP-DEBUG] Initial Pos: 0.04 1.96 0.88
[HPP-DEBUG] Input frame is ECLIPTIC. Performing rotation.
[HPP-DEBUG] Initial Pos: 0.04 1.96 0.88
[HPP-DEBUG] Input frame is ECLIPTIC. Performing rotation.
[HPP-DEBUG] Initial Pos: 0.04 1.96 0.88
[HPP-DEBUG] Input frame is ECLIPTIC. Performing rotation.
[HPP-DEBUG] Initial Pos: 0.04 1.96 0.88
[HPP-DEBUG] Input frame is ECLIPTIC. Performing rotation.
[HPP-DEBUG] Initial Pos: 0.04 1.96 0.88
[HPP-DEBUG] Input frame is ECLIPTIC. Performing rotation.
[HPP-DEBUG] Initial Pos: 0.04 1.96 0.88
[HPP-DEBUG] Input frame is ECLIPTIC. Performing rotation.
[HPP-DEBUG] Initial Pos: 0.04 1.96 0.88
[HPP-DEBUG] Input frame is ECLIPTIC. Performing rotation.
[HPP-DEBUG] Initial Pos: 0.04 1.96 0.88
[HPP-DEBUG] Input frame is ECLIPTIC. Performing rotation.
[HPP-DEBUG] Initial Pos: 0.04 1.96 0.88
[HPP-DEBUG] Input frame is ECLIPTIC. Performing rotation.
[HPP-DEBUG] Initial Pos: 0.04 1.96 0.88
[HPP-DEBUG] Input frame is ECLIPTIC. Performing rotation.
[HPP-DEBUG] Initial Pos: 0.04 1.96 0.88
[HPP-DEBUG] Input frame is ECLIPTIC. Performing rotation.
[HPP-DEBUG] Initial Pos: 0.04 1.96 0.88
[HPP-DEBUG] Input frame is ECLIPTIC. Performing rotation.
[HPP-DEBUG] Initial Pos: 0.04 1.96 0.88
[HPP-DEBUG] Input frame is ECLIPTIC. Performing rotation.
[HPP-DEBUG] Initial Pos: 0.04 1.96 0.88
[HPP-DEBUG] Input frame is ECLIPTIC. Performing rotation.
[HPP-DEBUG] Initial Pos: 0.04 1.96 0.88
[HPP-DEBUG] Input frame is ECLIPTIC. Performing rotation.
[HPP-DEBUG] Initial Pos: 0.04 1.96 0.88
[HPP-DEBUG] Input frame is ECLIPTIC. Performing rotation.
[HPP-DEBUG] Initial Pos: 0.04 1.96 0.88
[HPP-DEBUG] Input frame is ECLIPTIC. Performing rotation.
[HPP-DEBUG] Initial Pos: 0.04 1.96 0.88
[HPP-DEBUG] Input frame is ECLIPTIC. Performing rotation.
[HPP-DEBUG] Initial Pos: 0.04 1.96 0.88
[HPP-DEBUG] Input frame is ECLIPTIC. Performing rotation.
[HPP-DEBUG] Initial Pos: 0.04 1.96 0.88
[HPP-DEBUG] Input frame is ECLIPTIC. Performing rotation.
[HPP-DEBUG] Initial Pos: 0.04 1.96 0.88
[HPP-DEBUG] Input frame is ECLIPTIC. Performing rotation.
[HPP-DEBUG] Initial Pos: 0.04 1.96 0.88
[HPP-DEBUG] Input frame is ECLIPTIC. Performing rotation.
[HPP-DEBUG] Initial Pos: 0.04 1.96 0.88
[HPP-DEBUG] Input frame is ECLIPTIC. Performing rotation.
[HPP-DEBUG] Initial Pos: 0.04 1.96 0.88
[PHASE2-DEBUG] Star ID: 148764030613184896
   Star:     RA=65.31 Dec=22.78
   Asteroid: RA=65.30 Dec=22.79
   Dist:     0.01 deg (53.13 arcsec)
[HPP-DEBUG] Input frame is ECLIPTIC. Performing rotation.
[HPP-DEBUG] Initial Pos: 0.04 1.96 0.88
[PHASE2] Entering calculateShadowDetails for star 148764030613184896
[PHASE2] Using Besselian elements for shadow path calculation
[HPP-DEBUG] Input frame is ECLIPTIC. Performing rotation.
[HPP-DEBUG] Initial Pos: 0.04 1.96 0.88
[HPP-DEBUG] Input frame is ECLIPTIC. Performing rotation.
[HPP-DEBUG] Initial Pos: 0.04 1.96 0.88
[HPP-DEBUG] Input frame is ECLIPTIC. Performing rotation.
[HPP-DEBUG] Initial Pos: 0.04 1.96 0.88
[HPP-DEBUG] Input frame is ECLIPTIC. Performing rotation.
[HPP-DEBUG] Initial Pos: 0.04 1.96 0.88
[HPP-DEBUG] Input frame is ECLIPTIC. Performing rotation.
[HPP-DEBUG] Initial Pos: 0.04 1.96 0.88
[HPP-DEBUG] Input frame is ECLIPTIC. Performing rotation.
[HPP-DEBUG] Initial Pos: 0.04 1.96 0.88
[HPP-DEBUG] Input frame is ECLIPTIC. Performing rotation.
[HPP-DEBUG] Initial Pos: 0.04 1.96 0.88
[HPP-DEBUG] Input frame is ECLIPTIC. Performing rotation.
[HPP-DEBUG] Initial Pos: 0.04 1.96 0.88
[HPP-DEBUG] Input frame is ECLIPTIC. Performing rotation.
[HPP-DEBUG] Initial Pos: 0.04 1.96 0.88
[HPP-DEBUG] Input frame is ECLIPTIC. Performing rotation.
[HPP-DEBUG] Initial Pos: 0.04 1.96 0.88
[HPP-DEBUG] Input frame is ECLIPTIC. Performing rotation.
[HPP-DEBUG] Initial Pos: 0.04 1.96 0.88
[HPP-DEBUG] Input frame is ECLIPTIC. Performing rotation.
[HPP-DEBUG] Initial Pos: 0.04 1.96 0.88
[HPP-DEBUG] Input frame is ECLIPTIC. Performing rotation.
[HPP-DEBUG] Initial Pos: 0.04 1.96 0.88
[HPP-DEBUG] Input frame is ECLIPTIC. Performing rotation.
[HPP-DEBUG] Initial Pos: 0.04 1.96 0.88
[HPP-DEBUG] Input frame is ECLIPTIC. Performing rotation.
[HPP-DEBUG] Initial Pos: 0.04 1.96 0.88
[HPP-DEBUG] Input frame is ECLIPTIC. Performing rotation.
[HPP-DEBUG] Initial Pos: 0.04 1.96 0.88
[HPP-DEBUG] Input frame is ECLIPTIC. Performing rotation.
[HPP-DEBUG] Initial Pos: 0.04 1.96 0.88
[HPP-DEBUG] Input frame is ECLIPTIC. Performing rotation.
[HPP-DEBUG] Initial Pos: 0.04 1.96 0.88
[HPP-DEBUG] Input frame is ECLIPTIC. Performing rotation.
[HPP-DEBUG] Initial Pos: 0.04 1.96 0.88
[HPP-DEBUG] Input frame is ECLIPTIC. Performing rotation.
[HPP-DEBUG] Initial Pos: 0.04 1.96 0.88
[HPP-DEBUG] Input frame is ECLIPTIC. Performing rotation.
[HPP-DEBUG] Initial Pos: 0.04 1.96 0.88
[HPP-DEBUG] Input frame is ECLIPTIC. Performing rotation.
[HPP-DEBUG] Initial Pos: 0.04 1.96 0.88
[HPP-DEBUG] Input frame is ECLIPTIC. Performing rotation.
[HPP-DEBUG] Initial Pos: 0.04 1.96 0.88
[HPP-DEBUG] Input frame is ECLIPTIC. Performing rotation.
[HPP-DEBUG] Initial Pos: 0.04 1.96 0.88
[HPP-DEBUG] Input frame is ECLIPTIC. Performing rotation.
[HPP-DEBUG] Initial Pos: 0.04 1.96 0.88
[HPP-DEBUG] Input frame is ECLIPTIC. Performing rotation.
[HPP-DEBUG] Initial Pos: 0.04 1.96 0.88
[HPP-DEBUG] Input frame is ECLIPTIC. Performing rotation.
[HPP-DEBUG] Initial Pos: 0.04 1.96 0.88
[HPP-DEBUG] Input frame is ECLIPTIC. Performing rotation.
[HPP-DEBUG] Initial Pos: 0.04 1.96 0.88
[HPP-DEBUG] Input frame is ECLIPTIC. Performing rotation.
[HPP-DEBUG] Initial Pos: 0.04 1.96 0.88
[HPP-DEBUG] Input frame is ECLIPTIC. Performing rotation.
[HPP-DEBUG] Initial Pos: 0.04 1.96 0.88
[HPP-DEBUG] Input frame is ECLIPTIC. Performing rotation.
[HPP-DEBUG] Initial Pos: 0.04 1.96 0.88
[HPP-DEBUG] Input frame is ECLIPTIC. Performing rotation.
[HPP-DEBUG] Initial Pos: 0.04 1.96 0.88
[HPP-DEBUG] Input frame is ECLIPTIC. Performing rotation.
[HPP-DEBUG] Initial Pos: 0.04 1.96 0.88
[HPP-DEBUG] Input frame is ECLIPTIC. Performing rotation.
[HPP-DEBUG] Initial Pos: 0.04 1.96 0.88
[HPP-DEBUG] Input frame is ECLIPTIC. Performing rotation.
[HPP-DEBUG] Initial Pos: 0.04 1.96 0.88
[HPP-DEBUG] Input frame is ECLIPTIC. Performing rotation.
[HPP-DEBUG] Initial Pos: 0.04 1.96 0.88
[HPP-DEBUG] Input frame is ECLIPTIC. Performing rotation.
[HPP-DEBUG] Initial Pos: 0.04 1.96 0.88
[HPP-DEBUG] Input frame is ECLIPTIC. Performing rotation.
[HPP-DEBUG] Initial Pos: 0.04 1.96 0.88
[HPP-DEBUG] Input frame is ECLIPTIC. Performing rotation.
[HPP-DEBUG] Initial Pos: 0.04 1.96 0.88
[HPP-DEBUG] Input frame is ECLIPTIC. Performing rotation.
[HPP-DEBUG] Initial Pos: 0.04 1.96 0.88
[HPP-DEBUG] Input frame is ECLIPTIC. Performing rotation.
[HPP-DEBUG] Initial Pos: 0.04 1.96 0.88
[HPP-DEBUG] Input frame is ECLIPTIC. Performing rotation.
[HPP-DEBUG] Initial Pos: 0.04 1.96 0.88
[HPP-DEBUG] Input frame is ECLIPTIC. Performing rotation.
[HPP-DEBUG] Initial Pos: 0.04 1.96 0.88
[HPP-DEBUG] Input frame is ECLIPTIC. Performing rotation.
[HPP-DEBUG] Initial Pos: 0.04 1.96 0.88
[OccAnalyzer] Star 148764030613184896: CA=53.13 arcsec, Diam=3.28 arcsec, Ratio=16.22
[OccAnalyzer] Star 148764030613184896 Result: ⚠️ NEAR-MISS (CA=53.13", Diam=3.28")
[HPP-DEBUG] Input frame is ECLIPTIC. Performing rotation.
[HPP-DEBUG] Initial Pos: 0.04 1.96 0.88
[HPP-DEBUG] Input frame is ECLIPTIC. Performing rotation.
[HPP-DEBUG] Initial Pos: 0.04 1.96 0.88
[OccAnalyzer] Step 1: Besselian elements...
[HPP-DEBUG] Input frame is ECLIPTIC. Performing rotation.
[HPP-DEBUG] Initial Pos: 0.04 1.96 0.88
[OccAnalyzer] Step 2: Velocity calculation...
[OccAnalyzer]   Fetching state at dt...
[HPP-DEBUG] Input frame is ECLIPTIC. Performing rotation.
[HPP-DEBUG] Initial Pos: 0.04 1.96 0.88
[OccAnalyzer]   Calculating Besselian elements at dt...
[HPP-DEBUG] Input frame is ECLIPTIC. Performing rotation.
[HPP-DEBUG] Initial Pos: 0.04 1.96 0.88
[OccAnalyzer]   Velocity: x_dt=-6.82, y_dt=5.45
[OccAnalyzer]   Derivatives: dx=0.77, dy=0.97
[OccAnalyzer] Step 3: Generating points...
[OccAnalyzer]   Done. Points: 21
[PHASE2] ✅ Shadow path computed: 21 points in 0.01 sec
[PHASE2]    Propagations: 2 (Besselian vs 21 with Kepler)
[PHASE2] Shadow path integrated successfully
[HPP-DEBUG] Input frame is ECLIPTIC. Performing rotation.
[HPP-DEBUG] Initial Pos: 0.04 1.96 0.88
[HPP-DEBUG] Input frame is ECLIPTIC. Performing rotation.
[HPP-DEBUG] Initial Pos: 0.04 1.96 0.88
[HPP-DEBUG] Input frame is ECLIPTIC. Performing rotation.
[HPP-DEBUG] Initial Pos: 0.04 1.96 0.88
[HPP-DEBUG] Input frame is ECLIPTIC. Performing rotation.
[HPP-DEBUG] Initial Pos: 0.04 1.96 0.88
[HPP-DEBUG] Input frame is ECLIPTIC. Performing rotation.
[HPP-DEBUG] Initial Pos: 0.04 1.96 0.88
[HPP-DEBUG] Input frame is ECLIPTIC. Performing rotation.
[HPP-DEBUG] Initial Pos: 0.04 1.96 0.88
[HPP-DEBUG] Input frame is ECLIPTIC. Performing rotation.
[HPP-DEBUG] Initial Pos: 0.04 1.96 0.88
[HPP-DEBUG] Input frame is ECLIPTIC. Performing rotation.
[HPP-DEBUG] Initial Pos: 0.04 1.96 0.88
[HPP-DEBUG] Input frame is ECLIPTIC. Performing rotation.
[HPP-DEBUG] Initial Pos: 0.04 1.96 0.88
[HPP-DEBUG] Input frame is ECLIPTIC. Performing rotation.
[HPP-DEBUG] Initial Pos: 0.04 1.96 0.88
[HPP-DEBUG] Input frame is ECLIPTIC. Performing rotation.
[HPP-DEBUG] Initial Pos: 0.04 1.96 0.88
[HPP-DEBUG] Input frame is ECLIPTIC. Performing rotation.
[HPP-DEBUG] Initial Pos: 0.04 1.96 0.88
[HPP-DEBUG] Input frame is ECLIPTIC. Performing rotation.
[HPP-DEBUG] Initial Pos: 0.04 1.96 0.88
[HPP-DEBUG] Input frame is ECLIPTIC. Performing rotation.
[HPP-DEBUG] Initial Pos: 0.04 1.96 0.88
[HPP-DEBUG] Input frame is ECLIPTIC. Performing rotation.
[HPP-DEBUG] Initial Pos: 0.04 1.96 0.88
[HPP-DEBUG] Input frame is ECLIPTIC. Performing rotation.
[HPP-DEBUG] Initial Pos: 0.04 1.96 0.88
[HPP-DEBUG] Input frame is ECLIPTIC. Performing rotation.
[HPP-DEBUG] Initial Pos: 0.04 1.96 0.88
[HPP-DEBUG] Input frame is ECLIPTIC. Performing rotation.
[HPP-DEBUG] Initial Pos: 0.04 1.96 0.88
[HPP-DEBUG] Input frame is ECLIPTIC. Performing rotation.
[HPP-DEBUG] Initial Pos: 0.04 1.96 0.88
[HPP-DEBUG] Input frame is ECLIPTIC. Performing rotation.
[HPP-DEBUG] Initial Pos: 0.04 1.96 0.88
[HPP-DEBUG] Input frame is ECLIPTIC. Performing rotation.
[HPP-DEBUG] Initial Pos: 0.04 1.96 0.88
[HPP-DEBUG] Input frame is ECLIPTIC. Performing rotation.
[HPP-DEBUG] Initial Pos: 0.04 1.96 0.88
[HPP-DEBUG] Input frame is ECLIPTIC. Performing rotation.
[HPP-DEBUG] Initial Pos: 0.04 1.96 0.88
[HPP-DEBUG] Input frame is ECLIPTIC. Performing rotation.
[HPP-DEBUG] Initial Pos: 0.04 1.96 0.88
[HPP-DEBUG] Input frame is ECLIPTIC. Performing rotation.
[HPP-DEBUG] Initial Pos: 0.04 1.96 0.88
[HPP-DEBUG] Input frame is ECLIPTIC. Performing rotation.
[HPP-DEBUG] Initial Pos: 0.04 1.96 0.88
[HPP-DEBUG] Input frame is ECLIPTIC. Performing rotation.
[HPP-DEBUG] Initial Pos: 0.04 1.96 0.88
[HPP-DEBUG] Input frame is ECLIPTIC. Performing rotation.
[HPP-DEBUG] Initial Pos: 0.04 1.96 0.88
[HPP-DEBUG] Input frame is ECLIPTIC. Performing rotation.
[HPP-DEBUG] Initial Pos: 0.04 1.96 0.88
[HPP-DEBUG] Input frame is ECLIPTIC. Performing rotation.
[HPP-DEBUG] Initial Pos: 0.04 1.96 0.88
[HPP-DEBUG] Input frame is ECLIPTIC. Performing rotation.
[HPP-DEBUG] Initial Pos: 0.04 1.96 0.88
[HPP-DEBUG] Input frame is ECLIPTIC. Performing rotation.
[HPP-DEBUG] Initial Pos: 0.04 1.96 0.88
[HPP-DEBUG] Input frame is ECLIPTIC. Performing rotation.
[HPP-DEBUG] Initial Pos: 0.04 1.96 0.88
[HPP-DEBUG] Input frame is ECLIPTIC. Performing rotation.
[HPP-DEBUG] Initial Pos: 0.04 1.96 0.88
[HPP-DEBUG] Input frame is ECLIPTIC. Performing rotation.
[HPP-DEBUG] Initial Pos: 0.04 1.96 0.88
[HPP-DEBUG] Input frame is ECLIPTIC. Performing rotation.
[HPP-DEBUG] Initial Pos: 0.04 1.96 0.88
[HPP-DEBUG] Input frame is ECLIPTIC. Performing rotation.
[HPP-DEBUG] Initial Pos: 0.04 1.96 0.88
[HPP-DEBUG] Input frame is ECLIPTIC. Performing rotation.
[HPP-DEBUG] Initial Pos: 0.04 1.96 0.88
[HPP-DEBUG] Input frame is ECLIPTIC. Performing rotation.
[HPP-DEBUG] Initial Pos: 0.04 1.96 0.88
[PHASE2-DEBUG] Star ID: 148764301196137216
   Star:     RA=65.27 Dec=22.80
   Asteroid: RA=65.29 Dec=22.79
   Dist:     0.02 deg (87.19 arcsec)
[HPP-DEBUG] Input frame is ECLIPTIC. Performing rotation.
[HPP-DEBUG] Initial Pos: 0.04 1.96 0.88
[PHASE2] Entering calculateShadowDetails for star 148764301196137216
[PHASE2] Using Besselian elements for shadow path calculation
[HPP-DEBUG] Input frame is ECLIPTIC. Performing rotation.
[HPP-DEBUG] Initial Pos: 0.04 1.96 0.88
[HPP-DEBUG] Input frame is ECLIPTIC. Performing rotation.
[HPP-DEBUG] Initial Pos: 0.04 1.96 0.88
[HPP-DEBUG] Input frame is ECLIPTIC. Performing rotation.
[HPP-DEBUG] Initial Pos: 0.04 1.96 0.88
[HPP-DEBUG] Input frame is ECLIPTIC. Performing rotation.
[HPP-DEBUG] Initial Pos: 0.04 1.96 0.88
[HPP-DEBUG] Input frame is ECLIPTIC. Performing rotation.
[HPP-DEBUG] Initial Pos: 0.04 1.96 0.88
[HPP-DEBUG] Input frame is ECLIPTIC. Performing rotation.
[HPP-DEBUG] Initial Pos: 0.04 1.96 0.88
[HPP-DEBUG] Input frame is ECLIPTIC. Performing rotation.
[HPP-DEBUG] Initial Pos: 0.04 1.96 0.88
[HPP-DEBUG] Input frame is ECLIPTIC. Performing rotation.
[HPP-DEBUG] Initial Pos: 0.04 1.96 0.88
[HPP-DEBUG] Input frame is ECLIPTIC. Performing rotation.
[HPP-DEBUG] Initial Pos: 0.04 1.96 0.88
[HPP-DEBUG] Input frame is ECLIPTIC. Performing rotation.
[HPP-DEBUG] Initial Pos: 0.04 1.96 0.88
[HPP-DEBUG] Input frame is ECLIPTIC. Performing rotation.
[HPP-DEBUG] Initial Pos: 0.04 1.96 0.88
[HPP-DEBUG] Input frame is ECLIPTIC. Performing rotation.
[HPP-DEBUG] Initial Pos: 0.04 1.96 0.88
[HPP-DEBUG] Input frame is ECLIPTIC. Performing rotation.
[HPP-DEBUG] Initial Pos: 0.04 1.96 0.88
[HPP-DEBUG] Input frame is ECLIPTIC. Performing rotation.
[HPP-DEBUG] Initial Pos: 0.04 1.96 0.88
[HPP-DEBUG] Input frame is ECLIPTIC. Performing rotation.
[HPP-DEBUG] Initial Pos: 0.04 1.96 0.88
[HPP-DEBUG] Input frame is ECLIPTIC. Performing rotation.
[HPP-DEBUG] Initial Pos: 0.04 1.96 0.88
[HPP-DEBUG] Input frame is ECLIPTIC. Performing rotation.
[HPP-DEBUG] Initial Pos: 0.04 1.96 0.88
[HPP-DEBUG] Input frame is ECLIPTIC. Performing rotation.
[HPP-DEBUG] Initial Pos: 0.04 1.96 0.88
[HPP-DEBUG] Input frame is ECLIPTIC. Performing rotation.
[HPP-DEBUG] Initial Pos: 0.04 1.96 0.88
[HPP-DEBUG] Input frame is ECLIPTIC. Performing rotation.
[HPP-DEBUG] Initial Pos: 0.04 1.96 0.88
[HPP-DEBUG] Input frame is ECLIPTIC. Performing rotation.
[HPP-DEBUG] Initial Pos: 0.04 1.96 0.88
[HPP-DEBUG] Input frame is ECLIPTIC. Performing rotation.
[HPP-DEBUG] Initial Pos: 0.04 1.96 0.88
[HPP-DEBUG] Input frame is ECLIPTIC. Performing rotation.
[HPP-DEBUG] Initial Pos: 0.04 1.96 0.88
[HPP-DEBUG] Input frame is ECLIPTIC. Performing rotation.
[HPP-DEBUG] Initial Pos: 0.04 1.96 0.88
[HPP-DEBUG] Input frame is ECLIPTIC. Performing rotation.
[HPP-DEBUG] Initial Pos: 0.04 1.96 0.88
[HPP-DEBUG] Input frame is ECLIPTIC. Performing rotation.
[HPP-DEBUG] Initial Pos: 0.04 1.96 0.88
[HPP-DEBUG] Input frame is ECLIPTIC. Performing rotation.
[HPP-DEBUG] Initial Pos: 0.04 1.96 0.88
[HPP-DEBUG] Input frame is ECLIPTIC. Performing rotation.
[HPP-DEBUG] Initial Pos: 0.04 1.96 0.88
[HPP-DEBUG] Input frame is ECLIPTIC. Performing rotation.
[HPP-DEBUG] Initial Pos: 0.04 1.96 0.88
[HPP-DEBUG] Input frame is ECLIPTIC. Performing rotation.
[HPP-DEBUG] Initial Pos: 0.04 1.96 0.88
[HPP-DEBUG] Input frame is ECLIPTIC. Performing rotation.
[HPP-DEBUG] Initial Pos: 0.04 1.96 0.88
[HPP-DEBUG] Input frame is ECLIPTIC. Performing rotation.
[HPP-DEBUG] Initial Pos: 0.04 1.96 0.88
[HPP-DEBUG] Input frame is ECLIPTIC. Performing rotation.
[HPP-DEBUG] Initial Pos: 0.04 1.96 0.88
[HPP-DEBUG] Input frame is ECLIPTIC. Performing rotation.
[HPP-DEBUG] Initial Pos: 0.04 1.96 0.88
[HPP-DEBUG] Input frame is ECLIPTIC. Performing rotation.
[HPP-DEBUG] Initial Pos: 0.04 1.96 0.88
[HPP-DEBUG] Input frame is ECLIPTIC. Performing rotation.
[HPP-DEBUG] Initial Pos: 0.04 1.96 0.88
[HPP-DEBUG] Input frame is ECLIPTIC. Performing rotation.
[HPP-DEBUG] Initial Pos: 0.04 1.96 0.88
[HPP-DEBUG] Input frame is ECLIPTIC. Performing rotation.
[HPP-DEBUG] Initial Pos: 0.04 1.96 0.88
[HPP-DEBUG] Input frame is ECLIPTIC. Performing rotation.
[HPP-DEBUG] Initial Pos: 0.04 1.96 0.88
[HPP-DEBUG] Input frame is ECLIPTIC. Performing rotation.
[HPP-DEBUG] Initial Pos: 0.04 1.96 0.88
[HPP-DEBUG] Input frame is ECLIPTIC. Performing rotation.
[HPP-DEBUG] Initial Pos: 0.04 1.96 0.88
[HPP-DEBUG] Input frame is ECLIPTIC. Performing rotation.
[HPP-DEBUG] Initial Pos: 0.04 1.96 0.88
[HPP-DEBUG] Input frame is ECLIPTIC. Performing rotation.
[HPP-DEBUG] Initial Pos: 0.04 1.96 0.88
[HPP-DEBUG] Input frame is ECLIPTIC. Performing rotation.
[HPP-DEBUG] Initial Pos: 0.04 1.96 0.88
[OccAnalyzer] Star 148764301196137216: CA=87.19 arcsec, Diam=3.28 arcsec, Ratio=26.61
[OccAnalyzer] Star 148764301196137216 Result: ⚠️ NEAR-MISS (CA=87.19", Diam=3.28")
[HPP-DEBUG] Input frame is ECLIPTIC. Performing rotation.
[HPP-DEBUG] Initial Pos: 0.04 1.96 0.88
[HPP-DEBUG] Input frame is ECLIPTIC. Performing rotation.
[HPP-DEBUG] Initial Pos: 0.04 1.96 0.88
[OccAnalyzer] Step 1: Besselian elements...
[HPP-DEBUG] Input frame is ECLIPTIC. Performing rotation.
[HPP-DEBUG] Initial Pos: 0.04 1.96 0.88
[OccAnalyzer] Step 2: Velocity calculation...
[OccAnalyzer]   Fetching state at dt...
[HPP-DEBUG] Input frame is ECLIPTIC. Performing rotation.
[HPP-DEBUG] Initial Pos: 0.04 1.96 0.88
[OccAnalyzer]   Calculating Besselian elements at dt...
[HPP-DEBUG] Input frame is ECLIPTIC. Performing rotation.
[HPP-DEBUG] Initial Pos: 0.04 1.96 0.88
[OccAnalyzer]   Velocity: x_dt=11.30, y_dt=-8.79
[OccAnalyzer]   Derivatives: dx=0.76, dy=0.96
[OccAnalyzer] Step 3: Generating points...
[OccAnalyzer]   Done. Points: 21
[PHASE2] ✅ Shadow path computed: 21 points in 0.01 sec
[PHASE2]    Propagations: 2 (Besselian vs 21 with Kepler)
[PHASE2] Shadow path integrated successfully
[HPP-DEBUG] Input frame is ECLIPTIC. Performing rotation.
[HPP-DEBUG] Initial Pos: 0.04 1.96 0.88
[HPP-DEBUG] Input frame is ECLIPTIC. Performing rotation.
[HPP-DEBUG] Initial Pos: 0.04 1.96 0.88
[HPP-DEBUG] Input frame is ECLIPTIC. Performing rotation.
[HPP-DEBUG] Initial Pos: 0.04 1.96 0.88
[HPP-DEBUG] Input frame is ECLIPTIC. Performing rotation.
[HPP-DEBUG] Initial Pos: 0.04 1.96 0.88
[HPP-DEBUG] Input frame is ECLIPTIC. Performing rotation.
[HPP-DEBUG] Initial Pos: 0.04 1.96 0.88
[HPP-DEBUG] Input frame is ECLIPTIC. Performing rotation.
[HPP-DEBUG] Initial Pos: 0.04 1.96 0.88
[HPP-DEBUG] Input frame is ECLIPTIC. Performing rotation.
[HPP-DEBUG] Initial Pos: 0.04 1.96 0.88
[HPP-DEBUG] Input frame is ECLIPTIC. Performing rotation.
[HPP-DEBUG] Initial Pos: 0.04 1.96 0.88
[HPP-DEBUG] Input frame is ECLIPTIC. Performing rotation.
[HPP-DEBUG] Initial Pos: 0.04 1.96 0.88
[HPP-DEBUG] Input frame is ECLIPTIC. Performing rotation.
[HPP-DEBUG] Initial Pos: 0.04 1.96 0.88
[HPP-DEBUG] Input frame is ECLIPTIC. Performing rotation.
[HPP-DEBUG] Initial Pos: 0.04 1.96 0.88
[HPP-DEBUG] Input frame is ECLIPTIC. Performing rotation.
[HPP-DEBUG] Initial Pos: 0.04 1.96 0.88
[HPP-DEBUG] Input frame is ECLIPTIC. Performing rotation.
[HPP-DEBUG] Initial Pos: 0.04 1.96 0.88
[HPP-DEBUG] Input frame is ECLIPTIC. Performing rotation.
[HPP-DEBUG] Initial Pos: 0.04 1.96 0.88
[HPP-DEBUG] Input frame is ECLIPTIC. Performing rotation.
[HPP-DEBUG] Initial Pos: 0.04 1.96 0.88
[HPP-DEBUG] Input frame is ECLIPTIC. Performing rotation.
[HPP-DEBUG] Initial Pos: 0.04 1.96 0.88
[HPP-DEBUG] Input frame is ECLIPTIC. Performing rotation.
[HPP-DEBUG] Initial Pos: 0.04 1.96 0.88
[HPP-DEBUG] Input frame is ECLIPTIC. Performing rotation.
[HPP-DEBUG] Initial Pos: 0.04 1.96 0.88
[HPP-DEBUG] Input frame is ECLIPTIC. Performing rotation.
[HPP-DEBUG] Initial Pos: 0.04 1.96 0.88
[HPP-DEBUG] Input frame is ECLIPTIC. Performing rotation.
[HPP-DEBUG] Initial Pos: 0.04 1.96 0.88
[HPP-DEBUG] Input frame is ECLIPTIC. Performing rotation.
[HPP-DEBUG] Initial Pos: 0.04 1.96 0.88
[HPP-DEBUG] Input frame is ECLIPTIC. Performing rotation.
[HPP-DEBUG] Initial Pos: 0.04 1.96 0.88
[HPP-DEBUG] Input frame is ECLIPTIC. Performing rotation.
[HPP-DEBUG] Initial Pos: 0.04 1.96 0.88
[HPP-DEBUG] Input frame is ECLIPTIC. Performing rotation.
[HPP-DEBUG] Initial Pos: 0.04 1.96 0.88
[HPP-DEBUG] Input frame is ECLIPTIC. Performing rotation.
[HPP-DEBUG] Initial Pos: 0.04 1.96 0.88
[HPP-DEBUG] Input frame is ECLIPTIC. Performing rotation.
[HPP-DEBUG] Initial Pos: 0.04 1.96 0.88
[HPP-DEBUG] Input frame is ECLIPTIC. Performing rotation.
[HPP-DEBUG] Initial Pos: 0.04 1.96 0.88
[HPP-DEBUG] Input frame is ECLIPTIC. Performing rotation.
[HPP-DEBUG] Initial Pos: 0.04 1.96 0.88
[HPP-DEBUG] Input frame is ECLIPTIC. Performing rotation.
[HPP-DEBUG] Initial Pos: 0.04 1.96 0.88
[HPP-DEBUG] Input frame is ECLIPTIC. Performing rotation.
[HPP-DEBUG] Initial Pos: 0.04 1.96 0.88
[HPP-DEBUG] Input frame is ECLIPTIC. Performing rotation.
[HPP-DEBUG] Initial Pos: 0.04 1.96 0.88
[HPP-DEBUG] Input frame is ECLIPTIC. Performing rotation.
[HPP-DEBUG] Initial Pos: 0.04 1.96 0.88
[HPP-DEBUG] Input frame is ECLIPTIC. Performing rotation.
[HPP-DEBUG] Initial Pos: 0.04 1.96 0.88
[HPP-DEBUG] Input frame is ECLIPTIC. Performing rotation.
[HPP-DEBUG] Initial Pos: 0.04 1.96 0.88
[HPP-DEBUG] Input frame is ECLIPTIC. Performing rotation.
[HPP-DEBUG] Initial Pos: 0.04 1.96 0.88
[HPP-DEBUG] Input frame is ECLIPTIC. Performing rotation.
[HPP-DEBUG] Initial Pos: 0.04 1.96 0.88
[HPP-DEBUG] Input frame is ECLIPTIC. Performing rotation.
[HPP-DEBUG] Initial Pos: 0.04 1.96 0.88
[HPP-DEBUG] Input frame is ECLIPTIC. Performing rotation.
[HPP-DEBUG] Initial Pos: 0.04 1.96 0.88
[HPP-DEBUG] Input frame is ECLIPTIC. Performing rotation.
[HPP-DEBUG] Initial Pos: 0.04 1.96 0.88
[PHASE2-DEBUG] Star ID: 148764644794672128
   Star:     RA=65.38 Dec=22.83
   Asteroid: RA=65.33 Dec=22.83
   Dist:     0.04 deg (150.07 arcsec)
[HPP-DEBUG] Input frame is ECLIPTIC. Performing rotation.
[HPP-DEBUG] Initial Pos: 0.04 1.96 0.88
[PHASE2] Entering calculateShadowDetails for star 148764644794672128
[PHASE2] Using Besselian elements for shadow path calculation
[HPP-DEBUG] Input frame is ECLIPTIC. Performing rotation.
[HPP-DEBUG] Initial Pos: 0.04 1.96 0.88
[HPP-DEBUG] Input frame is ECLIPTIC. Performing rotation.
[HPP-DEBUG] Initial Pos: 0.04 1.96 0.88
[HPP-DEBUG] Input frame is ECLIPTIC. Performing rotation.
[HPP-DEBUG] Initial Pos: 0.04 1.96 0.88
[HPP-DEBUG] Input frame is ECLIPTIC. Performing rotation.
[HPP-DEBUG] Initial Pos: 0.04 1.96 0.88
[HPP-DEBUG] Input frame is ECLIPTIC. Performing rotation.
[HPP-DEBUG] Initial Pos: 0.04 1.96 0.88
[HPP-DEBUG] Input frame is ECLIPTIC. Performing rotation.
[HPP-DEBUG] Initial Pos: 0.04 1.96 0.88
[HPP-DEBUG] Input frame is ECLIPTIC. Performing rotation.
[HPP-DEBUG] Initial Pos: 0.04 1.96 0.88
[HPP-DEBUG] Input frame is ECLIPTIC. Performing rotation.
[HPP-DEBUG] Initial Pos: 0.04 1.96 0.88
[HPP-DEBUG] Input frame is ECLIPTIC. Performing rotation.
[HPP-DEBUG] Initial Pos: 0.04 1.96 0.88
[HPP-DEBUG] Input frame is ECLIPTIC. Performing rotation.
[HPP-DEBUG] Initial Pos: 0.04 1.96 0.88
[HPP-DEBUG] Input frame is ECLIPTIC. Performing rotation.
[HPP-DEBUG] Initial Pos: 0.04 1.96 0.88
[HPP-DEBUG] Input frame is ECLIPTIC. Performing rotation.
[HPP-DEBUG] Initial Pos: 0.04 1.96 0.88
[HPP-DEBUG] Input frame is ECLIPTIC. Performing rotation.
[HPP-DEBUG] Initial Pos: 0.04 1.96 0.88
[HPP-DEBUG] Input frame is ECLIPTIC. Performing rotation.
[HPP-DEBUG] Initial Pos: 0.04 1.96 0.88
[HPP-DEBUG] Input frame is ECLIPTIC. Performing rotation.
[HPP-DEBUG] Initial Pos: 0.04 1.96 0.88
[HPP-DEBUG] Input frame is ECLIPTIC. Performing rotation.
[HPP-DEBUG] Initial Pos: 0.04 1.96 0.88
[HPP-DEBUG] Input frame is ECLIPTIC. Performing rotation.
[HPP-DEBUG] Initial Pos: 0.04 1.96 0.88
[HPP-DEBUG] Input frame is ECLIPTIC. Performing rotation.
[HPP-DEBUG] Initial Pos: 0.04 1.96 0.88
[HPP-DEBUG] Input frame is ECLIPTIC. Performing rotation.
[HPP-DEBUG] Initial Pos: 0.04 1.96 0.88
[HPP-DEBUG] Input frame is ECLIPTIC. Performing rotation.
[HPP-DEBUG] Initial Pos: 0.04 1.96 0.88
[HPP-DEBUG] Input frame is ECLIPTIC. Performing rotation.
[HPP-DEBUG] Initial Pos: 0.04 1.96 0.88
[HPP-DEBUG] Input frame is ECLIPTIC. Performing rotation.
[HPP-DEBUG] Initial Pos: 0.04 1.96 0.88
[HPP-DEBUG] Input frame is ECLIPTIC. Performing rotation.
[HPP-DEBUG] Initial Pos: 0.04 1.96 0.88
[HPP-DEBUG] Input frame is ECLIPTIC. Performing rotation.
[HPP-DEBUG] Initial Pos: 0.04 1.96 0.88
[HPP-DEBUG] Input frame is ECLIPTIC. Performing rotation.
[HPP-DEBUG] Initial Pos: 0.04 1.96 0.88
[HPP-DEBUG] Input frame is ECLIPTIC. Performing rotation.
[HPP-DEBUG] Initial Pos: 0.04 1.96 0.88
[HPP-DEBUG] Input frame is ECLIPTIC. Performing rotation.
[HPP-DEBUG] Initial Pos: 0.04 1.96 0.88
[HPP-DEBUG] Input frame is ECLIPTIC. Performing rotation.
[HPP-DEBUG] Initial Pos: 0.04 1.96 0.88
[HPP-DEBUG] Input frame is ECLIPTIC. Performing rotation.
[HPP-DEBUG] Initial Pos: 0.04 1.96 0.88
[HPP-DEBUG] Input frame is ECLIPTIC. Performing rotation.
[HPP-DEBUG] Initial Pos: 0.04 1.96 0.88
[HPP-DEBUG] Input frame is ECLIPTIC. Performing rotation.
[HPP-DEBUG] Initial Pos: 0.04 1.96 0.88
[HPP-DEBUG] Input frame is ECLIPTIC. Performing rotation.
[HPP-DEBUG] Initial Pos: 0.04 1.96 0.88
[HPP-DEBUG] Input frame is ECLIPTIC. Performing rotation.
[HPP-DEBUG] Initial Pos: 0.04 1.96 0.88
[HPP-DEBUG] Input frame is ECLIPTIC. Performing rotation.
[HPP-DEBUG] Initial Pos: 0.04 1.96 0.88
[HPP-DEBUG] Input frame is ECLIPTIC. Performing rotation.
[HPP-DEBUG] Initial Pos: 0.04 1.96 0.88
[HPP-DEBUG] Input frame is ECLIPTIC. Performing rotation.
[HPP-DEBUG] Initial Pos: 0.04 1.96 0.88
[HPP-DEBUG] Input frame is ECLIPTIC. Performing rotation.
[HPP-DEBUG] Initial Pos: 0.04 1.96 0.88
[HPP-DEBUG] Input frame is ECLIPTIC. Performing rotation.
[HPP-DEBUG] Initial Pos: 0.04 1.96 0.88
[HPP-DEBUG] Input frame is ECLIPTIC. Performing rotation.
[HPP-DEBUG] Initial Pos: 0.04 1.96 0.88
[HPP-DEBUG] Input frame is ECLIPTIC. Performing rotation.
[HPP-DEBUG] Initial Pos: 0.04 1.96 0.88
[HPP-DEBUG] Input frame is ECLIPTIC. Performing rotation.
[HPP-DEBUG] Initial Pos: 0.04 1.96 0.88
[HPP-DEBUG] Input frame is ECLIPTIC. Performing rotation.
[HPP-DEBUG] Initial Pos: 0.04 1.96 0.88
[HPP-DEBUG] Input frame is ECLIPTIC. Performing rotation.
[HPP-DEBUG] Initial Pos: 0.04 1.96 0.88
[HPP-DEBUG] Input frame is ECLIPTIC. Performing rotation.
[HPP-DEBUG] Initial Pos: 0.04 1.96 0.88
[OccAnalyzer] Star 148764644794672128: CA=136.35 arcsec, Diam=3.25 arcsec, Ratio=41.91
[OccAnalyzer] Star 148764644794672128 Result: ⚠️ NEAR-MISS (CA=136.35", Diam=3.25")
[HPP-DEBUG] Input frame is ECLIPTIC. Performing rotation.
[HPP-DEBUG] Initial Pos: 0.04 1.96 0.88
[HPP-DEBUG] Input frame is ECLIPTIC. Performing rotation.
[HPP-DEBUG] Initial Pos: 0.04 1.96 0.88
[OccAnalyzer] Step 1: Besselian elements...
[HPP-DEBUG] Input frame is ECLIPTIC. Performing rotation.
[HPP-DEBUG] Initial Pos: 0.04 1.96 0.88
[OccAnalyzer] Step 2: Velocity calculation...
[OccAnalyzer]   Fetching state at dt...
[HPP-DEBUG] Input frame is ECLIPTIC. Performing rotation.
[HPP-DEBUG] Initial Pos: 0.04 1.96 0.88
[OccAnalyzer]   Calculating Besselian elements at dt...
[HPP-DEBUG] Input frame is ECLIPTIC. Performing rotation.
[HPP-DEBUG] Initial Pos: 0.04 1.96 0.88
[OccAnalyzer]   Velocity: x_dt=-22.45, y_dt=1.93
[OccAnalyzer]   Derivatives: dx=0.98, dy=1.00
[OccAnalyzer] Step 3: Generating points...
[OccAnalyzer]   Done. Points: 21
[PHASE2] ✅ Shadow path computed: 21 points in 0.01 sec
[PHASE2]    Propagations: 2 (Besselian vs 21 with Kepler)
[PHASE2] Shadow path integrated successfully
[HPP-DEBUG] Input frame is ECLIPTIC. Performing rotation.
[HPP-DEBUG] Initial Pos: 0.04 1.96 0.88
[HPP-DEBUG] Input frame is ECLIPTIC. Performing rotation.
[HPP-DEBUG] Initial Pos: 0.04 1.96 0.88
[HPP-DEBUG] Input frame is ECLIPTIC. Performing rotation.
[HPP-DEBUG] Initial Pos: 0.04 1.96 0.88
[HPP-DEBUG] Input frame is ECLIPTIC. Performing rotation.
[HPP-DEBUG] Initial Pos: 0.04 1.96 0.88
[HPP-DEBUG] Input frame is ECLIPTIC. Performing rotation.
[HPP-DEBUG] Initial Pos: 0.04 1.96 0.88
[HPP-DEBUG] Input frame is ECLIPTIC. Performing rotation.
[HPP-DEBUG] Initial Pos: 0.04 1.96 0.88
[HPP-DEBUG] Input frame is ECLIPTIC. Performing rotation.
[HPP-DEBUG] Initial Pos: 0.04 1.96 0.88
[HPP-DEBUG] Input frame is ECLIPTIC. Performing rotation.
[HPP-DEBUG] Initial Pos: 0.04 1.96 0.88
[HPP-DEBUG] Input frame is ECLIPTIC. Performing rotation.
[HPP-DEBUG] Initial Pos: 0.04 1.96 0.88
[HPP-DEBUG] Input frame is ECLIPTIC. Performing rotation.
[HPP-DEBUG] Initial Pos: 0.04 1.96 0.88
[HPP-DEBUG] Input frame is ECLIPTIC. Performing rotation.
[HPP-DEBUG] Initial Pos: 0.04 1.96 0.88
[HPP-DEBUG] Input frame is ECLIPTIC. Performing rotation.
[HPP-DEBUG] Initial Pos: 0.04 1.96 0.88
[HPP-DEBUG] Input frame is ECLIPTIC. Performing rotation.
[HPP-DEBUG] Initial Pos: 0.04 1.96 0.88
[HPP-DEBUG] Input frame is ECLIPTIC. Performing rotation.
[HPP-DEBUG] Initial Pos: 0.04 1.96 0.88
[HPP-DEBUG] Input frame is ECLIPTIC. Performing rotation.
[HPP-DEBUG] Initial Pos: 0.04 1.96 0.88
[HPP-DEBUG] Input frame is ECLIPTIC. Performing rotation.
[HPP-DEBUG] Initial Pos: 0.04 1.96 0.88
[HPP-DEBUG] Input frame is ECLIPTIC. Performing rotation.
[HPP-DEBUG] Initial Pos: 0.04 1.96 0.88
[HPP-DEBUG] Input frame is ECLIPTIC. Performing rotation.
[HPP-DEBUG] Initial Pos: 0.04 1.96 0.88
[HPP-DEBUG] Input frame is ECLIPTIC. Performing rotation.
[HPP-DEBUG] Initial Pos: 0.04 1.96 0.88
[HPP-DEBUG] Input frame is ECLIPTIC. Performing rotation.
[HPP-DEBUG] Initial Pos: 0.04 1.96 0.88
[HPP-DEBUG] Input frame is ECLIPTIC. Performing rotation.
[HPP-DEBUG] Initial Pos: 0.04 1.96 0.88
[HPP-DEBUG] Input frame is ECLIPTIC. Performing rotation.
[HPP-DEBUG] Initial Pos: 0.04 1.96 0.88
[HPP-DEBUG] Input frame is ECLIPTIC. Performing rotation.
[HPP-DEBUG] Initial Pos: 0.04 1.96 0.88
[HPP-DEBUG] Input frame is ECLIPTIC. Performing rotation.
[HPP-DEBUG] Initial Pos: 0.04 1.96 0.88
[HPP-DEBUG] Input frame is ECLIPTIC. Performing rotation.
[HPP-DEBUG] Initial Pos: 0.04 1.96 0.88
[HPP-DEBUG] Input frame is ECLIPTIC. Performing rotation.
[HPP-DEBUG] Initial Pos: 0.04 1.96 0.88
[HPP-DEBUG] Input frame is ECLIPTIC. Performing rotation.
[HPP-DEBUG] Initial Pos: 0.04 1.96 0.88
[HPP-DEBUG] Input frame is ECLIPTIC. Performing rotation.
[HPP-DEBUG] Initial Pos: 0.04 1.96 0.88
[HPP-DEBUG] Input frame is ECLIPTIC. Performing rotation.
[HPP-DEBUG] Initial Pos: 0.04 1.96 0.88
[HPP-DEBUG] Input frame is ECLIPTIC. Performing rotation.
[HPP-DEBUG] Initial Pos: 0.04 1.96 0.88
[HPP-DEBUG] Input frame is ECLIPTIC. Performing rotation.
[HPP-DEBUG] Initial Pos: 0.04 1.96 0.88
[HPP-DEBUG] Input frame is ECLIPTIC. Performing rotation.
[HPP-DEBUG] Initial Pos: 0.04 1.96 0.88
[HPP-DEBUG] Input frame is ECLIPTIC. Performing rotation.
[HPP-DEBUG] Initial Pos: 0.04 1.96 0.88
[HPP-DEBUG] Input frame is ECLIPTIC. Performing rotation.
[HPP-DEBUG] Initial Pos: 0.04 1.96 0.88
[HPP-DEBUG] Input frame is ECLIPTIC. Performing rotation.
[HPP-DEBUG] Initial Pos: 0.04 1.96 0.88
[HPP-DEBUG] Input frame is ECLIPTIC. Performing rotation.
[HPP-DEBUG] Initial Pos: 0.04 1.96 0.88
[HPP-DEBUG] Input frame is ECLIPTIC. Performing rotation.
[HPP-DEBUG] Initial Pos: 0.04 1.96 0.88
[HPP-DEBUG] Input frame is ECLIPTIC. Performing rotation.
[HPP-DEBUG] Initial Pos: 0.04 1.96 0.88
[HPP-DEBUG] Input frame is ECLIPTIC. Performing rotation.
[HPP-DEBUG] Initial Pos: 0.04 1.96 0.88
[PHASE2-DEBUG] Star ID: 148765886040966784
   Star:     RA=65.29 Dec=22.86
   Asteroid: RA=65.33 Dec=22.83
   Dist:     0.05 deg (190.25 arcsec)
[HPP-DEBUG] Input frame is ECLIPTIC. Performing rotation.
[HPP-DEBUG] Initial Pos: 0.04 1.96 0.88
[PHASE2] Entering calculateShadowDetails for star 148765886040966784
[PHASE2] Using Besselian elements for shadow path calculation
[HPP-DEBUG] Input frame is ECLIPTIC. Performing rotation.
[HPP-DEBUG] Initial Pos: 0.04 1.96 0.88
[HPP-DEBUG] Input frame is ECLIPTIC. Performing rotation.
[HPP-DEBUG] Initial Pos: 0.04 1.96 0.88
[HPP-DEBUG] Input frame is ECLIPTIC. Performing rotation.
[HPP-DEBUG] Initial Pos: 0.04 1.96 0.88
[HPP-DEBUG] Input frame is ECLIPTIC. Performing rotation.
[HPP-DEBUG] Initial Pos: 0.04 1.96 0.88
[HPP-DEBUG] Input frame is ECLIPTIC. Performing rotation.
[HPP-DEBUG] Initial Pos: 0.04 1.96 0.88
[HPP-DEBUG] Input frame is ECLIPTIC. Performing rotation.
[HPP-DEBUG] Initial Pos: 0.04 1.96 0.88
[HPP-DEBUG] Input frame is ECLIPTIC. Performing rotation.
[HPP-DEBUG] Initial Pos: 0.04 1.96 0.88
[HPP-DEBUG] Input frame is ECLIPTIC. Performing rotation.
[HPP-DEBUG] Initial Pos: 0.04 1.96 0.88
[HPP-DEBUG] Input frame is ECLIPTIC. Performing rotation.
[HPP-DEBUG] Initial Pos: 0.04 1.96 0.88
[HPP-DEBUG] Input frame is ECLIPTIC. Performing rotation.
[HPP-DEBUG] Initial Pos: 0.04 1.96 0.88
[HPP-DEBUG] Input frame is ECLIPTIC. Performing rotation.
[HPP-DEBUG] Initial Pos: 0.04 1.96 0.88
[HPP-DEBUG] Input frame is ECLIPTIC. Performing rotation.
[HPP-DEBUG] Initial Pos: 0.04 1.96 0.88
[HPP-DEBUG] Input frame is ECLIPTIC. Performing rotation.
[HPP-DEBUG] Initial Pos: 0.04 1.96 0.88
[HPP-DEBUG] Input frame is ECLIPTIC. Performing rotation.
[HPP-DEBUG] Initial Pos: 0.04 1.96 0.88
[HPP-DEBUG] Input frame is ECLIPTIC. Performing rotation.
[HPP-DEBUG] Initial Pos: 0.04 1.96 0.88
[HPP-DEBUG] Input frame is ECLIPTIC. Performing rotation.
[HPP-DEBUG] Initial Pos: 0.04 1.96 0.88
[HPP-DEBUG] Input frame is ECLIPTIC. Performing rotation.
[HPP-DEBUG] Initial Pos: 0.04 1.96 0.88
[HPP-DEBUG] Input frame is ECLIPTIC. Performing rotation.
[HPP-DEBUG] Initial Pos: 0.04 1.96 0.88
[HPP-DEBUG] Input frame is ECLIPTIC. Performing rotation.
[HPP-DEBUG] Initial Pos: 0.04 1.96 0.88
[HPP-DEBUG] Input frame is ECLIPTIC. Performing rotation.
[HPP-DEBUG] Initial Pos: 0.04 1.96 0.88
[HPP-DEBUG] Input frame is ECLIPTIC. Performing rotation.
[HPP-DEBUG] Initial Pos: 0.04 1.96 0.88
[HPP-DEBUG] Input frame is ECLIPTIC. Performing rotation.
[HPP-DEBUG] Initial Pos: 0.04 1.96 0.88
[HPP-DEBUG] Input frame is ECLIPTIC. Performing rotation.
[HPP-DEBUG] Initial Pos: 0.04 1.96 0.88
[HPP-DEBUG] Input frame is ECLIPTIC. Performing rotation.
[HPP-DEBUG] Initial Pos: 0.04 1.96 0.88
[HPP-DEBUG] Input frame is ECLIPTIC. Performing rotation.
[HPP-DEBUG] Initial Pos: 0.04 1.96 0.88
[HPP-DEBUG] Input frame is ECLIPTIC. Performing rotation.
[HPP-DEBUG] Initial Pos: 0.04 1.96 0.88
[HPP-DEBUG] Input frame is ECLIPTIC. Performing rotation.
[HPP-DEBUG] Initial Pos: 0.04 1.96 0.88
[HPP-DEBUG] Input frame is ECLIPTIC. Performing rotation.
[HPP-DEBUG] Initial Pos: 0.04 1.96 0.88
[HPP-DEBUG] Input frame is ECLIPTIC. Performing rotation.
[HPP-DEBUG] Initial Pos: 0.04 1.96 0.88
[HPP-DEBUG] Input frame is ECLIPTIC. Performing rotation.
[HPP-DEBUG] Initial Pos: 0.04 1.96 0.88
[HPP-DEBUG] Input frame is ECLIPTIC. Performing rotation.
[HPP-DEBUG] Initial Pos: 0.04 1.96 0.88
[HPP-DEBUG] Input frame is ECLIPTIC. Performing rotation.
[HPP-DEBUG] Initial Pos: 0.04 1.96 0.88
[HPP-DEBUG] Input frame is ECLIPTIC. Performing rotation.
[HPP-DEBUG] Initial Pos: 0.04 1.96 0.88
[HPP-DEBUG] Input frame is ECLIPTIC. Performing rotation.
[HPP-DEBUG] Initial Pos: 0.04 1.96 0.88
[HPP-DEBUG] Input frame is ECLIPTIC. Performing rotation.
[HPP-DEBUG] Initial Pos: 0.04 1.96 0.88
[HPP-DEBUG] Input frame is ECLIPTIC. Performing rotation.
[HPP-DEBUG] Initial Pos: 0.04 1.96 0.88
[HPP-DEBUG] Input frame is ECLIPTIC. Performing rotation.
[HPP-DEBUG] Initial Pos: 0.04 1.96 0.88
[HPP-DEBUG] Input frame is ECLIPTIC. Performing rotation.
[HPP-DEBUG] Initial Pos: 0.04 1.96 0.88
[HPP-DEBUG] Input frame is ECLIPTIC. Performing rotation.
[HPP-DEBUG] Initial Pos: 0.04 1.96 0.88
[HPP-DEBUG] Input frame is ECLIPTIC. Performing rotation.
[HPP-DEBUG] Initial Pos: 0.04 1.96 0.88
[HPP-DEBUG] Input frame is ECLIPTIC. Performing rotation.
[HPP-DEBUG] Initial Pos: 0.04 1.96 0.88
[HPP-DEBUG] Input frame is ECLIPTIC. Performing rotation.
[HPP-DEBUG] Initial Pos: 0.04 1.96 0.88
[HPP-DEBUG] Input frame is ECLIPTIC. Performing rotation.
[HPP-DEBUG] Initial Pos: 0.04 1.96 0.88
[HPP-DEBUG] Input frame is ECLIPTIC. Performing rotation.
[HPP-DEBUG] Initial Pos: 0.04 1.96 0.88
[OccAnalyzer] Star 148765886040966784: CA=190.25 arcsec, Diam=3.26 arcsec, Ratio=58.44
[OccAnalyzer] Star 148765886040966784 Result: ⚠️ NEAR-MISS (CA=190.25", Diam=3.26")
[HPP-DEBUG] Input frame is ECLIPTIC. Performing rotation.
[HPP-DEBUG] Initial Pos: 0.04 1.96 0.88
[HPP-DEBUG] Input frame is ECLIPTIC. Performing rotation.
[HPP-DEBUG] Initial Pos: 0.04 1.96 0.88
[OccAnalyzer] Step 1: Besselian elements...
[HPP-DEBUG] Input frame is ECLIPTIC. Performing rotation.
[HPP-DEBUG] Initial Pos: 0.04 1.96 0.88
[OccAnalyzer] Step 2: Velocity calculation...
[OccAnalyzer]   Fetching state at dt...
[HPP-DEBUG] Input frame is ECLIPTIC. Performing rotation.
[HPP-DEBUG] Initial Pos: 0.04 1.96 0.88
[OccAnalyzer]   Calculating Besselian elements at dt...
[HPP-DEBUG] Input frame is ECLIPTIC. Performing rotation.
[HPP-DEBUG] Initial Pos: 0.04 1.96 0.88
[OccAnalyzer]   Velocity: x_dt=22.54, y_dt=-21.92
[OccAnalyzer]   Derivatives: dx=0.97, dy=0.99
[OccAnalyzer] Step 3: Generating points...
[OccAnalyzer]   Done. Points: 21
[PHASE2] ✅ Shadow path computed: 21 points in 0.01 sec
[PHASE2]    Propagations: 2 (Besselian vs 21 with Kepler)
[PHASE2] Shadow path integrated successfully
[HPP-DEBUG] Input frame is ECLIPTIC. Performing rotation.
[HPP-DEBUG] Initial Pos: 0.04 1.96 0.88
[HPP-DEBUG] Input frame is ECLIPTIC. Performing rotation.
[HPP-DEBUG] Initial Pos: 0.04 1.96 0.88
[HPP-DEBUG] Input frame is ECLIPTIC. Performing rotation.
[HPP-DEBUG] Initial Pos: 0.04 1.96 0.88
[HPP-DEBUG] Input frame is ECLIPTIC. Performing rotation.
[HPP-DEBUG] Initial Pos: 0.04 1.96 0.88
[HPP-DEBUG] Input frame is ECLIPTIC. Performing rotation.
[HPP-DEBUG] Initial Pos: 0.04 1.96 0.88
[HPP-DEBUG] Input frame is ECLIPTIC. Performing rotation.
[HPP-DEBUG] Initial Pos: 0.04 1.96 0.88
[HPP-DEBUG] Input frame is ECLIPTIC. Performing rotation.
[HPP-DEBUG] Initial Pos: 0.04 1.96 0.88
[HPP-DEBUG] Input frame is ECLIPTIC. Performing rotation.
[HPP-DEBUG] Initial Pos: 0.04 1.96 0.88
[HPP-DEBUG] Input frame is ECLIPTIC. Performing rotation.
[HPP-DEBUG] Initial Pos: 0.04 1.96 0.88
[HPP-DEBUG] Input frame is ECLIPTIC. Performing rotation.
[HPP-DEBUG] Initial Pos: 0.04 1.96 0.88
[HPP-DEBUG] Input frame is ECLIPTIC. Performing rotation.
[HPP-DEBUG] Initial Pos: 0.04 1.96 0.88
[HPP-DEBUG] Input frame is ECLIPTIC. Performing rotation.
[HPP-DEBUG] Initial Pos: 0.04 1.96 0.88
[HPP-DEBUG] Input frame is ECLIPTIC. Performing rotation.
[HPP-DEBUG] Initial Pos: 0.04 1.96 0.88
[HPP-DEBUG] Input frame is ECLIPTIC. Performing rotation.
[HPP-DEBUG] Initial Pos: 0.04 1.96 0.88
[HPP-DEBUG] Input frame is ECLIPTIC. Performing rotation.
[HPP-DEBUG] Initial Pos: 0.04 1.96 0.88
[HPP-DEBUG] Input frame is ECLIPTIC. Performing rotation.
[HPP-DEBUG] Initial Pos: 0.04 1.96 0.88
[HPP-DEBUG] Input frame is ECLIPTIC. Performing rotation.
[HPP-DEBUG] Initial Pos: 0.04 1.96 0.88
[HPP-DEBUG] Input frame is ECLIPTIC. Performing rotation.
[HPP-DEBUG] Initial Pos: 0.04 1.96 0.88
[HPP-DEBUG] Input frame is ECLIPTIC. Performing rotation.
[HPP-DEBUG] Initial Pos: 0.04 1.96 0.88
[HPP-DEBUG] Input frame is ECLIPTIC. Performing rotation.
[HPP-DEBUG] Initial Pos: 0.04 1.96 0.88
[HPP-DEBUG] Input frame is ECLIPTIC. Performing rotation.
[HPP-DEBUG] Initial Pos: 0.04 1.96 0.88
[HPP-DEBUG] Input frame is ECLIPTIC. Performing rotation.
[HPP-DEBUG] Initial Pos: 0.04 1.96 0.88
[HPP-DEBUG] Input frame is ECLIPTIC. Performing rotation.
[HPP-DEBUG] Initial Pos: 0.04 1.96 0.88
[HPP-DEBUG] Input frame is ECLIPTIC. Performing rotation.
[HPP-DEBUG] Initial Pos: 0.04 1.96 0.88
[HPP-DEBUG] Input frame is ECLIPTIC. Performing rotation.
[HPP-DEBUG] Initial Pos: 0.04 1.96 0.88
[HPP-DEBUG] Input frame is ECLIPTIC. Performing rotation.
[HPP-DEBUG] Initial Pos: 0.04 1.96 0.88
[HPP-DEBUG] Input frame is ECLIPTIC. Performing rotation.
[HPP-DEBUG] Initial Pos: 0.04 1.96 0.88
[HPP-DEBUG] Input frame is ECLIPTIC. Performing rotation.
[HPP-DEBUG] Initial Pos: 0.04 1.96 0.88
[HPP-DEBUG] Input frame is ECLIPTIC. Performing rotation.
[HPP-DEBUG] Initial Pos: 0.04 1.96 0.88
[HPP-DEBUG] Input frame is ECLIPTIC. Performing rotation.
[HPP-DEBUG] Initial Pos: 0.04 1.96 0.88
[HPP-DEBUG] Input frame is ECLIPTIC. Performing rotation.
[HPP-DEBUG] Initial Pos: 0.04 1.96 0.88
[HPP-DEBUG] Input frame is ECLIPTIC. Performing rotation.
[HPP-DEBUG] Initial Pos: 0.04 1.96 0.88
[HPP-DEBUG] Input frame is ECLIPTIC. Performing rotation.
[HPP-DEBUG] Initial Pos: 0.04 1.96 0.88
[HPP-DEBUG] Input frame is ECLIPTIC. Performing rotation.
[HPP-DEBUG] Initial Pos: 0.04 1.96 0.88
[HPP-DEBUG] Input frame is ECLIPTIC. Performing rotation.
[HPP-DEBUG] Initial Pos: 0.04 1.96 0.88
[HPP-DEBUG] Input frame is ECLIPTIC. Performing rotation.
[HPP-DEBUG] Initial Pos: 0.04 1.96 0.88
[HPP-DEBUG] Input frame is ECLIPTIC. Performing rotation.
[HPP-DEBUG] Initial Pos: 0.04 1.96 0.88
[HPP-DEBUG] Input frame is ECLIPTIC. Performing rotation.
[HPP-DEBUG] Initial Pos: 0.04 1.96 0.88
[HPP-DEBUG] Input frame is ECLIPTIC. Performing rotation.
[HPP-DEBUG] Initial Pos: 0.04 1.96 0.88
[PHASE2-DEBUG] Star ID: 148765679882534272
   Star:     RA=65.30 Dec=22.87
   Asteroid: RA=65.33 Dec=22.83
   Dist:     0.05 deg (171.26 arcsec)
[HPP-DEBUG] Input frame is ECLIPTIC. Performing rotation.
[HPP-DEBUG] Initial Pos: 0.04 1.96 0.88
[PHASE2] Entering calculateShadowDetails for star 148765679882534272
[PHASE2] Using Besselian elements for shadow path calculation
[HPP-DEBUG] Input frame is ECLIPTIC. Performing rotation.
[HPP-DEBUG] Initial Pos: 0.04 1.96 0.88
[HPP-DEBUG] Input frame is ECLIPTIC. Performing rotation.
[HPP-DEBUG] Initial Pos: 0.04 1.96 0.88
[HPP-DEBUG] Input frame is ECLIPTIC. Performing rotation.
[HPP-DEBUG] Initial Pos: 0.04 1.96 0.88
[HPP-DEBUG] Input frame is ECLIPTIC. Performing rotation.
[HPP-DEBUG] Initial Pos: 0.04 1.96 0.88
[HPP-DEBUG] Input frame is ECLIPTIC. Performing rotation.
[HPP-DEBUG] Initial Pos: 0.04 1.96 0.88
[HPP-DEBUG] Input frame is ECLIPTIC. Performing rotation.
[HPP-DEBUG] Initial Pos: 0.04 1.96 0.88
[HPP-DEBUG] Input frame is ECLIPTIC. Performing rotation.
[HPP-DEBUG] Initial Pos: 0.04 1.96 0.88
[HPP-DEBUG] Input frame is ECLIPTIC. Performing rotation.
[HPP-DEBUG] Initial Pos: 0.04 1.96 0.88
[HPP-DEBUG] Input frame is ECLIPTIC. Performing rotation.
[HPP-DEBUG] Initial Pos: 0.04 1.96 0.88
[HPP-DEBUG] Input frame is ECLIPTIC. Performing rotation.
[HPP-DEBUG] Initial Pos: 0.04 1.96 0.88
[HPP-DEBUG] Input frame is ECLIPTIC. Performing rotation.
[HPP-DEBUG] Initial Pos: 0.04 1.96 0.88
[HPP-DEBUG] Input frame is ECLIPTIC. Performing rotation.
[HPP-DEBUG] Initial Pos: 0.04 1.96 0.88
[HPP-DEBUG] Input frame is ECLIPTIC. Performing rotation.
[HPP-DEBUG] Initial Pos: 0.04 1.96 0.88
[HPP-DEBUG] Input frame is ECLIPTIC. Performing rotation.
[HPP-DEBUG] Initial Pos: 0.04 1.96 0.88
[HPP-DEBUG] Input frame is ECLIPTIC. Performing rotation.
[HPP-DEBUG] Initial Pos: 0.04 1.96 0.88
[HPP-DEBUG] Input frame is ECLIPTIC. Performing rotation.
[HPP-DEBUG] Initial Pos: 0.04 1.96 0.88
[HPP-DEBUG] Input frame is ECLIPTIC. Performing rotation.
[HPP-DEBUG] Initial Pos: 0.04 1.96 0.88
[HPP-DEBUG] Input frame is ECLIPTIC. Performing rotation.
[HPP-DEBUG] Initial Pos: 0.04 1.96 0.88
[HPP-DEBUG] Input frame is ECLIPTIC. Performing rotation.
[HPP-DEBUG] Initial Pos: 0.04 1.96 0.88
[HPP-DEBUG] Input frame is ECLIPTIC. Performing rotation.
[HPP-DEBUG] Initial Pos: 0.04 1.96 0.88
[HPP-DEBUG] Input frame is ECLIPTIC. Performing rotation.
[HPP-DEBUG] Initial Pos: 0.04 1.96 0.88
[HPP-DEBUG] Input frame is ECLIPTIC. Performing rotation.
[HPP-DEBUG] Initial Pos: 0.04 1.96 0.88
[HPP-DEBUG] Input frame is ECLIPTIC. Performing rotation.
[HPP-DEBUG] Initial Pos: 0.04 1.96 0.88
[HPP-DEBUG] Input frame is ECLIPTIC. Performing rotation.
[HPP-DEBUG] Initial Pos: 0.04 1.96 0.88
[HPP-DEBUG] Input frame is ECLIPTIC. Performing rotation.
[HPP-DEBUG] Initial Pos: 0.04 1.96 0.88
[HPP-DEBUG] Input frame is ECLIPTIC. Performing rotation.
[HPP-DEBUG] Initial Pos: 0.04 1.96 0.88
[HPP-DEBUG] Input frame is ECLIPTIC. Performing rotation.
[HPP-DEBUG] Initial Pos: 0.04 1.96 0.88
[HPP-DEBUG] Input frame is ECLIPTIC. Performing rotation.
[HPP-DEBUG] Initial Pos: 0.04 1.96 0.88
[HPP-DEBUG] Input frame is ECLIPTIC. Performing rotation.
[HPP-DEBUG] Initial Pos: 0.04 1.96 0.88
[HPP-DEBUG] Input frame is ECLIPTIC. Performing rotation.
[HPP-DEBUG] Initial Pos: 0.04 1.96 0.88
[HPP-DEBUG] Input frame is ECLIPTIC. Performing rotation.
[HPP-DEBUG] Initial Pos: 0.04 1.96 0.88
[HPP-DEBUG] Input frame is ECLIPTIC. Performing rotation.
[HPP-DEBUG] Initial Pos: 0.04 1.96 0.88
[HPP-DEBUG] Input frame is ECLIPTIC. Performing rotation.
[HPP-DEBUG] Initial Pos: 0.04 1.96 0.88
[HPP-DEBUG] Input frame is ECLIPTIC. Performing rotation.
[HPP-DEBUG] Initial Pos: 0.04 1.96 0.88
[HPP-DEBUG] Input frame is ECLIPTIC. Performing rotation.
[HPP-DEBUG] Initial Pos: 0.04 1.96 0.88
[HPP-DEBUG] Input frame is ECLIPTIC. Performing rotation.
[HPP-DEBUG] Initial Pos: 0.04 1.96 0.88
[HPP-DEBUG] Input frame is ECLIPTIC. Performing rotation.
[HPP-DEBUG] Initial Pos: 0.04 1.96 0.88
[HPP-DEBUG] Input frame is ECLIPTIC. Performing rotation.
[HPP-DEBUG] Initial Pos: 0.04 1.96 0.88
[HPP-DEBUG] Input frame is ECLIPTIC. Performing rotation.
[HPP-DEBUG] Initial Pos: 0.04 1.96 0.88
[HPP-DEBUG] Input frame is ECLIPTIC. Performing rotation.
[HPP-DEBUG] Initial Pos: 0.04 1.96 0.88
[HPP-DEBUG] Input frame is ECLIPTIC. Performing rotation.
[HPP-DEBUG] Initial Pos: 0.04 1.96 0.88
[HPP-DEBUG] Input frame is ECLIPTIC. Performing rotation.
[HPP-DEBUG] Initial Pos: 0.04 1.96 0.88
[HPP-DEBUG] Input frame is ECLIPTIC. Performing rotation.
[HPP-DEBUG] Initial Pos: 0.04 1.96 0.88
[HPP-DEBUG] Input frame is ECLIPTIC. Performing rotation.
[HPP-DEBUG] Initial Pos: 0.04 1.96 0.88
[OccAnalyzer] Star 148765679882534272: CA=167.18 arcsec, Diam=3.25 arcsec, Ratio=51.38
[OccAnalyzer] Star 148765679882534272 Result: ⚠️ NEAR-MISS (CA=167.18", Diam=3.25")
[HPP-DEBUG] Input frame is ECLIPTIC. Performing rotation.
[HPP-DEBUG] Initial Pos: 0.04 1.96 0.88
[HPP-DEBUG] Input frame is ECLIPTIC. Performing rotation.
[HPP-DEBUG] Initial Pos: 0.04 1.96 0.88
[OccAnalyzer] Step 1: Besselian elements...
[HPP-DEBUG] Input frame is ECLIPTIC. Performing rotation.
[HPP-DEBUG] Initial Pos: 0.04 1.96 0.88
[OccAnalyzer] Step 2: Velocity calculation...
[OccAnalyzer]   Fetching state at dt...
[HPP-DEBUG] Input frame is ECLIPTIC. Performing rotation.
[HPP-DEBUG] Initial Pos: 0.04 1.96 0.88
[OccAnalyzer]   Calculating Besselian elements at dt...
[HPP-DEBUG] Input frame is ECLIPTIC. Performing rotation.
[HPP-DEBUG] Initial Pos: 0.04 1.96 0.88
[OccAnalyzer]   Velocity: x_dt=16.75, y_dt=-21.99
[OccAnalyzer]   Derivatives: dx=0.99, dy=0.99
[OccAnalyzer] Step 3: Generating points...
[OccAnalyzer]   Done. Points: 21
[PHASE2] ✅ Shadow path computed: 21 points in 0.01 sec
[PHASE2]    Propagations: 2 (Besselian vs 21 with Kepler)
[PHASE2] Shadow path integrated successfully
[HPP-DEBUG] Input frame is ECLIPTIC. Performing rotation.
[HPP-DEBUG] Initial Pos: 0.04 1.96 0.88
[HPP-DEBUG] Input frame is ECLIPTIC. Performing rotation.
[HPP-DEBUG] Initial Pos: 0.04 1.96 0.88
[HPP-DEBUG] Input frame is ECLIPTIC. Performing rotation.
[HPP-DEBUG] Initial Pos: 0.04 1.96 0.88
[HPP-DEBUG] Input frame is ECLIPTIC. Performing rotation.
[HPP-DEBUG] Initial Pos: 0.04 1.96 0.88
[HPP-DEBUG] Input frame is ECLIPTIC. Performing rotation.
[HPP-DEBUG] Initial Pos: 0.04 1.96 0.88
[HPP-DEBUG] Input frame is ECLIPTIC. Performing rotation.
[HPP-DEBUG] Initial Pos: 0.04 1.96 0.88
[HPP-DEBUG] Input frame is ECLIPTIC. Performing rotation.
[HPP-DEBUG] Initial Pos: 0.04 1.96 0.88
[HPP-DEBUG] Input frame is ECLIPTIC. Performing rotation.
[HPP-DEBUG] Initial Pos: 0.04 1.96 0.88
[HPP-DEBUG] Input frame is ECLIPTIC. Performing rotation.
[HPP-DEBUG] Initial Pos: 0.04 1.96 0.88
[HPP-DEBUG] Input frame is ECLIPTIC. Performing rotation.
[HPP-DEBUG] Initial Pos: 0.04 1.96 0.88
[HPP-DEBUG] Input frame is ECLIPTIC. Performing rotation.
[HPP-DEBUG] Initial Pos: 0.04 1.96 0.88
[HPP-DEBUG] Input frame is ECLIPTIC. Performing rotation.
[HPP-DEBUG] Initial Pos: 0.04 1.96 0.88
[HPP-DEBUG] Input frame is ECLIPTIC. Performing rotation.
[HPP-DEBUG] Initial Pos: 0.04 1.96 0.88
[HPP-DEBUG] Input frame is ECLIPTIC. Performing rotation.
[HPP-DEBUG] Initial Pos: 0.04 1.96 0.88
[HPP-DEBUG] Input frame is ECLIPTIC. Performing rotation.
[HPP-DEBUG] Initial Pos: 0.04 1.96 0.88
[HPP-DEBUG] Input frame is ECLIPTIC. Performing rotation.
[HPP-DEBUG] Initial Pos: 0.04 1.96 0.88
[HPP-DEBUG] Input frame is ECLIPTIC. Performing rotation.
[HPP-DEBUG] Initial Pos: 0.04 1.96 0.88
[HPP-DEBUG] Input frame is ECLIPTIC. Performing rotation.
[HPP-DEBUG] Initial Pos: 0.04 1.96 0.88
[HPP-DEBUG] Input frame is ECLIPTIC. Performing rotation.
[HPP-DEBUG] Initial Pos: 0.04 1.96 0.88
[HPP-DEBUG] Input frame is ECLIPTIC. Performing rotation.
[HPP-DEBUG] Initial Pos: 0.04 1.96 0.88
[HPP-DEBUG] Input frame is ECLIPTIC. Performing rotation.
[HPP-DEBUG] Initial Pos: 0.04 1.96 0.88
[HPP-DEBUG] Input frame is ECLIPTIC. Performing rotation.
[HPP-DEBUG] Initial Pos: 0.04 1.96 0.88
[HPP-DEBUG] Input frame is ECLIPTIC. Performing rotation.
[HPP-DEBUG] Initial Pos: 0.04 1.96 0.88
[HPP-DEBUG] Input frame is ECLIPTIC. Performing rotation.
[HPP-DEBUG] Initial Pos: 0.04 1.96 0.88
[HPP-DEBUG] Input frame is ECLIPTIC. Performing rotation.
[HPP-DEBUG] Initial Pos: 0.04 1.96 0.88
[HPP-DEBUG] Input frame is ECLIPTIC. Performing rotation.
[HPP-DEBUG] Initial Pos: 0.04 1.96 0.88
[HPP-DEBUG] Input frame is ECLIPTIC. Performing rotation.
[HPP-DEBUG] Initial Pos: 0.04 1.96 0.88
[HPP-DEBUG] Input frame is ECLIPTIC. Performing rotation.
[HPP-DEBUG] Initial Pos: 0.04 1.96 0.88
[HPP-DEBUG] Input frame is ECLIPTIC. Performing rotation.
[HPP-DEBUG] Initial Pos: 0.04 1.96 0.88
[HPP-DEBUG] Input frame is ECLIPTIC. Performing rotation.
[HPP-DEBUG] Initial Pos: 0.04 1.96 0.88
[HPP-DEBUG] Input frame is ECLIPTIC. Performing rotation.
[HPP-DEBUG] Initial Pos: 0.04 1.96 0.88
[HPP-DEBUG] Input frame is ECLIPTIC. Performing rotation.
[HPP-DEBUG] Initial Pos: 0.04 1.96 0.88
[HPP-DEBUG] Input frame is ECLIPTIC. Performing rotation.
[HPP-DEBUG] Initial Pos: 0.04 1.96 0.88
[HPP-DEBUG] Input frame is ECLIPTIC. Performing rotation.
[HPP-DEBUG] Initial Pos: 0.04 1.96 0.88
[HPP-DEBUG] Input frame is ECLIPTIC. Performing rotation.
[HPP-DEBUG] Initial Pos: 0.04 1.96 0.88
[HPP-DEBUG] Input frame is ECLIPTIC. Performing rotation.
[HPP-DEBUG] Initial Pos: 0.04 1.96 0.88
[HPP-DEBUG] Input frame is ECLIPTIC. Performing rotation.
[HPP-DEBUG] Initial Pos: 0.04 1.96 0.88
[HPP-DEBUG] Input frame is ECLIPTIC. Performing rotation.
[HPP-DEBUG] Initial Pos: 0.04 1.96 0.88
[HPP-DEBUG] Input frame is ECLIPTIC. Performing rotation.
[HPP-DEBUG] Initial Pos: 0.04 1.96 0.88
[PHASE2-DEBUG] Star ID: 148767432229176192
   Star:     RA=65.36 Dec=22.91
   Asteroid: RA=65.33 Dec=22.83
   Dist:     0.08 deg (295.90 arcsec)
[HPP-DEBUG] Input frame is ECLIPTIC. Performing rotation.
[HPP-DEBUG] Initial Pos: 0.04 1.96 0.88
[PHASE2] Entering calculateShadowDetails for star 148767432229176192
[PHASE2] Using Besselian elements for shadow path calculation
[HPP-DEBUG] Input frame is ECLIPTIC. Performing rotation.
[HPP-DEBUG] Initial Pos: 0.04 1.96 0.88
[HPP-DEBUG] Input frame is ECLIPTIC. Performing rotation.
[HPP-DEBUG] Initial Pos: 0.04 1.96 0.88
[HPP-DEBUG] Input frame is ECLIPTIC. Performing rotation.
[HPP-DEBUG] Initial Pos: 0.04 1.96 0.88
[HPP-DEBUG] Input frame is ECLIPTIC. Performing rotation.
[HPP-DEBUG] Initial Pos: 0.04 1.96 0.88
[HPP-DEBUG] Input frame is ECLIPTIC. Performing rotation.
[HPP-DEBUG] Initial Pos: 0.04 1.96 0.88
[HPP-DEBUG] Input frame is ECLIPTIC. Performing rotation.
[HPP-DEBUG] Initial Pos: 0.04 1.96 0.88
[HPP-DEBUG] Input frame is ECLIPTIC. Performing rotation.
[HPP-DEBUG] Initial Pos: 0.04 1.96 0.88
[HPP-DEBUG] Input frame is ECLIPTIC. Performing rotation.
[HPP-DEBUG] Initial Pos: 0.04 1.96 0.88
[HPP-DEBUG] Input frame is ECLIPTIC. Performing rotation.
[HPP-DEBUG] Initial Pos: 0.04 1.96 0.88
[HPP-DEBUG] Input frame is ECLIPTIC. Performing rotation.
[HPP-DEBUG] Initial Pos: 0.04 1.96 0.88
[HPP-DEBUG] Input frame is ECLIPTIC. Performing rotation.
[HPP-DEBUG] Initial Pos: 0.04 1.96 0.88
[HPP-DEBUG] Input frame is ECLIPTIC. Performing rotation.
[HPP-DEBUG] Initial Pos: 0.04 1.96 0.88
[HPP-DEBUG] Input frame is ECLIPTIC. Performing rotation.
[HPP-DEBUG] Initial Pos: 0.04 1.96 0.88
[HPP-DEBUG] Input frame is ECLIPTIC. Performing rotation.
[HPP-DEBUG] Initial Pos: 0.04 1.96 0.88
[HPP-DEBUG] Input frame is ECLIPTIC. Performing rotation.
[HPP-DEBUG] Initial Pos: 0.04 1.96 0.88
[HPP-DEBUG] Input frame is ECLIPTIC. Performing rotation.
[HPP-DEBUG] Initial Pos: 0.04 1.96 0.88
[HPP-DEBUG] Input frame is ECLIPTIC. Performing rotation.
[HPP-DEBUG] Initial Pos: 0.04 1.96 0.88
[HPP-DEBUG] Input frame is ECLIPTIC. Performing rotation.
[HPP-DEBUG] Initial Pos: 0.04 1.96 0.88
[HPP-DEBUG] Input frame is ECLIPTIC. Performing rotation.
[HPP-DEBUG] Initial Pos: 0.04 1.96 0.88
[HPP-DEBUG] Input frame is ECLIPTIC. Performing rotation.
[HPP-DEBUG] Initial Pos: 0.04 1.96 0.88
[HPP-DEBUG] Input frame is ECLIPTIC. Performing rotation.
[HPP-DEBUG] Initial Pos: 0.04 1.96 0.88
[HPP-DEBUG] Input frame is ECLIPTIC. Performing rotation.
[HPP-DEBUG] Initial Pos: 0.04 1.96 0.88
[HPP-DEBUG] Input frame is ECLIPTIC. Performing rotation.
[HPP-DEBUG] Initial Pos: 0.04 1.96 0.88
[HPP-DEBUG] Input frame is ECLIPTIC. Performing rotation.
[HPP-DEBUG] Initial Pos: 0.04 1.96 0.88
[HPP-DEBUG] Input frame is ECLIPTIC. Performing rotation.
[HPP-DEBUG] Initial Pos: 0.04 1.96 0.88
[HPP-DEBUG] Input frame is ECLIPTIC. Performing rotation.
[HPP-DEBUG] Initial Pos: 0.04 1.96 0.88
[HPP-DEBUG] Input frame is ECLIPTIC. Performing rotation.
[HPP-DEBUG] Initial Pos: 0.04 1.96 0.88
[HPP-DEBUG] Input frame is ECLIPTIC. Performing rotation.
[HPP-DEBUG] Initial Pos: 0.04 1.96 0.88
[HPP-DEBUG] Input frame is ECLIPTIC. Performing rotation.
[HPP-DEBUG] Initial Pos: 0.04 1.96 0.88
[HPP-DEBUG] Input frame is ECLIPTIC. Performing rotation.
[HPP-DEBUG] Initial Pos: 0.04 1.96 0.88
[HPP-DEBUG] Input frame is ECLIPTIC. Performing rotation.
[HPP-DEBUG] Initial Pos: 0.04 1.96 0.88
[HPP-DEBUG] Input frame is ECLIPTIC. Performing rotation.
[HPP-DEBUG] Initial Pos: 0.04 1.96 0.88
[HPP-DEBUG] Input frame is ECLIPTIC. Performing rotation.
[HPP-DEBUG] Initial Pos: 0.04 1.96 0.88
[HPP-DEBUG] Input frame is ECLIPTIC. Performing rotation.
[HPP-DEBUG] Initial Pos: 0.04 1.96 0.88
[HPP-DEBUG] Input frame is ECLIPTIC. Performing rotation.
[HPP-DEBUG] Initial Pos: 0.04 1.96 0.88
[HPP-DEBUG] Input frame is ECLIPTIC. Performing rotation.
[HPP-DEBUG] Initial Pos: 0.04 1.96 0.88
[HPP-DEBUG] Input frame is ECLIPTIC. Performing rotation.
[HPP-DEBUG] Initial Pos: 0.04 1.96 0.88
[HPP-DEBUG] Input frame is ECLIPTIC. Performing rotation.
[HPP-DEBUG] Initial Pos: 0.04 1.96 0.88
[HPP-DEBUG] Input frame is ECLIPTIC. Performing rotation.
[HPP-DEBUG] Initial Pos: 0.04 1.96 0.88
[HPP-DEBUG] Input frame is ECLIPTIC. Performing rotation.
[HPP-DEBUG] Initial Pos: 0.04 1.96 0.88
[HPP-DEBUG] Input frame is ECLIPTIC. Performing rotation.
[HPP-DEBUG] Initial Pos: 0.04 1.96 0.88
[HPP-DEBUG] Input frame is ECLIPTIC. Performing rotation.
[HPP-DEBUG] Initial Pos: 0.04 1.96 0.88
[HPP-DEBUG] Input frame is ECLIPTIC. Performing rotation.
[HPP-DEBUG] Initial Pos: 0.04 1.96 0.88
[HPP-DEBUG] Input frame is ECLIPTIC. Performing rotation.
[HPP-DEBUG] Initial Pos: 0.04 1.96 0.88
[OccAnalyzer] Star 148767432229176192: CA=278.18 arcsec, Diam=3.25 arcsec, Ratio=85.50
[OccAnalyzer] Star 148767432229176192 Result: ⚠️ NEAR-MISS (CA=278.18", Diam=3.25")
[HPP-DEBUG] Input frame is ECLIPTIC. Performing rotation.
[HPP-DEBUG] Initial Pos: 0.04 1.96 0.88
[HPP-DEBUG] Input frame is ECLIPTIC. Performing rotation.
[HPP-DEBUG] Initial Pos: 0.04 1.96 0.88
[OccAnalyzer] Step 1: Besselian elements...
[HPP-DEBUG] Input frame is ECLIPTIC. Performing rotation.
[HPP-DEBUG] Initial Pos: 0.04 1.96 0.88
[OccAnalyzer] Step 2: Velocity calculation...
[OccAnalyzer]   Fetching state at dt...
[HPP-DEBUG] Input frame is ECLIPTIC. Performing rotation.
[HPP-DEBUG] Initial Pos: 0.04 1.96 0.88
[OccAnalyzer]   Calculating Besselian elements at dt...
[HPP-DEBUG] Input frame is ECLIPTIC. Performing rotation.
[HPP-DEBUG] Initial Pos: 0.04 1.96 0.88
[OccAnalyzer]   Velocity: x_dt=-11.61, y_dt=-44.49
[OccAnalyzer]   Derivatives: dx=0.99, dy=0.98
[OccAnalyzer] Step 3: Generating points...
[OccAnalyzer]   Done. Points: 21
[PHASE2] ✅ Shadow path computed: 21 points in 0.01 sec
[PHASE2]    Propagations: 2 (Besselian vs 21 with Kepler)
[PHASE2] Shadow path integrated successfully
[HPP-DEBUG] Input frame is ECLIPTIC. Performing rotation.
[HPP-DEBUG] Initial Pos: 0.04 1.96 0.88
[HPP-DEBUG] Input frame is ECLIPTIC. Performing rotation.
[HPP-DEBUG] Initial Pos: 0.04 1.96 0.88
[HPP-DEBUG] Input frame is ECLIPTIC. Performing rotation.
[HPP-DEBUG] Initial Pos: 0.04 1.96 0.88
[HPP-DEBUG] Input frame is ECLIPTIC. Performing rotation.
[HPP-DEBUG] Initial Pos: 0.04 1.96 0.88
[HPP-DEBUG] Input frame is ECLIPTIC. Performing rotation.
[HPP-DEBUG] Initial Pos: 0.04 1.96 0.88
[HPP-DEBUG] Input frame is ECLIPTIC. Performing rotation.
[HPP-DEBUG] Initial Pos: 0.04 1.96 0.88
[HPP-DEBUG] Input frame is ECLIPTIC. Performing rotation.
[HPP-DEBUG] Initial Pos: 0.04 1.96 0.88
[HPP-DEBUG] Input frame is ECLIPTIC. Performing rotation.
[HPP-DEBUG] Initial Pos: 0.04 1.96 0.88
[HPP-DEBUG] Input frame is ECLIPTIC. Performing rotation.
[HPP-DEBUG] Initial Pos: 0.04 1.96 0.88
[HPP-DEBUG] Input frame is ECLIPTIC. Performing rotation.
[HPP-DEBUG] Initial Pos: 0.04 1.96 0.88
[HPP-DEBUG] Input frame is ECLIPTIC. Performing rotation.
[HPP-DEBUG] Initial Pos: 0.04 1.96 0.88
[HPP-DEBUG] Input frame is ECLIPTIC. Performing rotation.
[HPP-DEBUG] Initial Pos: 0.04 1.96 0.88
[HPP-DEBUG] Input frame is ECLIPTIC. Performing rotation.
[HPP-DEBUG] Initial Pos: 0.04 1.96 0.88
[HPP-DEBUG] Input frame is ECLIPTIC. Performing rotation.
[HPP-DEBUG] Initial Pos: 0.04 1.96 0.88
[HPP-DEBUG] Input frame is ECLIPTIC. Performing rotation.
[HPP-DEBUG] Initial Pos: 0.04 1.96 0.88
[HPP-DEBUG] Input frame is ECLIPTIC. Performing rotation.
[HPP-DEBUG] Initial Pos: 0.04 1.96 0.88
[HPP-DEBUG] Input frame is ECLIPTIC. Performing rotation.
[HPP-DEBUG] Initial Pos: 0.04 1.96 0.88
[HPP-DEBUG] Input frame is ECLIPTIC. Performing rotation.
[HPP-DEBUG] Initial Pos: 0.04 1.96 0.88
[HPP-DEBUG] Input frame is ECLIPTIC. Performing rotation.
[HPP-DEBUG] Initial Pos: 0.04 1.96 0.88
[HPP-DEBUG] Input frame is ECLIPTIC. Performing rotation.
[HPP-DEBUG] Initial Pos: 0.04 1.96 0.88
[HPP-DEBUG] Input frame is ECLIPTIC. Performing rotation.
[HPP-DEBUG] Initial Pos: 0.04 1.96 0.88
[HPP-DEBUG] Input frame is ECLIPTIC. Performing rotation.
[HPP-DEBUG] Initial Pos: 0.04 1.96 0.88
[HPP-DEBUG] Input frame is ECLIPTIC. Performing rotation.
[HPP-DEBUG] Initial Pos: 0.04 1.96 0.88
[HPP-DEBUG] Input frame is ECLIPTIC. Performing rotation.
[HPP-DEBUG] Initial Pos: 0.04 1.96 0.88
[HPP-DEBUG] Input frame is ECLIPTIC. Performing rotation.
[HPP-DEBUG] Initial Pos: 0.04 1.96 0.88
[HPP-DEBUG] Input frame is ECLIPTIC. Performing rotation.
[HPP-DEBUG] Initial Pos: 0.04 1.96 0.88
[HPP-DEBUG] Input frame is ECLIPTIC. Performing rotation.
[HPP-DEBUG] Initial Pos: 0.04 1.96 0.88
[HPP-DEBUG] Input frame is ECLIPTIC. Performing rotation.
[HPP-DEBUG] Initial Pos: 0.04 1.96 0.88
[HPP-DEBUG] Input frame is ECLIPTIC. Performing rotation.
[HPP-DEBUG] Initial Pos: 0.04 1.96 0.88
[HPP-DEBUG] Input frame is ECLIPTIC. Performing rotation.
[HPP-DEBUG] Initial Pos: 0.04 1.96 0.88
[HPP-DEBUG] Input frame is ECLIPTIC. Performing rotation.
[HPP-DEBUG] Initial Pos: 0.04 1.96 0.88
[HPP-DEBUG] Input frame is ECLIPTIC. Performing rotation.
[HPP-DEBUG] Initial Pos: 0.04 1.96 0.88
[HPP-DEBUG] Input frame is ECLIPTIC. Performing rotation.
[HPP-DEBUG] Initial Pos: 0.04 1.96 0.88
[HPP-DEBUG] Input frame is ECLIPTIC. Performing rotation.
[HPP-DEBUG] Initial Pos: 0.04 1.96 0.88
[HPP-DEBUG] Input frame is ECLIPTIC. Performing rotation.
[HPP-DEBUG] Initial Pos: 0.04 1.96 0.88
[HPP-DEBUG] Input frame is ECLIPTIC. Performing rotation.
[HPP-DEBUG] Initial Pos: 0.04 1.96 0.88
[HPP-DEBUG] Input frame is ECLIPTIC. Performing rotation.
[HPP-DEBUG] Initial Pos: 0.04 1.96 0.88
[HPP-DEBUG] Input frame is ECLIPTIC. Performing rotation.
[HPP-DEBUG] Initial Pos: 0.04 1.96 0.88
[HPP-DEBUG] Input frame is ECLIPTIC. Performing rotation.
[HPP-DEBUG] Initial Pos: 0.04 1.96 0.88
[PHASE2-DEBUG] Star ID: 148665315086214528
   Star:     RA=65.28 Dec=22.63
   Asteroid: RA=65.24 Dec=22.64
   Dist:     0.04 deg (130.21 arcsec)
[HPP-DEBUG] Input frame is ECLIPTIC. Performing rotation.
[HPP-DEBUG] Initial Pos: 0.04 1.96 0.88
[PHASE2] Entering calculateShadowDetails for star 148665315086214528
[PHASE2] Using Besselian elements for shadow path calculation
[HPP-DEBUG] Input frame is ECLIPTIC. Performing rotation.
[HPP-DEBUG] Initial Pos: 0.04 1.96 0.88
[HPP-DEBUG] Input frame is ECLIPTIC. Performing rotation.
[HPP-DEBUG] Initial Pos: 0.04 1.96 0.88
[HPP-DEBUG] Input frame is ECLIPTIC. Performing rotation.
[HPP-DEBUG] Initial Pos: 0.04 1.96 0.88
[HPP-DEBUG] Input frame is ECLIPTIC. Performing rotation.
[HPP-DEBUG] Initial Pos: 0.04 1.96 0.88
[HPP-DEBUG] Input frame is ECLIPTIC. Performing rotation.
[HPP-DEBUG] Initial Pos: 0.04 1.96 0.88
[HPP-DEBUG] Input frame is ECLIPTIC. Performing rotation.
[HPP-DEBUG] Initial Pos: 0.04 1.96 0.88
[HPP-DEBUG] Input frame is ECLIPTIC. Performing rotation.
[HPP-DEBUG] Initial Pos: 0.04 1.96 0.88
[HPP-DEBUG] Input frame is ECLIPTIC. Performing rotation.
[HPP-DEBUG] Initial Pos: 0.04 1.96 0.88
[HPP-DEBUG] Input frame is ECLIPTIC. Performing rotation.
[HPP-DEBUG] Initial Pos: 0.04 1.96 0.88
[HPP-DEBUG] Input frame is ECLIPTIC. Performing rotation.
[HPP-DEBUG] Initial Pos: 0.04 1.96 0.88
[HPP-DEBUG] Input frame is ECLIPTIC. Performing rotation.
[HPP-DEBUG] Initial Pos: 0.04 1.96 0.88
[HPP-DEBUG] Input frame is ECLIPTIC. Performing rotation.
[HPP-DEBUG] Initial Pos: 0.04 1.96 0.88
[HPP-DEBUG] Input frame is ECLIPTIC. Performing rotation.
[HPP-DEBUG] Initial Pos: 0.04 1.96 0.88
[HPP-DEBUG] Input frame is ECLIPTIC. Performing rotation.
[HPP-DEBUG] Initial Pos: 0.04 1.96 0.88
[HPP-DEBUG] Input frame is ECLIPTIC. Performing rotation.
[HPP-DEBUG] Initial Pos: 0.04 1.96 0.88
[HPP-DEBUG] Input frame is ECLIPTIC. Performing rotation.
[HPP-DEBUG] Initial Pos: 0.04 1.96 0.88
[HPP-DEBUG] Input frame is ECLIPTIC. Performing rotation.
[HPP-DEBUG] Initial Pos: 0.04 1.96 0.88
[HPP-DEBUG] Input frame is ECLIPTIC. Performing rotation.
[HPP-DEBUG] Initial Pos: 0.04 1.96 0.88
[HPP-DEBUG] Input frame is ECLIPTIC. Performing rotation.
[HPP-DEBUG] Initial Pos: 0.04 1.96 0.88
[HPP-DEBUG] Input frame is ECLIPTIC. Performing rotation.
[HPP-DEBUG] Initial Pos: 0.04 1.96 0.88
[HPP-DEBUG] Input frame is ECLIPTIC. Performing rotation.
[HPP-DEBUG] Initial Pos: 0.04 1.96 0.88
[HPP-DEBUG] Input frame is ECLIPTIC. Performing rotation.
[HPP-DEBUG] Initial Pos: 0.04 1.96 0.88
[HPP-DEBUG] Input frame is ECLIPTIC. Performing rotation.
[HPP-DEBUG] Initial Pos: 0.04 1.96 0.88
[HPP-DEBUG] Input frame is ECLIPTIC. Performing rotation.
[HPP-DEBUG] Initial Pos: 0.04 1.96 0.88
[HPP-DEBUG] Input frame is ECLIPTIC. Performing rotation.
[HPP-DEBUG] Initial Pos: 0.04 1.96 0.88
[HPP-DEBUG] Input frame is ECLIPTIC. Performing rotation.
[HPP-DEBUG] Initial Pos: 0.04 1.96 0.88
[HPP-DEBUG] Input frame is ECLIPTIC. Performing rotation.
[HPP-DEBUG] Initial Pos: 0.04 1.96 0.88
[HPP-DEBUG] Input frame is ECLIPTIC. Performing rotation.
[HPP-DEBUG] Initial Pos: 0.04 1.96 0.88
[HPP-DEBUG] Input frame is ECLIPTIC. Performing rotation.
[HPP-DEBUG] Initial Pos: 0.04 1.96 0.88
[HPP-DEBUG] Input frame is ECLIPTIC. Performing rotation.
[HPP-DEBUG] Initial Pos: 0.04 1.96 0.88
[HPP-DEBUG] Input frame is ECLIPTIC. Performing rotation.
[HPP-DEBUG] Initial Pos: 0.04 1.96 0.88
[HPP-DEBUG] Input frame is ECLIPTIC. Performing rotation.
[HPP-DEBUG] Initial Pos: 0.04 1.96 0.88
[HPP-DEBUG] Input frame is ECLIPTIC. Performing rotation.
[HPP-DEBUG] Initial Pos: 0.04 1.96 0.88
[HPP-DEBUG] Input frame is ECLIPTIC. Performing rotation.
[HPP-DEBUG] Initial Pos: 0.04 1.96 0.88
[HPP-DEBUG] Input frame is ECLIPTIC. Performing rotation.
[HPP-DEBUG] Initial Pos: 0.04 1.96 0.88
[HPP-DEBUG] Input frame is ECLIPTIC. Performing rotation.
[HPP-DEBUG] Initial Pos: 0.04 1.96 0.88
[HPP-DEBUG] Input frame is ECLIPTIC. Performing rotation.
[HPP-DEBUG] Initial Pos: 0.04 1.96 0.88
[HPP-DEBUG] Input frame is ECLIPTIC. Performing rotation.
[HPP-DEBUG] Initial Pos: 0.04 1.96 0.88
[HPP-DEBUG] Input frame is ECLIPTIC. Performing rotation.
[HPP-DEBUG] Initial Pos: 0.04 1.96 0.88
[HPP-DEBUG] Input frame is ECLIPTIC. Performing rotation.
[HPP-DEBUG] Initial Pos: 0.04 1.96 0.88
[HPP-DEBUG] Input frame is ECLIPTIC. Performing rotation.
[HPP-DEBUG] Initial Pos: 0.04 1.96 0.88
[HPP-DEBUG] Input frame is ECLIPTIC. Performing rotation.
[HPP-DEBUG] Initial Pos: 0.04 1.96 0.88
[HPP-DEBUG] Input frame is ECLIPTIC. Performing rotation.
[HPP-DEBUG] Initial Pos: 0.04 1.96 0.88
[HPP-DEBUG] Input frame is ECLIPTIC. Performing rotation.
[HPP-DEBUG] Initial Pos: 0.04 1.96 0.88
[OccAnalyzer] Star 148665315086214528: CA=126.59 arcsec, Diam=3.37 arcsec, Ratio=37.59
[OccAnalyzer] Star 148665315086214528 Result: ⚠️ NEAR-MISS (CA=126.59", Diam=3.37")
[HPP-DEBUG] Input frame is ECLIPTIC. Performing rotation.
[HPP-DEBUG] Initial Pos: 0.04 1.96 0.88
[HPP-DEBUG] Input frame is ECLIPTIC. Performing rotation.
[HPP-DEBUG] Initial Pos: 0.04 1.96 0.88
[OccAnalyzer] Step 1: Besselian elements...
[HPP-DEBUG] Input frame is ECLIPTIC. Performing rotation.
[HPP-DEBUG] Initial Pos: 0.04 1.96 0.88
[OccAnalyzer] Step 2: Velocity calculation...
[OccAnalyzer]   Fetching state at dt...
[HPP-DEBUG] Input frame is ECLIPTIC. Performing rotation.
[HPP-DEBUG] Initial Pos: 0.04 1.96 0.88
[OccAnalyzer]   Calculating Besselian elements at dt...
[HPP-DEBUG] Input frame is ECLIPTIC. Performing rotation.
[HPP-DEBUG] Initial Pos: 0.04 1.96 0.88
[OccAnalyzer]   Velocity: x_dt=-20.16, y_dt=1.65
[OccAnalyzer]   Derivatives: dx=-0.15, dy=0.85
[OccAnalyzer] Step 3: Generating points...
[OccAnalyzer]   Done. Points: 21
[PHASE2] ✅ Shadow path computed: 21 points in 0.01 sec
[PHASE2]    Propagations: 2 (Besselian vs 21 with Kepler)
[PHASE2] Shadow path integrated successfully
[HPP-DEBUG] Input frame is ECLIPTIC. Performing rotation.
[HPP-DEBUG] Initial Pos: 0.04 1.96 0.88
[HPP-DEBUG] Input frame is ECLIPTIC. Performing rotation.
[HPP-DEBUG] Initial Pos: 0.04 1.96 0.88
[HPP-DEBUG] Input frame is ECLIPTIC. Performing rotation.
[HPP-DEBUG] Initial Pos: 0.04 1.96 0.88
[HPP-DEBUG] Input frame is ECLIPTIC. Performing rotation.
[HPP-DEBUG] Initial Pos: 0.04 1.96 0.88
[HPP-DEBUG] Input frame is ECLIPTIC. Performing rotation.
[HPP-DEBUG] Initial Pos: 0.04 1.96 0.88
[HPP-DEBUG] Input frame is ECLIPTIC. Performing rotation.
[HPP-DEBUG] Initial Pos: 0.04 1.96 0.88
[HPP-DEBUG] Input frame is ECLIPTIC. Performing rotation.
[HPP-DEBUG] Initial Pos: 0.04 1.96 0.88
[HPP-DEBUG] Input frame is ECLIPTIC. Performing rotation.
[HPP-DEBUG] Initial Pos: 0.04 1.96 0.88
[HPP-DEBUG] Input frame is ECLIPTIC. Performing rotation.
[HPP-DEBUG] Initial Pos: 0.04 1.96 0.88
[HPP-DEBUG] Input frame is ECLIPTIC. Performing rotation.
[HPP-DEBUG] Initial Pos: 0.04 1.96 0.88
[HPP-DEBUG] Input frame is ECLIPTIC. Performing rotation.
[HPP-DEBUG] Initial Pos: 0.04 1.96 0.88
[HPP-DEBUG] Input frame is ECLIPTIC. Performing rotation.
[HPP-DEBUG] Initial Pos: 0.04 1.96 0.88
[HPP-DEBUG] Input frame is ECLIPTIC. Performing rotation.
[HPP-DEBUG] Initial Pos: 0.04 1.96 0.88
[HPP-DEBUG] Input frame is ECLIPTIC. Performing rotation.
[HPP-DEBUG] Initial Pos: 0.04 1.96 0.88
[HPP-DEBUG] Input frame is ECLIPTIC. Performing rotation.
[HPP-DEBUG] Initial Pos: 0.04 1.96 0.88
[HPP-DEBUG] Input frame is ECLIPTIC. Performing rotation.
[HPP-DEBUG] Initial Pos: 0.04 1.96 0.88
[HPP-DEBUG] Input frame is ECLIPTIC. Performing rotation.
[HPP-DEBUG] Initial Pos: 0.04 1.96 0.88
[HPP-DEBUG] Input frame is ECLIPTIC. Performing rotation.
[HPP-DEBUG] Initial Pos: 0.04 1.96 0.88
[HPP-DEBUG] Input frame is ECLIPTIC. Performing rotation.
[HPP-DEBUG] Initial Pos: 0.04 1.96 0.88
[HPP-DEBUG] Input frame is ECLIPTIC. Performing rotation.
[HPP-DEBUG] Initial Pos: 0.04 1.96 0.88
[HPP-DEBUG] Input frame is ECLIPTIC. Performing rotation.
[HPP-DEBUG] Initial Pos: 0.04 1.96 0.88
[HPP-DEBUG] Input frame is ECLIPTIC. Performing rotation.
[HPP-DEBUG] Initial Pos: 0.04 1.96 0.88
[HPP-DEBUG] Input frame is ECLIPTIC. Performing rotation.
[HPP-DEBUG] Initial Pos: 0.04 1.96 0.88
[HPP-DEBUG] Input frame is ECLIPTIC. Performing rotation.
[HPP-DEBUG] Initial Pos: 0.04 1.96 0.88
[HPP-DEBUG] Input frame is ECLIPTIC. Performing rotation.
[HPP-DEBUG] Initial Pos: 0.04 1.96 0.88
[HPP-DEBUG] Input frame is ECLIPTIC. Performing rotation.
[HPP-DEBUG] Initial Pos: 0.04 1.96 0.88
[HPP-DEBUG] Input frame is ECLIPTIC. Performing rotation.
[HPP-DEBUG] Initial Pos: 0.04 1.96 0.88
[HPP-DEBUG] Input frame is ECLIPTIC. Performing rotation.
[HPP-DEBUG] Initial Pos: 0.04 1.96 0.88
[HPP-DEBUG] Input frame is ECLIPTIC. Performing rotation.
[HPP-DEBUG] Initial Pos: 0.04 1.96 0.88
[HPP-DEBUG] Input frame is ECLIPTIC. Performing rotation.
[HPP-DEBUG] Initial Pos: 0.04 1.96 0.88
[HPP-DEBUG] Input frame is ECLIPTIC. Performing rotation.
[HPP-DEBUG] Initial Pos: 0.04 1.96 0.88
[HPP-DEBUG] Input frame is ECLIPTIC. Performing rotation.
[HPP-DEBUG] Initial Pos: 0.04 1.96 0.88
[HPP-DEBUG] Input frame is ECLIPTIC. Performing rotation.
[HPP-DEBUG] Initial Pos: 0.04 1.96 0.88
[HPP-DEBUG] Input frame is ECLIPTIC. Performing rotation.
[HPP-DEBUG] Initial Pos: 0.04 1.96 0.88
[HPP-DEBUG] Input frame is ECLIPTIC. Performing rotation.
[HPP-DEBUG] Initial Pos: 0.04 1.96 0.88
[HPP-DEBUG] Input frame is ECLIPTIC. Performing rotation.
[HPP-DEBUG] Initial Pos: 0.04 1.96 0.88
[HPP-DEBUG] Input frame is ECLIPTIC. Performing rotation.
[HPP-DEBUG] Initial Pos: 0.04 1.96 0.88
[HPP-DEBUG] Input frame is ECLIPTIC. Performing rotation.
[HPP-DEBUG] Initial Pos: 0.04 1.96 0.88
[HPP-DEBUG] Input frame is ECLIPTIC. Performing rotation.
[HPP-DEBUG] Initial Pos: 0.04 1.96 0.88
[PHASE2-DEBUG] Star ID: 148666071000269440
   Star:     RA=65.26 Dec=22.64
   Asteroid: RA=65.24 Dec=22.64
   Dist:     0.02 deg (82.85 arcsec)
[HPP-DEBUG] Input frame is ECLIPTIC. Performing rotation.
[HPP-DEBUG] Initial Pos: 0.04 1.96 0.88
[PHASE2] Entering calculateShadowDetails for star 148666071000269440
[PHASE2] Using Besselian elements for shadow path calculation
[HPP-DEBUG] Input frame is ECLIPTIC. Performing rotation.
[HPP-DEBUG] Initial Pos: 0.04 1.96 0.88
[HPP-DEBUG] Input frame is ECLIPTIC. Performing rotation.
[HPP-DEBUG] Initial Pos: 0.04 1.96 0.88
[HPP-DEBUG] Input frame is ECLIPTIC. Performing rotation.
[HPP-DEBUG] Initial Pos: 0.04 1.96 0.88
[HPP-DEBUG] Input frame is ECLIPTIC. Performing rotation.
[HPP-DEBUG] Initial Pos: 0.04 1.96 0.88
[HPP-DEBUG] Input frame is ECLIPTIC. Performing rotation.
[HPP-DEBUG] Initial Pos: 0.04 1.96 0.88
[HPP-DEBUG] Input frame is ECLIPTIC. Performing rotation.
[HPP-DEBUG] Initial Pos: 0.04 1.96 0.88
[HPP-DEBUG] Input frame is ECLIPTIC. Performing rotation.
[HPP-DEBUG] Initial Pos: 0.04 1.96 0.88
[HPP-DEBUG] Input frame is ECLIPTIC. Performing rotation.
[HPP-DEBUG] Initial Pos: 0.04 1.96 0.88
[HPP-DEBUG] Input frame is ECLIPTIC. Performing rotation.
[HPP-DEBUG] Initial Pos: 0.04 1.96 0.88
[HPP-DEBUG] Input frame is ECLIPTIC. Performing rotation.
[HPP-DEBUG] Initial Pos: 0.04 1.96 0.88
[HPP-DEBUG] Input frame is ECLIPTIC. Performing rotation.
[HPP-DEBUG] Initial Pos: 0.04 1.96 0.88
[HPP-DEBUG] Input frame is ECLIPTIC. Performing rotation.
[HPP-DEBUG] Initial Pos: 0.04 1.96 0.88
[HPP-DEBUG] Input frame is ECLIPTIC. Performing rotation.
[HPP-DEBUG] Initial Pos: 0.04 1.96 0.88
[HPP-DEBUG] Input frame is ECLIPTIC. Performing rotation.
[HPP-DEBUG] Initial Pos: 0.04 1.96 0.88
[HPP-DEBUG] Input frame is ECLIPTIC. Performing rotation.
[HPP-DEBUG] Initial Pos: 0.04 1.96 0.88
[HPP-DEBUG] Input frame is ECLIPTIC. Performing rotation.
[HPP-DEBUG] Initial Pos: 0.04 1.96 0.88
[HPP-DEBUG] Input frame is ECLIPTIC. Performing rotation.
[HPP-DEBUG] Initial Pos: 0.04 1.96 0.88
[HPP-DEBUG] Input frame is ECLIPTIC. Performing rotation.
[HPP-DEBUG] Initial Pos: 0.04 1.96 0.88
[HPP-DEBUG] Input frame is ECLIPTIC. Performing rotation.
[HPP-DEBUG] Initial Pos: 0.04 1.96 0.88
[HPP-DEBUG] Input frame is ECLIPTIC. Performing rotation.
[HPP-DEBUG] Initial Pos: 0.04 1.96 0.88
[HPP-DEBUG] Input frame is ECLIPTIC. Performing rotation.
[HPP-DEBUG] Initial Pos: 0.04 1.96 0.88
[HPP-DEBUG] Input frame is ECLIPTIC. Performing rotation.
[HPP-DEBUG] Initial Pos: 0.04 1.96 0.88
[HPP-DEBUG] Input frame is ECLIPTIC. Performing rotation.
[HPP-DEBUG] Initial Pos: 0.04 1.96 0.88
[HPP-DEBUG] Input frame is ECLIPTIC. Performing rotation.
[HPP-DEBUG] Initial Pos: 0.04 1.96 0.88
[HPP-DEBUG] Input frame is ECLIPTIC. Performing rotation.
[HPP-DEBUG] Initial Pos: 0.04 1.96 0.88
[HPP-DEBUG] Input frame is ECLIPTIC. Performing rotation.
[HPP-DEBUG] Initial Pos: 0.04 1.96 0.88
[HPP-DEBUG] Input frame is ECLIPTIC. Performing rotation.
[HPP-DEBUG] Initial Pos: 0.04 1.96 0.88
[HPP-DEBUG] Input frame is ECLIPTIC. Performing rotation.
[HPP-DEBUG] Initial Pos: 0.04 1.96 0.88
[HPP-DEBUG] Input frame is ECLIPTIC. Performing rotation.
[HPP-DEBUG] Initial Pos: 0.04 1.96 0.88
[HPP-DEBUG] Input frame is ECLIPTIC. Performing rotation.
[HPP-DEBUG] Initial Pos: 0.04 1.96 0.88
[HPP-DEBUG] Input frame is ECLIPTIC. Performing rotation.
[HPP-DEBUG] Initial Pos: 0.04 1.96 0.88
[HPP-DEBUG] Input frame is ECLIPTIC. Performing rotation.
[HPP-DEBUG] Initial Pos: 0.04 1.96 0.88
[HPP-DEBUG] Input frame is ECLIPTIC. Performing rotation.
[HPP-DEBUG] Initial Pos: 0.04 1.96 0.88
[HPP-DEBUG] Input frame is ECLIPTIC. Performing rotation.
[HPP-DEBUG] Initial Pos: 0.04 1.96 0.88
[HPP-DEBUG] Input frame is ECLIPTIC. Performing rotation.
[HPP-DEBUG] Initial Pos: 0.04 1.96 0.88
[HPP-DEBUG] Input frame is ECLIPTIC. Performing rotation.
[HPP-DEBUG] Initial Pos: 0.04 1.96 0.88
[HPP-DEBUG] Input frame is ECLIPTIC. Performing rotation.
[HPP-DEBUG] Initial Pos: 0.04 1.96 0.88
[HPP-DEBUG] Input frame is ECLIPTIC. Performing rotation.
[HPP-DEBUG] Initial Pos: 0.04 1.96 0.88
[HPP-DEBUG] Input frame is ECLIPTIC. Performing rotation.
[HPP-DEBUG] Initial Pos: 0.04 1.96 0.88
[HPP-DEBUG] Input frame is ECLIPTIC. Performing rotation.
[HPP-DEBUG] Initial Pos: 0.04 1.96 0.88
[HPP-DEBUG] Input frame is ECLIPTIC. Performing rotation.
[HPP-DEBUG] Initial Pos: 0.04 1.96 0.88
[HPP-DEBUG] Input frame is ECLIPTIC. Performing rotation.
[HPP-DEBUG] Initial Pos: 0.04 1.96 0.88
[HPP-DEBUG] Input frame is ECLIPTIC. Performing rotation.
[HPP-DEBUG] Initial Pos: 0.04 1.96 0.88
[HPP-DEBUG] Input frame is ECLIPTIC. Performing rotation.
[HPP-DEBUG] Initial Pos: 0.04 1.96 0.88
[OccAnalyzer] Star 148666071000269440: CA=81.00 arcsec, Diam=3.37 arcsec, Ratio=24.05
[OccAnalyzer] Star 148666071000269440 Result: ⚠️ NEAR-MISS (CA=81.00", Diam=3.37")
[HPP-DEBUG] Input frame is ECLIPTIC. Performing rotation.
[HPP-DEBUG] Initial Pos: 0.04 1.96 0.88
[HPP-DEBUG] Input frame is ECLIPTIC. Performing rotation.
[HPP-DEBUG] Initial Pos: 0.04 1.96 0.88
[OccAnalyzer] Step 1: Besselian elements...
[HPP-DEBUG] Input frame is ECLIPTIC. Performing rotation.
[HPP-DEBUG] Initial Pos: 0.04 1.96 0.88
[OccAnalyzer] Step 2: Velocity calculation...
[OccAnalyzer]   Fetching state at dt...
[HPP-DEBUG] Input frame is ECLIPTIC. Performing rotation.
[HPP-DEBUG] Initial Pos: 0.04 1.96 0.88
[OccAnalyzer]   Calculating Besselian elements at dt...
[HPP-DEBUG] Input frame is ECLIPTIC. Performing rotation.
[HPP-DEBUG] Initial Pos: 0.04 1.96 0.88
[OccAnalyzer]   Velocity: x_dt=-12.89, y_dt=-1.14
[OccAnalyzer]   Derivatives: dx=-0.15, dy=0.85
[OccAnalyzer] Step 3: Generating points...
[OccAnalyzer]   Done. Points: 21
[PHASE2] ✅ Shadow path computed: 21 points in 0.01 sec
[PHASE2]    Propagations: 2 (Besselian vs 21 with Kepler)
[PHASE2] Shadow path integrated successfully
[HPP-DEBUG] Input frame is ECLIPTIC. Performing rotation.
[HPP-DEBUG] Initial Pos: 0.04 1.96 0.88
[HPP-DEBUG] Input frame is ECLIPTIC. Performing rotation.
[HPP-DEBUG] Initial Pos: 0.04 1.96 0.88
[HPP-DEBUG] Input frame is ECLIPTIC. Performing rotation.
[HPP-DEBUG] Initial Pos: 0.04 1.96 0.88
[HPP-DEBUG] Input frame is ECLIPTIC. Performing rotation.
[HPP-DEBUG] Initial Pos: 0.04 1.96 0.88
[HPP-DEBUG] Input frame is ECLIPTIC. Performing rotation.
[HPP-DEBUG] Initial Pos: 0.04 1.96 0.88
[HPP-DEBUG] Input frame is ECLIPTIC. Performing rotation.
[HPP-DEBUG] Initial Pos: 0.04 1.96 0.88
[HPP-DEBUG] Input frame is ECLIPTIC. Performing rotation.
[HPP-DEBUG] Initial Pos: 0.04 1.96 0.88
[HPP-DEBUG] Input frame is ECLIPTIC. Performing rotation.
[HPP-DEBUG] Initial Pos: 0.04 1.96 0.88
[HPP-DEBUG] Input frame is ECLIPTIC. Performing rotation.
[HPP-DEBUG] Initial Pos: 0.04 1.96 0.88
[HPP-DEBUG] Input frame is ECLIPTIC. Performing rotation.
[HPP-DEBUG] Initial Pos: 0.04 1.96 0.88
[HPP-DEBUG] Input frame is ECLIPTIC. Performing rotation.
[HPP-DEBUG] Initial Pos: 0.04 1.96 0.88
[HPP-DEBUG] Input frame is ECLIPTIC. Performing rotation.
[HPP-DEBUG] Initial Pos: 0.04 1.96 0.88
[HPP-DEBUG] Input frame is ECLIPTIC. Performing rotation.
[HPP-DEBUG] Initial Pos: 0.04 1.96 0.88
[HPP-DEBUG] Input frame is ECLIPTIC. Performing rotation.
[HPP-DEBUG] Initial Pos: 0.04 1.96 0.88
[HPP-DEBUG] Input frame is ECLIPTIC. Performing rotation.
[HPP-DEBUG] Initial Pos: 0.04 1.96 0.88
[HPP-DEBUG] Input frame is ECLIPTIC. Performing rotation.
[HPP-DEBUG] Initial Pos: 0.04 1.96 0.88
[HPP-DEBUG] Input frame is ECLIPTIC. Performing rotation.
[HPP-DEBUG] Initial Pos: 0.04 1.96 0.88
[HPP-DEBUG] Input frame is ECLIPTIC. Performing rotation.
[HPP-DEBUG] Initial Pos: 0.04 1.96 0.88
[HPP-DEBUG] Input frame is ECLIPTIC. Performing rotation.
[HPP-DEBUG] Initial Pos: 0.04 1.96 0.88
[HPP-DEBUG] Input frame is ECLIPTIC. Performing rotation.
[HPP-DEBUG] Initial Pos: 0.04 1.96 0.88
[HPP-DEBUG] Input frame is ECLIPTIC. Performing rotation.
[HPP-DEBUG] Initial Pos: 0.04 1.96 0.88
[HPP-DEBUG] Input frame is ECLIPTIC. Performing rotation.
[HPP-DEBUG] Initial Pos: 0.04 1.96 0.88
[HPP-DEBUG] Input frame is ECLIPTIC. Performing rotation.
[HPP-DEBUG] Initial Pos: 0.04 1.96 0.88
[HPP-DEBUG] Input frame is ECLIPTIC. Performing rotation.
[HPP-DEBUG] Initial Pos: 0.04 1.96 0.88
[HPP-DEBUG] Input frame is ECLIPTIC. Performing rotation.
[HPP-DEBUG] Initial Pos: 0.04 1.96 0.88
[HPP-DEBUG] Input frame is ECLIPTIC. Performing rotation.
[HPP-DEBUG] Initial Pos: 0.04 1.96 0.88
[HPP-DEBUG] Input frame is ECLIPTIC. Performing rotation.
[HPP-DEBUG] Initial Pos: 0.04 1.96 0.88
[HPP-DEBUG] Input frame is ECLIPTIC. Performing rotation.
[HPP-DEBUG] Initial Pos: 0.04 1.96 0.88
[HPP-DEBUG] Input frame is ECLIPTIC. Performing rotation.
[HPP-DEBUG] Initial Pos: 0.04 1.96 0.88
[HPP-DEBUG] Input frame is ECLIPTIC. Performing rotation.
[HPP-DEBUG] Initial Pos: 0.04 1.96 0.88
[HPP-DEBUG] Input frame is ECLIPTIC. Performing rotation.
[HPP-DEBUG] Initial Pos: 0.04 1.96 0.88
[HPP-DEBUG] Input frame is ECLIPTIC. Performing rotation.
[HPP-DEBUG] Initial Pos: 0.04 1.96 0.88
[HPP-DEBUG] Input frame is ECLIPTIC. Performing rotation.
[HPP-DEBUG] Initial Pos: 0.04 1.96 0.88
[HPP-DEBUG] Input frame is ECLIPTIC. Performing rotation.
[HPP-DEBUG] Initial Pos: 0.04 1.96 0.88
[HPP-DEBUG] Input frame is ECLIPTIC. Performing rotation.
[HPP-DEBUG] Initial Pos: 0.04 1.96 0.88
[HPP-DEBUG] Input frame is ECLIPTIC. Performing rotation.
[HPP-DEBUG] Initial Pos: 0.04 1.96 0.88
[HPP-DEBUG] Input frame is ECLIPTIC. Performing rotation.
[HPP-DEBUG] Initial Pos: 0.04 1.96 0.88
[HPP-DEBUG] Input frame is ECLIPTIC. Performing rotation.
[HPP-DEBUG] Initial Pos: 0.04 1.96 0.88
[HPP-DEBUG] Input frame is ECLIPTIC. Performing rotation.
[HPP-DEBUG] Initial Pos: 0.04 1.96 0.88
[PHASE2-DEBUG] Star ID: 148665448228498816
   Star:     RA=65.29 Dec=22.64
   Asteroid: RA=65.24 Dec=22.64
   Dist:     0.05 deg (167.18 arcsec)
[HPP-DEBUG] Input frame is ECLIPTIC. Performing rotation.
[HPP-DEBUG] Initial Pos: 0.04 1.96 0.88
[PHASE2] Entering calculateShadowDetails for star 148665448228498816
[PHASE2] Using Besselian elements for shadow path calculation
[HPP-DEBUG] Input frame is ECLIPTIC. Performing rotation.
[HPP-DEBUG] Initial Pos: 0.04 1.96 0.88
[HPP-DEBUG] Input frame is ECLIPTIC. Performing rotation.
[HPP-DEBUG] Initial Pos: 0.04 1.96 0.88
[HPP-DEBUG] Input frame is ECLIPTIC. Performing rotation.
[HPP-DEBUG] Initial Pos: 0.04 1.96 0.88
[HPP-DEBUG] Input frame is ECLIPTIC. Performing rotation.
[HPP-DEBUG] Initial Pos: 0.04 1.96 0.88
[HPP-DEBUG] Input frame is ECLIPTIC. Performing rotation.
[HPP-DEBUG] Initial Pos: 0.04 1.96 0.88
[HPP-DEBUG] Input frame is ECLIPTIC. Performing rotation.
[HPP-DEBUG] Initial Pos: 0.04 1.96 0.88
[HPP-DEBUG] Input frame is ECLIPTIC. Performing rotation.
[HPP-DEBUG] Initial Pos: 0.04 1.96 0.88
[HPP-DEBUG] Input frame is ECLIPTIC. Performing rotation.
[HPP-DEBUG] Initial Pos: 0.04 1.96 0.88
[HPP-DEBUG] Input frame is ECLIPTIC. Performing rotation.
[HPP-DEBUG] Initial Pos: 0.04 1.96 0.88
[HPP-DEBUG] Input frame is ECLIPTIC. Performing rotation.
[HPP-DEBUG] Initial Pos: 0.04 1.96 0.88
[HPP-DEBUG] Input frame is ECLIPTIC. Performing rotation.
[HPP-DEBUG] Initial Pos: 0.04 1.96 0.88
[HPP-DEBUG] Input frame is ECLIPTIC. Performing rotation.
[HPP-DEBUG] Initial Pos: 0.04 1.96 0.88
[HPP-DEBUG] Input frame is ECLIPTIC. Performing rotation.
[HPP-DEBUG] Initial Pos: 0.04 1.96 0.88
[HPP-DEBUG] Input frame is ECLIPTIC. Performing rotation.
[HPP-DEBUG] Initial Pos: 0.04 1.96 0.88
[HPP-DEBUG] Input frame is ECLIPTIC. Performing rotation.
[HPP-DEBUG] Initial Pos: 0.04 1.96 0.88
[HPP-DEBUG] Input frame is ECLIPTIC. Performing rotation.
[HPP-DEBUG] Initial Pos: 0.04 1.96 0.88
[HPP-DEBUG] Input frame is ECLIPTIC. Performing rotation.
[HPP-DEBUG] Initial Pos: 0.04 1.96 0.88
[HPP-DEBUG] Input frame is ECLIPTIC. Performing rotation.
[HPP-DEBUG] Initial Pos: 0.04 1.96 0.88
[HPP-DEBUG] Input frame is ECLIPTIC. Performing rotation.
[HPP-DEBUG] Initial Pos: 0.04 1.96 0.88
[HPP-DEBUG] Input frame is ECLIPTIC. Performing rotation.
[HPP-DEBUG] Initial Pos: 0.04 1.96 0.88
[HPP-DEBUG] Input frame is ECLIPTIC. Performing rotation.
[HPP-DEBUG] Initial Pos: 0.04 1.96 0.88
[HPP-DEBUG] Input frame is ECLIPTIC. Performing rotation.
[HPP-DEBUG] Initial Pos: 0.04 1.96 0.88
[HPP-DEBUG] Input frame is ECLIPTIC. Performing rotation.
[HPP-DEBUG] Initial Pos: 0.04 1.96 0.88
[HPP-DEBUG] Input frame is ECLIPTIC. Performing rotation.
[HPP-DEBUG] Initial Pos: 0.04 1.96 0.88
[HPP-DEBUG] Input frame is ECLIPTIC. Performing rotation.
[HPP-DEBUG] Initial Pos: 0.04 1.96 0.88
[HPP-DEBUG] Input frame is ECLIPTIC. Performing rotation.
[HPP-DEBUG] Initial Pos: 0.04 1.96 0.88
[HPP-DEBUG] Input frame is ECLIPTIC. Performing rotation.
[HPP-DEBUG] Initial Pos: 0.04 1.96 0.88
[HPP-DEBUG] Input frame is ECLIPTIC. Performing rotation.
[HPP-DEBUG] Initial Pos: 0.04 1.96 0.88
[HPP-DEBUG] Input frame is ECLIPTIC. Performing rotation.
[HPP-DEBUG] Initial Pos: 0.04 1.96 0.88
[HPP-DEBUG] Input frame is ECLIPTIC. Performing rotation.
[HPP-DEBUG] Initial Pos: 0.04 1.96 0.88
[HPP-DEBUG] Input frame is ECLIPTIC. Performing rotation.
[HPP-DEBUG] Initial Pos: 0.04 1.96 0.88
[HPP-DEBUG] Input frame is ECLIPTIC. Performing rotation.
[HPP-DEBUG] Initial Pos: 0.04 1.96 0.88
[HPP-DEBUG] Input frame is ECLIPTIC. Performing rotation.
[HPP-DEBUG] Initial Pos: 0.04 1.96 0.88
[HPP-DEBUG] Input frame is ECLIPTIC. Performing rotation.
[HPP-DEBUG] Initial Pos: 0.04 1.96 0.88
[HPP-DEBUG] Input frame is ECLIPTIC. Performing rotation.
[HPP-DEBUG] Initial Pos: 0.04 1.96 0.88
[HPP-DEBUG] Input frame is ECLIPTIC. Performing rotation.
[HPP-DEBUG] Initial Pos: 0.04 1.96 0.88
[HPP-DEBUG] Input frame is ECLIPTIC. Performing rotation.
[HPP-DEBUG] Initial Pos: 0.04 1.96 0.88
[HPP-DEBUG] Input frame is ECLIPTIC. Performing rotation.
[HPP-DEBUG] Initial Pos: 0.04 1.96 0.88
[HPP-DEBUG] Input frame is ECLIPTIC. Performing rotation.
[HPP-DEBUG] Initial Pos: 0.04 1.96 0.88
[HPP-DEBUG] Input frame is ECLIPTIC. Performing rotation.
[HPP-DEBUG] Initial Pos: 0.04 1.96 0.88
[HPP-DEBUG] Input frame is ECLIPTIC. Performing rotation.
[HPP-DEBUG] Initial Pos: 0.04 1.96 0.88
[HPP-DEBUG] Input frame is ECLIPTIC. Performing rotation.
[HPP-DEBUG] Initial Pos: 0.04 1.96 0.88
[HPP-DEBUG] Input frame is ECLIPTIC. Performing rotation.
[HPP-DEBUG] Initial Pos: 0.04 1.96 0.88
[HPP-DEBUG] Input frame is ECLIPTIC. Performing rotation.
[HPP-DEBUG] Initial Pos: 0.04 1.96 0.88
[OccAnalyzer] Star 148665448228498816: CA=167.18 arcsec, Diam=3.37 arcsec, Ratio=49.68
[OccAnalyzer] Star 148665448228498816 Result: ⚠️ NEAR-MISS (CA=167.18", Diam=3.37")
[HPP-DEBUG] Input frame is ECLIPTIC. Performing rotation.
[HPP-DEBUG] Initial Pos: 0.04 1.96 0.88
[HPP-DEBUG] Input frame is ECLIPTIC. Performing rotation.
[HPP-DEBUG] Initial Pos: 0.04 1.96 0.88
[OccAnalyzer] Step 1: Besselian elements...
[HPP-DEBUG] Input frame is ECLIPTIC. Performing rotation.
[HPP-DEBUG] Initial Pos: 0.04 1.96 0.88
[OccAnalyzer] Step 2: Velocity calculation...
[OccAnalyzer]   Fetching state at dt...
[HPP-DEBUG] Input frame is ECLIPTIC. Performing rotation.
[HPP-DEBUG] Initial Pos: 0.04 1.96 0.88
[OccAnalyzer]   Calculating Besselian elements at dt...
[HPP-DEBUG] Input frame is ECLIPTIC. Performing rotation.
[HPP-DEBUG] Initial Pos: 0.04 1.96 0.88
[OccAnalyzer]   Velocity: x_dt=-26.48, y_dt=-3.66
[OccAnalyzer]   Derivatives: dx=-0.13, dy=0.85
[OccAnalyzer] Step 3: Generating points...
[OccAnalyzer]   Done. Points: 21
[PHASE2] ✅ Shadow path computed: 21 points in 0.01 sec
[PHASE2]    Propagations: 2 (Besselian vs 21 with Kepler)
[PHASE2] Shadow path integrated successfully
[HPP-DEBUG] Input frame is ECLIPTIC. Performing rotation.
[HPP-DEBUG] Initial Pos: 0.04 1.96 0.88
[HPP-DEBUG] Input frame is ECLIPTIC. Performing rotation.
[HPP-DEBUG] Initial Pos: 0.04 1.96 0.88
[HPP-DEBUG] Input frame is ECLIPTIC. Performing rotation.
[HPP-DEBUG] Initial Pos: 0.04 1.96 0.88
[HPP-DEBUG] Input frame is ECLIPTIC. Performing rotation.
[HPP-DEBUG] Initial Pos: 0.04 1.96 0.88
[HPP-DEBUG] Input frame is ECLIPTIC. Performing rotation.
[HPP-DEBUG] Initial Pos: 0.04 1.96 0.88
[HPP-DEBUG] Input frame is ECLIPTIC. Performing rotation.
[HPP-DEBUG] Initial Pos: 0.04 1.96 0.88
[HPP-DEBUG] Input frame is ECLIPTIC. Performing rotation.
[HPP-DEBUG] Initial Pos: 0.04 1.96 0.88
[HPP-DEBUG] Input frame is ECLIPTIC. Performing rotation.
[HPP-DEBUG] Initial Pos: 0.04 1.96 0.88
[HPP-DEBUG] Input frame is ECLIPTIC. Performing rotation.
[HPP-DEBUG] Initial Pos: 0.04 1.96 0.88
[HPP-DEBUG] Input frame is ECLIPTIC. Performing rotation.
[HPP-DEBUG] Initial Pos: 0.04 1.96 0.88
[HPP-DEBUG] Input frame is ECLIPTIC. Performing rotation.
[HPP-DEBUG] Initial Pos: 0.04 1.96 0.88
[HPP-DEBUG] Input frame is ECLIPTIC. Performing rotation.
[HPP-DEBUG] Initial Pos: 0.04 1.96 0.88
[HPP-DEBUG] Input frame is ECLIPTIC. Performing rotation.
[HPP-DEBUG] Initial Pos: 0.04 1.96 0.88
[HPP-DEBUG] Input frame is ECLIPTIC. Performing rotation.
[HPP-DEBUG] Initial Pos: 0.04 1.96 0.88
[HPP-DEBUG] Input frame is ECLIPTIC. Performing rotation.
[HPP-DEBUG] Initial Pos: 0.04 1.96 0.88
[HPP-DEBUG] Input frame is ECLIPTIC. Performing rotation.
[HPP-DEBUG] Initial Pos: 0.04 1.96 0.88
[HPP-DEBUG] Input frame is ECLIPTIC. Performing rotation.
[HPP-DEBUG] Initial Pos: 0.04 1.96 0.88
[HPP-DEBUG] Input frame is ECLIPTIC. Performing rotation.
[HPP-DEBUG] Initial Pos: 0.04 1.96 0.88
[HPP-DEBUG] Input frame is ECLIPTIC. Performing rotation.
[HPP-DEBUG] Initial Pos: 0.04 1.96 0.88
[HPP-DEBUG] Input frame is ECLIPTIC. Performing rotation.
[HPP-DEBUG] Initial Pos: 0.04 1.96 0.88
[HPP-DEBUG] Input frame is ECLIPTIC. Performing rotation.
[HPP-DEBUG] Initial Pos: 0.04 1.96 0.88
[HPP-DEBUG] Input frame is ECLIPTIC. Performing rotation.
[HPP-DEBUG] Initial Pos: 0.04 1.96 0.88
[HPP-DEBUG] Input frame is ECLIPTIC. Performing rotation.
[HPP-DEBUG] Initial Pos: 0.04 1.96 0.88
[HPP-DEBUG] Input frame is ECLIPTIC. Performing rotation.
[HPP-DEBUG] Initial Pos: 0.04 1.96 0.88
[HPP-DEBUG] Input frame is ECLIPTIC. Performing rotation.
[HPP-DEBUG] Initial Pos: 0.04 1.96 0.88
[HPP-DEBUG] Input frame is ECLIPTIC. Performing rotation.
[HPP-DEBUG] Initial Pos: 0.04 1.96 0.88
[HPP-DEBUG] Input frame is ECLIPTIC. Performing rotation.
[HPP-DEBUG] Initial Pos: 0.04 1.96 0.88
[HPP-DEBUG] Input frame is ECLIPTIC. Performing rotation.
[HPP-DEBUG] Initial Pos: 0.04 1.96 0.88
[HPP-DEBUG] Input frame is ECLIPTIC. Performing rotation.
[HPP-DEBUG] Initial Pos: 0.04 1.96 0.88
[HPP-DEBUG] Input frame is ECLIPTIC. Performing rotation.
[HPP-DEBUG] Initial Pos: 0.04 1.96 0.88
[HPP-DEBUG] Input frame is ECLIPTIC. Performing rotation.
[HPP-DEBUG] Initial Pos: 0.04 1.96 0.88
[HPP-DEBUG] Input frame is ECLIPTIC. Performing rotation.
[HPP-DEBUG] Initial Pos: 0.04 1.96 0.88
[HPP-DEBUG] Input frame is ECLIPTIC. Performing rotation.
[HPP-DEBUG] Initial Pos: 0.04 1.96 0.88
[HPP-DEBUG] Input frame is ECLIPTIC. Performing rotation.
[HPP-DEBUG] Initial Pos: 0.04 1.96 0.88
[HPP-DEBUG] Input frame is ECLIPTIC. Performing rotation.
[HPP-DEBUG] Initial Pos: 0.04 1.96 0.88
[HPP-DEBUG] Input frame is ECLIPTIC. Performing rotation.
[HPP-DEBUG] Initial Pos: 0.04 1.96 0.88
[HPP-DEBUG] Input frame is ECLIPTIC. Performing rotation.
[HPP-DEBUG] Initial Pos: 0.04 1.96 0.88
[HPP-DEBUG] Input frame is ECLIPTIC. Performing rotation.
[HPP-DEBUG] Initial Pos: 0.04 1.96 0.88
[HPP-DEBUG] Input frame is ECLIPTIC. Performing rotation.
[HPP-DEBUG] Initial Pos: 0.04 1.96 0.88
[PHASE2-DEBUG] Star ID: 148663390940867072
   Star:     RA=65.25 Dec=22.57
   Asteroid: RA=65.24 Dec=22.64
   Dist:     0.07 deg (234.69 arcsec)
[HPP-DEBUG] Input frame is ECLIPTIC. Performing rotation.
[HPP-DEBUG] Initial Pos: 0.04 1.96 0.88
[PHASE2] Entering calculateShadowDetails for star 148663390940867072
[PHASE2] Using Besselian elements for shadow path calculation
[HPP-DEBUG] Input frame is ECLIPTIC. Performing rotation.
[HPP-DEBUG] Initial Pos: 0.04 1.96 0.88
[HPP-DEBUG] Input frame is ECLIPTIC. Performing rotation.
[HPP-DEBUG] Initial Pos: 0.04 1.96 0.88
[HPP-DEBUG] Input frame is ECLIPTIC. Performing rotation.
[HPP-DEBUG] Initial Pos: 0.04 1.96 0.88
[HPP-DEBUG] Input frame is ECLIPTIC. Performing rotation.
[HPP-DEBUG] Initial Pos: 0.04 1.96 0.88
[HPP-DEBUG] Input frame is ECLIPTIC. Performing rotation.
[HPP-DEBUG] Initial Pos: 0.04 1.96 0.88
[HPP-DEBUG] Input frame is ECLIPTIC. Performing rotation.
[HPP-DEBUG] Initial Pos: 0.04 1.96 0.88
[HPP-DEBUG] Input frame is ECLIPTIC. Performing rotation.
[HPP-DEBUG] Initial Pos: 0.04 1.96 0.88
[HPP-DEBUG] Input frame is ECLIPTIC. Performing rotation.
[HPP-DEBUG] Initial Pos: 0.04 1.96 0.88
[HPP-DEBUG] Input frame is ECLIPTIC. Performing rotation.
[HPP-DEBUG] Initial Pos: 0.04 1.96 0.88
[HPP-DEBUG] Input frame is ECLIPTIC. Performing rotation.
[HPP-DEBUG] Initial Pos: 0.04 1.96 0.88
[HPP-DEBUG] Input frame is ECLIPTIC. Performing rotation.
[HPP-DEBUG] Initial Pos: 0.04 1.96 0.88
[HPP-DEBUG] Input frame is ECLIPTIC. Performing rotation.
[HPP-DEBUG] Initial Pos: 0.04 1.96 0.88
[HPP-DEBUG] Input frame is ECLIPTIC. Performing rotation.
[HPP-DEBUG] Initial Pos: 0.04 1.96 0.88
[HPP-DEBUG] Input frame is ECLIPTIC. Performing rotation.
[HPP-DEBUG] Initial Pos: 0.04 1.96 0.88
[HPP-DEBUG] Input frame is ECLIPTIC. Performing rotation.
[HPP-DEBUG] Initial Pos: 0.04 1.96 0.88
[HPP-DEBUG] Input frame is ECLIPTIC. Performing rotation.
[HPP-DEBUG] Initial Pos: 0.04 1.96 0.88
[HPP-DEBUG] Input frame is ECLIPTIC. Performing rotation.
[HPP-DEBUG] Initial Pos: 0.04 1.96 0.88
[HPP-DEBUG] Input frame is ECLIPTIC. Performing rotation.
[HPP-DEBUG] Initial Pos: 0.04 1.96 0.88
[HPP-DEBUG] Input frame is ECLIPTIC. Performing rotation.
[HPP-DEBUG] Initial Pos: 0.04 1.96 0.88
[HPP-DEBUG] Input frame is ECLIPTIC. Performing rotation.
[HPP-DEBUG] Initial Pos: 0.04 1.96 0.88
[HPP-DEBUG] Input frame is ECLIPTIC. Performing rotation.
[HPP-DEBUG] Initial Pos: 0.04 1.96 0.88
[HPP-DEBUG] Input frame is ECLIPTIC. Performing rotation.
[HPP-DEBUG] Initial Pos: 0.04 1.96 0.88
[HPP-DEBUG] Input frame is ECLIPTIC. Performing rotation.
[HPP-DEBUG] Initial Pos: 0.04 1.96 0.88
[HPP-DEBUG] Input frame is ECLIPTIC. Performing rotation.
[HPP-DEBUG] Initial Pos: 0.04 1.96 0.88
[HPP-DEBUG] Input frame is ECLIPTIC. Performing rotation.
[HPP-DEBUG] Initial Pos: 0.04 1.96 0.88
[HPP-DEBUG] Input frame is ECLIPTIC. Performing rotation.
[HPP-DEBUG] Initial Pos: 0.04 1.96 0.88
[HPP-DEBUG] Input frame is ECLIPTIC. Performing rotation.
[HPP-DEBUG] Initial Pos: 0.04 1.96 0.88
[HPP-DEBUG] Input frame is ECLIPTIC. Performing rotation.
[HPP-DEBUG] Initial Pos: 0.04 1.96 0.88
[HPP-DEBUG] Input frame is ECLIPTIC. Performing rotation.
[HPP-DEBUG] Initial Pos: 0.04 1.96 0.88
[HPP-DEBUG] Input frame is ECLIPTIC. Performing rotation.
[HPP-DEBUG] Initial Pos: 0.04 1.96 0.88
[HPP-DEBUG] Input frame is ECLIPTIC. Performing rotation.
[HPP-DEBUG] Initial Pos: 0.04 1.96 0.88
[HPP-DEBUG] Input frame is ECLIPTIC. Performing rotation.
[HPP-DEBUG] Initial Pos: 0.04 1.96 0.88
[HPP-DEBUG] Input frame is ECLIPTIC. Performing rotation.
[HPP-DEBUG] Initial Pos: 0.04 1.96 0.88
[HPP-DEBUG] Input frame is ECLIPTIC. Performing rotation.
[HPP-DEBUG] Initial Pos: 0.04 1.96 0.88
[HPP-DEBUG] Input frame is ECLIPTIC. Performing rotation.
[HPP-DEBUG] Initial Pos: 0.04 1.96 0.88
[HPP-DEBUG] Input frame is ECLIPTIC. Performing rotation.
[HPP-DEBUG] Initial Pos: 0.04 1.96 0.88
[HPP-DEBUG] Input frame is ECLIPTIC. Performing rotation.
[HPP-DEBUG] Initial Pos: 0.04 1.96 0.88
[HPP-DEBUG] Input frame is ECLIPTIC. Performing rotation.
[HPP-DEBUG] Initial Pos: 0.04 1.96 0.88
[HPP-DEBUG] Input frame is ECLIPTIC. Performing rotation.
[HPP-DEBUG] Initial Pos: 0.04 1.96 0.88
[HPP-DEBUG] Input frame is ECLIPTIC. Performing rotation.
[HPP-DEBUG] Initial Pos: 0.04 1.96 0.88
[HPP-DEBUG] Input frame is ECLIPTIC. Performing rotation.
[HPP-DEBUG] Initial Pos: 0.04 1.96 0.88
[HPP-DEBUG] Input frame is ECLIPTIC. Performing rotation.
[HPP-DEBUG] Initial Pos: 0.04 1.96 0.88
[HPP-DEBUG] Input frame is ECLIPTIC. Performing rotation.
[HPP-DEBUG] Initial Pos: 0.04 1.96 0.88
[HPP-DEBUG] Input frame is ECLIPTIC. Performing rotation.
[HPP-DEBUG] Initial Pos: 0.04 1.96 0.88
[OccAnalyzer] Star 148663390940867072: CA=221.72 arcsec, Diam=3.37 arcsec, Ratio=65.84
[OccAnalyzer] Star 148663390940867072 Result: ⚠️ NEAR-MISS (CA=221.72", Diam=3.37")
[HPP-DEBUG] Input frame is ECLIPTIC. Performing rotation.
[HPP-DEBUG] Initial Pos: 0.04 1.96 0.88
[HPP-DEBUG] Input frame is ECLIPTIC. Performing rotation.
[HPP-DEBUG] Initial Pos: 0.04 1.96 0.88
[OccAnalyzer] Step 1: Besselian elements...
[HPP-DEBUG] Input frame is ECLIPTIC. Performing rotation.
[HPP-DEBUG] Initial Pos: 0.04 1.96 0.88
[OccAnalyzer] Step 2: Velocity calculation...
[OccAnalyzer]   Fetching state at dt...
[HPP-DEBUG] Input frame is ECLIPTIC. Performing rotation.
[HPP-DEBUG] Initial Pos: 0.04 1.96 0.88
[OccAnalyzer]   Calculating Besselian elements at dt...
[HPP-DEBUG] Input frame is ECLIPTIC. Performing rotation.
[HPP-DEBUG] Initial Pos: 0.04 1.96 0.88
[OccAnalyzer]   Velocity: x_dt=-4.38, y_dt=35.17
[OccAnalyzer]   Derivatives: dx=-0.14, dy=0.86
[OccAnalyzer] Step 3: Generating points...
[OccAnalyzer]   Done. Points: 21
[PHASE2] ✅ Shadow path computed: 21 points in 0.01 sec
[PHASE2]    Propagations: 2 (Besselian vs 21 with Kepler)
[PHASE2] Shadow path integrated successfully
[HPP-DEBUG] Input frame is ECLIPTIC. Performing rotation.
[HPP-DEBUG] Initial Pos: 0.04 1.96 0.88
[HPP-DEBUG] Input frame is ECLIPTIC. Performing rotation.
[HPP-DEBUG] Initial Pos: 0.04 1.96 0.88
[HPP-DEBUG] Input frame is ECLIPTIC. Performing rotation.
[HPP-DEBUG] Initial Pos: 0.04 1.96 0.88
[HPP-DEBUG] Input frame is ECLIPTIC. Performing rotation.
[HPP-DEBUG] Initial Pos: 0.04 1.96 0.88
[HPP-DEBUG] Input frame is ECLIPTIC. Performing rotation.
[HPP-DEBUG] Initial Pos: 0.04 1.96 0.88
[HPP-DEBUG] Input frame is ECLIPTIC. Performing rotation.
[HPP-DEBUG] Initial Pos: 0.04 1.96 0.88
[HPP-DEBUG] Input frame is ECLIPTIC. Performing rotation.
[HPP-DEBUG] Initial Pos: 0.04 1.96 0.88
[HPP-DEBUG] Input frame is ECLIPTIC. Performing rotation.
[HPP-DEBUG] Initial Pos: 0.04 1.96 0.88
[HPP-DEBUG] Input frame is ECLIPTIC. Performing rotation.
[HPP-DEBUG] Initial Pos: 0.04 1.96 0.88
[HPP-DEBUG] Input frame is ECLIPTIC. Performing rotation.
[HPP-DEBUG] Initial Pos: 0.04 1.96 0.88
[HPP-DEBUG] Input frame is ECLIPTIC. Performing rotation.
[HPP-DEBUG] Initial Pos: 0.04 1.96 0.88
[HPP-DEBUG] Input frame is ECLIPTIC. Performing rotation.
[HPP-DEBUG] Initial Pos: 0.04 1.96 0.88
[HPP-DEBUG] Input frame is ECLIPTIC. Performing rotation.
[HPP-DEBUG] Initial Pos: 0.04 1.96 0.88
[HPP-DEBUG] Input frame is ECLIPTIC. Performing rotation.
[HPP-DEBUG] Initial Pos: 0.04 1.96 0.88
[HPP-DEBUG] Input frame is ECLIPTIC. Performing rotation.
[HPP-DEBUG] Initial Pos: 0.04 1.96 0.88
[HPP-DEBUG] Input frame is ECLIPTIC. Performing rotation.
[HPP-DEBUG] Initial Pos: 0.04 1.96 0.88
[HPP-DEBUG] Input frame is ECLIPTIC. Performing rotation.
[HPP-DEBUG] Initial Pos: 0.04 1.96 0.88
[HPP-DEBUG] Input frame is ECLIPTIC. Performing rotation.
[HPP-DEBUG] Initial Pos: 0.04 1.96 0.88
[HPP-DEBUG] Input frame is ECLIPTIC. Performing rotation.
[HPP-DEBUG] Initial Pos: 0.04 1.96 0.88
[HPP-DEBUG] Input frame is ECLIPTIC. Performing rotation.
[HPP-DEBUG] Initial Pos: 0.04 1.96 0.88
[HPP-DEBUG] Input frame is ECLIPTIC. Performing rotation.
[HPP-DEBUG] Initial Pos: 0.04 1.96 0.88
[HPP-DEBUG] Input frame is ECLIPTIC. Performing rotation.
[HPP-DEBUG] Initial Pos: 0.04 1.96 0.88
[HPP-DEBUG] Input frame is ECLIPTIC. Performing rotation.
[HPP-DEBUG] Initial Pos: 0.04 1.96 0.88
[HPP-DEBUG] Input frame is ECLIPTIC. Performing rotation.
[HPP-DEBUG] Initial Pos: 0.04 1.96 0.88
[HPP-DEBUG] Input frame is ECLIPTIC. Performing rotation.
[HPP-DEBUG] Initial Pos: 0.04 1.96 0.88
[HPP-DEBUG] Input frame is ECLIPTIC. Performing rotation.
[HPP-DEBUG] Initial Pos: 0.04 1.96 0.88
[HPP-DEBUG] Input frame is ECLIPTIC. Performing rotation.
[HPP-DEBUG] Initial Pos: 0.04 1.96 0.88
[HPP-DEBUG] Input frame is ECLIPTIC. Performing rotation.
[HPP-DEBUG] Initial Pos: 0.04 1.96 0.88
[HPP-DEBUG] Input frame is ECLIPTIC. Performing rotation.
[HPP-DEBUG] Initial Pos: 0.04 1.96 0.88
[HPP-DEBUG] Input frame is ECLIPTIC. Performing rotation.
[HPP-DEBUG] Initial Pos: 0.04 1.96 0.88
[HPP-DEBUG] Input frame is ECLIPTIC. Performing rotation.
[HPP-DEBUG] Initial Pos: 0.04 1.96 0.88
[HPP-DEBUG] Input frame is ECLIPTIC. Performing rotation.
[HPP-DEBUG] Initial Pos: 0.04 1.96 0.88
[HPP-DEBUG] Input frame is ECLIPTIC. Performing rotation.
[HPP-DEBUG] Initial Pos: 0.04 1.96 0.88
[HPP-DEBUG] Input frame is ECLIPTIC. Performing rotation.
[HPP-DEBUG] Initial Pos: 0.04 1.96 0.88
[HPP-DEBUG] Input frame is ECLIPTIC. Performing rotation.
[HPP-DEBUG] Initial Pos: 0.04 1.96 0.88
[HPP-DEBUG] Input frame is ECLIPTIC. Performing rotation.
[HPP-DEBUG] Initial Pos: 0.04 1.96 0.88
[HPP-DEBUG] Input frame is ECLIPTIC. Performing rotation.
[HPP-DEBUG] Initial Pos: 0.04 1.96 0.88
[HPP-DEBUG] Input frame is ECLIPTIC. Performing rotation.
[HPP-DEBUG] Initial Pos: 0.04 1.96 0.88
[HPP-DEBUG] Input frame is ECLIPTIC. Performing rotation.
[HPP-DEBUG] Initial Pos: 0.04 1.96 0.88
[PHASE2-DEBUG] Star ID: 148663425300605312
   Star:     RA=65.25 Dec=22.58
   Asteroid: RA=65.24 Dec=22.64
   Dist:     0.06 deg (217.13 arcsec)
[HPP-DEBUG] Input frame is ECLIPTIC. Performing rotation.
[HPP-DEBUG] Initial Pos: 0.04 1.96 0.88
[PHASE2] Entering calculateShadowDetails for star 148663425300605312
[PHASE2] Using Besselian elements for shadow path calculation
[HPP-DEBUG] Input frame is ECLIPTIC. Performing rotation.
[HPP-DEBUG] Initial Pos: 0.04 1.96 0.88
[HPP-DEBUG] Input frame is ECLIPTIC. Performing rotation.
[HPP-DEBUG] Initial Pos: 0.04 1.96 0.88
[HPP-DEBUG] Input frame is ECLIPTIC. Performing rotation.
[HPP-DEBUG] Initial Pos: 0.04 1.96 0.88
[HPP-DEBUG] Input frame is ECLIPTIC. Performing rotation.
[HPP-DEBUG] Initial Pos: 0.04 1.96 0.88
[HPP-DEBUG] Input frame is ECLIPTIC. Performing rotation.
[HPP-DEBUG] Initial Pos: 0.04 1.96 0.88
[HPP-DEBUG] Input frame is ECLIPTIC. Performing rotation.
[HPP-DEBUG] Initial Pos: 0.04 1.96 0.88
[HPP-DEBUG] Input frame is ECLIPTIC. Performing rotation.
[HPP-DEBUG] Initial Pos: 0.04 1.96 0.88
[HPP-DEBUG] Input frame is ECLIPTIC. Performing rotation.
[HPP-DEBUG] Initial Pos: 0.04 1.96 0.88
[HPP-DEBUG] Input frame is ECLIPTIC. Performing rotation.
[HPP-DEBUG] Initial Pos: 0.04 1.96 0.88
[HPP-DEBUG] Input frame is ECLIPTIC. Performing rotation.
[HPP-DEBUG] Initial Pos: 0.04 1.96 0.88
[HPP-DEBUG] Input frame is ECLIPTIC. Performing rotation.
[HPP-DEBUG] Initial Pos: 0.04 1.96 0.88
[HPP-DEBUG] Input frame is ECLIPTIC. Performing rotation.
[HPP-DEBUG] Initial Pos: 0.04 1.96 0.88
[HPP-DEBUG] Input frame is ECLIPTIC. Performing rotation.
[HPP-DEBUG] Initial Pos: 0.04 1.96 0.88
[HPP-DEBUG] Input frame is ECLIPTIC. Performing rotation.
[HPP-DEBUG] Initial Pos: 0.04 1.96 0.88
[HPP-DEBUG] Input frame is ECLIPTIC. Performing rotation.
[HPP-DEBUG] Initial Pos: 0.04 1.96 0.88
[HPP-DEBUG] Input frame is ECLIPTIC. Performing rotation.
[HPP-DEBUG] Initial Pos: 0.04 1.96 0.88
[HPP-DEBUG] Input frame is ECLIPTIC. Performing rotation.
[HPP-DEBUG] Initial Pos: 0.04 1.96 0.88
[HPP-DEBUG] Input frame is ECLIPTIC. Performing rotation.
[HPP-DEBUG] Initial Pos: 0.04 1.96 0.88
[HPP-DEBUG] Input frame is ECLIPTIC. Performing rotation.
[HPP-DEBUG] Initial Pos: 0.04 1.96 0.88
[HPP-DEBUG] Input frame is ECLIPTIC. Performing rotation.
[HPP-DEBUG] Initial Pos: 0.04 1.96 0.88
[HPP-DEBUG] Input frame is ECLIPTIC. Performing rotation.
[HPP-DEBUG] Initial Pos: 0.04 1.96 0.88
[HPP-DEBUG] Input frame is ECLIPTIC. Performing rotation.
[HPP-DEBUG] Initial Pos: 0.04 1.96 0.88
[HPP-DEBUG] Input frame is ECLIPTIC. Performing rotation.
[HPP-DEBUG] Initial Pos: 0.04 1.96 0.88
[HPP-DEBUG] Input frame is ECLIPTIC. Performing rotation.
[HPP-DEBUG] Initial Pos: 0.04 1.96 0.88
[HPP-DEBUG] Input frame is ECLIPTIC. Performing rotation.
[HPP-DEBUG] Initial Pos: 0.04 1.96 0.88
[HPP-DEBUG] Input frame is ECLIPTIC. Performing rotation.
[HPP-DEBUG] Initial Pos: 0.04 1.96 0.88
[HPP-DEBUG] Input frame is ECLIPTIC. Performing rotation.
[HPP-DEBUG] Initial Pos: 0.04 1.96 0.88
[HPP-DEBUG] Input frame is ECLIPTIC. Performing rotation.
[HPP-DEBUG] Initial Pos: 0.04 1.96 0.88
[HPP-DEBUG] Input frame is ECLIPTIC. Performing rotation.
[HPP-DEBUG] Initial Pos: 0.04 1.96 0.88
[HPP-DEBUG] Input frame is ECLIPTIC. Performing rotation.
[HPP-DEBUG] Initial Pos: 0.04 1.96 0.88
[HPP-DEBUG] Input frame is ECLIPTIC. Performing rotation.
[HPP-DEBUG] Initial Pos: 0.04 1.96 0.88
[HPP-DEBUG] Input frame is ECLIPTIC. Performing rotation.
[HPP-DEBUG] Initial Pos: 0.04 1.96 0.88
[HPP-DEBUG] Input frame is ECLIPTIC. Performing rotation.
[HPP-DEBUG] Initial Pos: 0.04 1.96 0.88
[HPP-DEBUG] Input frame is ECLIPTIC. Performing rotation.
[HPP-DEBUG] Initial Pos: 0.04 1.96 0.88
[HPP-DEBUG] Input frame is ECLIPTIC. Performing rotation.
[HPP-DEBUG] Initial Pos: 0.04 1.96 0.88
[HPP-DEBUG] Input frame is ECLIPTIC. Performing rotation.
[HPP-DEBUG] Initial Pos: 0.04 1.96 0.88
[HPP-DEBUG] Input frame is ECLIPTIC. Performing rotation.
[HPP-DEBUG] Initial Pos: 0.04 1.96 0.88
[HPP-DEBUG] Input frame is ECLIPTIC. Performing rotation.
[HPP-DEBUG] Initial Pos: 0.04 1.96 0.88
[HPP-DEBUG] Input frame is ECLIPTIC. Performing rotation.
[HPP-DEBUG] Initial Pos: 0.04 1.96 0.88
[HPP-DEBUG] Input frame is ECLIPTIC. Performing rotation.
[HPP-DEBUG] Initial Pos: 0.04 1.96 0.88
[HPP-DEBUG] Input frame is ECLIPTIC. Performing rotation.
[HPP-DEBUG] Initial Pos: 0.04 1.96 0.88
[HPP-DEBUG] Input frame is ECLIPTIC. Performing rotation.
[HPP-DEBUG] Initial Pos: 0.04 1.96 0.88
[HPP-DEBUG] Input frame is ECLIPTIC. Performing rotation.
[HPP-DEBUG] Initial Pos: 0.04 1.96 0.88
[HPP-DEBUG] Input frame is ECLIPTIC. Performing rotation.
[HPP-DEBUG] Initial Pos: 0.04 1.96 0.88
[OccAnalyzer] Star 148663425300605312: CA=204.25 arcsec, Diam=3.37 arcsec, Ratio=60.65
[OccAnalyzer] Star 148663425300605312 Result: ⚠️ NEAR-MISS (CA=204.25", Diam=3.37")
[HPP-DEBUG] Input frame is ECLIPTIC. Performing rotation.
[HPP-DEBUG] Initial Pos: 0.04 1.96 0.88
[HPP-DEBUG] Input frame is ECLIPTIC. Performing rotation.
[HPP-DEBUG] Initial Pos: 0.04 1.96 0.88
[OccAnalyzer] Step 1: Besselian elements...
[HPP-DEBUG] Input frame is ECLIPTIC. Performing rotation.
[HPP-DEBUG] Initial Pos: 0.04 1.96 0.88
[OccAnalyzer] Step 2: Velocity calculation...
[OccAnalyzer]   Fetching state at dt...
[HPP-DEBUG] Input frame is ECLIPTIC. Performing rotation.
[HPP-DEBUG] Initial Pos: 0.04 1.96 0.88
[OccAnalyzer]   Calculating Besselian elements at dt...
[HPP-DEBUG] Input frame is ECLIPTIC. Performing rotation.
[HPP-DEBUG] Initial Pos: 0.04 1.96 0.88
[OccAnalyzer]   Velocity: x_dt=-9.11, y_dt=31.35
[OccAnalyzer]   Derivatives: dx=-0.14, dy=0.86
[OccAnalyzer] Step 3: Generating points...
[OccAnalyzer]   Done. Points: 21
[PHASE2] ✅ Shadow path computed: 21 points in 0.01 sec
[PHASE2]    Propagations: 2 (Besselian vs 21 with Kepler)
[PHASE2] Shadow path integrated successfully
[HPP-DEBUG] Input frame is ECLIPTIC. Performing rotation.
[HPP-DEBUG] Initial Pos: 0.04 1.96 0.88
[HPP-DEBUG] Input frame is ECLIPTIC. Performing rotation.
[HPP-DEBUG] Initial Pos: 0.04 1.96 0.88
[HPP-DEBUG] Input frame is ECLIPTIC. Performing rotation.
[HPP-DEBUG] Initial Pos: 0.04 1.96 0.88
[HPP-DEBUG] Input frame is ECLIPTIC. Performing rotation.
[HPP-DEBUG] Initial Pos: 0.04 1.96 0.88
[HPP-DEBUG] Input frame is ECLIPTIC. Performing rotation.
[HPP-DEBUG] Initial Pos: 0.04 1.96 0.88
[HPP-DEBUG] Input frame is ECLIPTIC. Performing rotation.
[HPP-DEBUG] Initial Pos: 0.04 1.96 0.88
[HPP-DEBUG] Input frame is ECLIPTIC. Performing rotation.
[HPP-DEBUG] Initial Pos: 0.04 1.96 0.88
[HPP-DEBUG] Input frame is ECLIPTIC. Performing rotation.
[HPP-DEBUG] Initial Pos: 0.04 1.96 0.88
[HPP-DEBUG] Input frame is ECLIPTIC. Performing rotation.
[HPP-DEBUG] Initial Pos: 0.04 1.96 0.88
[HPP-DEBUG] Input frame is ECLIPTIC. Performing rotation.
[HPP-DEBUG] Initial Pos: 0.04 1.96 0.88
[HPP-DEBUG] Input frame is ECLIPTIC. Performing rotation.
[HPP-DEBUG] Initial Pos: 0.04 1.96 0.88
[HPP-DEBUG] Input frame is ECLIPTIC. Performing rotation.
[HPP-DEBUG] Initial Pos: 0.04 1.96 0.88
[HPP-DEBUG] Input frame is ECLIPTIC. Performing rotation.
[HPP-DEBUG] Initial Pos: 0.04 1.96 0.88
[HPP-DEBUG] Input frame is ECLIPTIC. Performing rotation.
[HPP-DEBUG] Initial Pos: 0.04 1.96 0.88
[HPP-DEBUG] Input frame is ECLIPTIC. Performing rotation.
[HPP-DEBUG] Initial Pos: 0.04 1.96 0.88
[HPP-DEBUG] Input frame is ECLIPTIC. Performing rotation.
[HPP-DEBUG] Initial Pos: 0.04 1.96 0.88
[HPP-DEBUG] Input frame is ECLIPTIC. Performing rotation.
[HPP-DEBUG] Initial Pos: 0.04 1.96 0.88
[HPP-DEBUG] Input frame is ECLIPTIC. Performing rotation.
[HPP-DEBUG] Initial Pos: 0.04 1.96 0.88
[HPP-DEBUG] Input frame is ECLIPTIC. Performing rotation.
[HPP-DEBUG] Initial Pos: 0.04 1.96 0.88
[HPP-DEBUG] Input frame is ECLIPTIC. Performing rotation.
[HPP-DEBUG] Initial Pos: 0.04 1.96 0.88
[HPP-DEBUG] Input frame is ECLIPTIC. Performing rotation.
[HPP-DEBUG] Initial Pos: 0.04 1.96 0.88
[HPP-DEBUG] Input frame is ECLIPTIC. Performing rotation.
[HPP-DEBUG] Initial Pos: 0.04 1.96 0.88
[HPP-DEBUG] Input frame is ECLIPTIC. Performing rotation.
[HPP-DEBUG] Initial Pos: 0.04 1.96 0.88
[HPP-DEBUG] Input frame is ECLIPTIC. Performing rotation.
[HPP-DEBUG] Initial Pos: 0.04 1.96 0.88
[HPP-DEBUG] Input frame is ECLIPTIC. Performing rotation.
[HPP-DEBUG] Initial Pos: 0.04 1.96 0.88
[HPP-DEBUG] Input frame is ECLIPTIC. Performing rotation.
[HPP-DEBUG] Initial Pos: 0.04 1.96 0.88
[HPP-DEBUG] Input frame is ECLIPTIC. Performing rotation.
[HPP-DEBUG] Initial Pos: 0.04 1.96 0.88
[HPP-DEBUG] Input frame is ECLIPTIC. Performing rotation.
[HPP-DEBUG] Initial Pos: 0.04 1.96 0.88
[HPP-DEBUG] Input frame is ECLIPTIC. Performing rotation.
[HPP-DEBUG] Initial Pos: 0.04 1.96 0.88
[HPP-DEBUG] Input frame is ECLIPTIC. Performing rotation.
[HPP-DEBUG] Initial Pos: 0.04 1.96 0.88
[HPP-DEBUG] Input frame is ECLIPTIC. Performing rotation.
[HPP-DEBUG] Initial Pos: 0.04 1.96 0.88
[HPP-DEBUG] Input frame is ECLIPTIC. Performing rotation.
[HPP-DEBUG] Initial Pos: 0.04 1.96 0.88
[HPP-DEBUG] Input frame is ECLIPTIC. Performing rotation.
[HPP-DEBUG] Initial Pos: 0.04 1.96 0.88
[HPP-DEBUG] Input frame is ECLIPTIC. Performing rotation.
[HPP-DEBUG] Initial Pos: 0.04 1.96 0.88
[HPP-DEBUG] Input frame is ECLIPTIC. Performing rotation.
[HPP-DEBUG] Initial Pos: 0.04 1.96 0.88
[HPP-DEBUG] Input frame is ECLIPTIC. Performing rotation.
[HPP-DEBUG] Initial Pos: 0.04 1.96 0.88
[HPP-DEBUG] Input frame is ECLIPTIC. Performing rotation.
[HPP-DEBUG] Initial Pos: 0.04 1.96 0.88
[HPP-DEBUG] Input frame is ECLIPTIC. Performing rotation.
[HPP-DEBUG] Initial Pos: 0.04 1.96 0.88
[HPP-DEBUG] Input frame is ECLIPTIC. Performing rotation.
[HPP-DEBUG] Initial Pos: 0.04 1.96 0.88
[PHASE2-DEBUG] Star ID: 148664417435804160
   Star:     RA=65.21 Dec=22.60
   Asteroid: RA=65.24 Dec=22.64
   Dist:     0.04 deg (161.13 arcsec)
[HPP-DEBUG] Input frame is ECLIPTIC. Performing rotation.
[HPP-DEBUG] Initial Pos: 0.04 1.96 0.88
[PHASE2] Entering calculateShadowDetails for star 148664417435804160
[PHASE2] Using Besselian elements for shadow path calculation
[HPP-DEBUG] Input frame is ECLIPTIC. Performing rotation.
[HPP-DEBUG] Initial Pos: 0.04 1.96 0.88
[HPP-DEBUG] Input frame is ECLIPTIC. Performing rotation.
[HPP-DEBUG] Initial Pos: 0.04 1.96 0.88
[HPP-DEBUG] Input frame is ECLIPTIC. Performing rotation.
[HPP-DEBUG] Initial Pos: 0.04 1.96 0.88
[HPP-DEBUG] Input frame is ECLIPTIC. Performing rotation.
[HPP-DEBUG] Initial Pos: 0.04 1.96 0.88
[HPP-DEBUG] Input frame is ECLIPTIC. Performing rotation.
[HPP-DEBUG] Initial Pos: 0.04 1.96 0.88
[HPP-DEBUG] Input frame is ECLIPTIC. Performing rotation.
[HPP-DEBUG] Initial Pos: 0.04 1.96 0.88
[HPP-DEBUG] Input frame is ECLIPTIC. Performing rotation.
[HPP-DEBUG] Initial Pos: 0.04 1.96 0.88
[HPP-DEBUG] Input frame is ECLIPTIC. Performing rotation.
[HPP-DEBUG] Initial Pos: 0.04 1.96 0.88
[HPP-DEBUG] Input frame is ECLIPTIC. Performing rotation.
[HPP-DEBUG] Initial Pos: 0.04 1.96 0.88
[HPP-DEBUG] Input frame is ECLIPTIC. Performing rotation.
[HPP-DEBUG] Initial Pos: 0.04 1.96 0.88
[HPP-DEBUG] Input frame is ECLIPTIC. Performing rotation.
[HPP-DEBUG] Initial Pos: 0.04 1.96 0.88
[HPP-DEBUG] Input frame is ECLIPTIC. Performing rotation.
[HPP-DEBUG] Initial Pos: 0.04 1.96 0.88
[HPP-DEBUG] Input frame is ECLIPTIC. Performing rotation.
[HPP-DEBUG] Initial Pos: 0.04 1.96 0.88
[HPP-DEBUG] Input frame is ECLIPTIC. Performing rotation.
[HPP-DEBUG] Initial Pos: 0.04 1.96 0.88
[HPP-DEBUG] Input frame is ECLIPTIC. Performing rotation.
[HPP-DEBUG] Initial Pos: 0.04 1.96 0.88
[HPP-DEBUG] Input frame is ECLIPTIC. Performing rotation.
[HPP-DEBUG] Initial Pos: 0.04 1.96 0.88
[HPP-DEBUG] Input frame is ECLIPTIC. Performing rotation.
[HPP-DEBUG] Initial Pos: 0.04 1.96 0.88
[HPP-DEBUG] Input frame is ECLIPTIC. Performing rotation.
[HPP-DEBUG] Initial Pos: 0.04 1.96 0.88
[HPP-DEBUG] Input frame is ECLIPTIC. Performing rotation.
[HPP-DEBUG] Initial Pos: 0.04 1.96 0.88
[HPP-DEBUG] Input frame is ECLIPTIC. Performing rotation.
[HPP-DEBUG] Initial Pos: 0.04 1.96 0.88
[HPP-DEBUG] Input frame is ECLIPTIC. Performing rotation.
[HPP-DEBUG] Initial Pos: 0.04 1.96 0.88
[HPP-DEBUG] Input frame is ECLIPTIC. Performing rotation.
[HPP-DEBUG] Initial Pos: 0.04 1.96 0.88
[HPP-DEBUG] Input frame is ECLIPTIC. Performing rotation.
[HPP-DEBUG] Initial Pos: 0.04 1.96 0.88
[HPP-DEBUG] Input frame is ECLIPTIC. Performing rotation.
[HPP-DEBUG] Initial Pos: 0.04 1.96 0.88
[HPP-DEBUG] Input frame is ECLIPTIC. Performing rotation.
[HPP-DEBUG] Initial Pos: 0.04 1.96 0.88
[HPP-DEBUG] Input frame is ECLIPTIC. Performing rotation.
[HPP-DEBUG] Initial Pos: 0.04 1.96 0.88
[HPP-DEBUG] Input frame is ECLIPTIC. Performing rotation.
[HPP-DEBUG] Initial Pos: 0.04 1.96 0.88
[HPP-DEBUG] Input frame is ECLIPTIC. Performing rotation.
[HPP-DEBUG] Initial Pos: 0.04 1.96 0.88
[HPP-DEBUG] Input frame is ECLIPTIC. Performing rotation.
[HPP-DEBUG] Initial Pos: 0.04 1.96 0.88
[HPP-DEBUG] Input frame is ECLIPTIC. Performing rotation.
[HPP-DEBUG] Initial Pos: 0.04 1.96 0.88
[HPP-DEBUG] Input frame is ECLIPTIC. Performing rotation.
[HPP-DEBUG] Initial Pos: 0.04 1.96 0.88
[HPP-DEBUG] Input frame is ECLIPTIC. Performing rotation.
[HPP-DEBUG] Initial Pos: 0.04 1.96 0.88
[HPP-DEBUG] Input frame is ECLIPTIC. Performing rotation.
[HPP-DEBUG] Initial Pos: 0.04 1.96 0.88
[HPP-DEBUG] Input frame is ECLIPTIC. Performing rotation.
[HPP-DEBUG] Initial Pos: 0.04 1.96 0.88
[HPP-DEBUG] Input frame is ECLIPTIC. Performing rotation.
[HPP-DEBUG] Initial Pos: 0.04 1.96 0.88
[HPP-DEBUG] Input frame is ECLIPTIC. Performing rotation.
[HPP-DEBUG] Initial Pos: 0.04 1.96 0.88
[HPP-DEBUG] Input frame is ECLIPTIC. Performing rotation.
[HPP-DEBUG] Initial Pos: 0.04 1.96 0.88
[HPP-DEBUG] Input frame is ECLIPTIC. Performing rotation.
[HPP-DEBUG] Initial Pos: 0.04 1.96 0.88
[HPP-DEBUG] Input frame is ECLIPTIC. Performing rotation.
[HPP-DEBUG] Initial Pos: 0.04 1.96 0.88
[HPP-DEBUG] Input frame is ECLIPTIC. Performing rotation.
[HPP-DEBUG] Initial Pos: 0.04 1.96 0.88
[HPP-DEBUG] Input frame is ECLIPTIC. Performing rotation.
[HPP-DEBUG] Initial Pos: 0.04 1.96 0.88
[HPP-DEBUG] Input frame is ECLIPTIC. Performing rotation.
[HPP-DEBUG] Initial Pos: 0.04 1.96 0.88
[HPP-DEBUG] Input frame is ECLIPTIC. Performing rotation.
[HPP-DEBUG] Initial Pos: 0.04 1.96 0.88
[HPP-DEBUG] Input frame is ECLIPTIC. Performing rotation.
[HPP-DEBUG] Initial Pos: 0.04 1.96 0.88
[OccAnalyzer] Star 148664417435804160: CA=151.72 arcsec, Diam=3.37 arcsec, Ratio=45.05
[OccAnalyzer] Star 148664417435804160 Result: ⚠️ NEAR-MISS (CA=151.72", Diam=3.37")
[HPP-DEBUG] Input frame is ECLIPTIC. Performing rotation.
[HPP-DEBUG] Initial Pos: 0.04 1.96 0.88
[HPP-DEBUG] Input frame is ECLIPTIC. Performing rotation.
[HPP-DEBUG] Initial Pos: 0.04 1.96 0.88
[OccAnalyzer] Step 1: Besselian elements...
[HPP-DEBUG] Input frame is ECLIPTIC. Performing rotation.
[HPP-DEBUG] Initial Pos: 0.04 1.96 0.88
[OccAnalyzer] Step 2: Velocity calculation...
[OccAnalyzer]   Fetching state at dt...
[HPP-DEBUG] Input frame is ECLIPTIC. Performing rotation.
[HPP-DEBUG] Initial Pos: 0.04 1.96 0.88
[OccAnalyzer]   Calculating Besselian elements at dt...
[HPP-DEBUG] Input frame is ECLIPTIC. Performing rotation.
[HPP-DEBUG] Initial Pos: 0.04 1.96 0.88
[OccAnalyzer]   Velocity: x_dt=14.39, y_dt=19.52
[OccAnalyzer]   Derivatives: dx=-0.14, dy=0.86
[OccAnalyzer] Step 3: Generating points...
[OccAnalyzer]   Done. Points: 21
[PHASE2] ✅ Shadow path computed: 21 points in 0.01 sec
[PHASE2]    Propagations: 2 (Besselian vs 21 with Kepler)
[PHASE2] Shadow path integrated successfully
[HPP-DEBUG] Input frame is ECLIPTIC. Performing rotation.
[HPP-DEBUG] Initial Pos: 0.04 1.96 0.88
[HPP-DEBUG] Input frame is ECLIPTIC. Performing rotation.
[HPP-DEBUG] Initial Pos: 0.04 1.96 0.88
[HPP-DEBUG] Input frame is ECLIPTIC. Performing rotation.
[HPP-DEBUG] Initial Pos: 0.04 1.96 0.88
[HPP-DEBUG] Input frame is ECLIPTIC. Performing rotation.
[HPP-DEBUG] Initial Pos: 0.04 1.96 0.88
[HPP-DEBUG] Input frame is ECLIPTIC. Performing rotation.
[HPP-DEBUG] Initial Pos: 0.04 1.96 0.88
[HPP-DEBUG] Input frame is ECLIPTIC. Performing rotation.
[HPP-DEBUG] Initial Pos: 0.04 1.96 0.88
[HPP-DEBUG] Input frame is ECLIPTIC. Performing rotation.
[HPP-DEBUG] Initial Pos: 0.04 1.96 0.88
[HPP-DEBUG] Input frame is ECLIPTIC. Performing rotation.
[HPP-DEBUG] Initial Pos: 0.04 1.96 0.88
[HPP-DEBUG] Input frame is ECLIPTIC. Performing rotation.
[HPP-DEBUG] Initial Pos: 0.04 1.96 0.88
[HPP-DEBUG] Input frame is ECLIPTIC. Performing rotation.
[HPP-DEBUG] Initial Pos: 0.04 1.96 0.88
[HPP-DEBUG] Input frame is ECLIPTIC. Performing rotation.
[HPP-DEBUG] Initial Pos: 0.04 1.96 0.88
[HPP-DEBUG] Input frame is ECLIPTIC. Performing rotation.
[HPP-DEBUG] Initial Pos: 0.04 1.96 0.88
[HPP-DEBUG] Input frame is ECLIPTIC. Performing rotation.
[HPP-DEBUG] Initial Pos: 0.04 1.96 0.88
[HPP-DEBUG] Input frame is ECLIPTIC. Performing rotation.
[HPP-DEBUG] Initial Pos: 0.04 1.96 0.88
[HPP-DEBUG] Input frame is ECLIPTIC. Performing rotation.
[HPP-DEBUG] Initial Pos: 0.04 1.96 0.88
[HPP-DEBUG] Input frame is ECLIPTIC. Performing rotation.
[HPP-DEBUG] Initial Pos: 0.04 1.96 0.88
[HPP-DEBUG] Input frame is ECLIPTIC. Performing rotation.
[HPP-DEBUG] Initial Pos: 0.04 1.96 0.88
[HPP-DEBUG] Input frame is ECLIPTIC. Performing rotation.
[HPP-DEBUG] Initial Pos: 0.04 1.96 0.88
[HPP-DEBUG] Input frame is ECLIPTIC. Performing rotation.
[HPP-DEBUG] Initial Pos: 0.04 1.96 0.88
[HPP-DEBUG] Input frame is ECLIPTIC. Performing rotation.
[HPP-DEBUG] Initial Pos: 0.04 1.96 0.88
[HPP-DEBUG] Input frame is ECLIPTIC. Performing rotation.
[HPP-DEBUG] Initial Pos: 0.04 1.96 0.88
[HPP-DEBUG] Input frame is ECLIPTIC. Performing rotation.
[HPP-DEBUG] Initial Pos: 0.04 1.96 0.88
[HPP-DEBUG] Input frame is ECLIPTIC. Performing rotation.
[HPP-DEBUG] Initial Pos: 0.04 1.96 0.88
[HPP-DEBUG] Input frame is ECLIPTIC. Performing rotation.
[HPP-DEBUG] Initial Pos: 0.04 1.96 0.88
[HPP-DEBUG] Input frame is ECLIPTIC. Performing rotation.
[HPP-DEBUG] Initial Pos: 0.04 1.96 0.88
[HPP-DEBUG] Input frame is ECLIPTIC. Performing rotation.
[HPP-DEBUG] Initial Pos: 0.04 1.96 0.88
[HPP-DEBUG] Input frame is ECLIPTIC. Performing rotation.
[HPP-DEBUG] Initial Pos: 0.04 1.96 0.88
[HPP-DEBUG] Input frame is ECLIPTIC. Performing rotation.
[HPP-DEBUG] Initial Pos: 0.04 1.96 0.88
[HPP-DEBUG] Input frame is ECLIPTIC. Performing rotation.
[HPP-DEBUG] Initial Pos: 0.04 1.96 0.88
[HPP-DEBUG] Input frame is ECLIPTIC. Performing rotation.
[HPP-DEBUG] Initial Pos: 0.04 1.96 0.88
[HPP-DEBUG] Input frame is ECLIPTIC. Performing rotation.
[HPP-DEBUG] Initial Pos: 0.04 1.96 0.88
[HPP-DEBUG] Input frame is ECLIPTIC. Performing rotation.
[HPP-DEBUG] Initial Pos: 0.04 1.96 0.88
[HPP-DEBUG] Input frame is ECLIPTIC. Performing rotation.
[HPP-DEBUG] Initial Pos: 0.04 1.96 0.88
[HPP-DEBUG] Input frame is ECLIPTIC. Performing rotation.
[HPP-DEBUG] Initial Pos: 0.04 1.96 0.88
[HPP-DEBUG] Input frame is ECLIPTIC. Performing rotation.
[HPP-DEBUG] Initial Pos: 0.04 1.96 0.88
[HPP-DEBUG] Input frame is ECLIPTIC. Performing rotation.
[HPP-DEBUG] Initial Pos: 0.04 1.96 0.88
[HPP-DEBUG] Input frame is ECLIPTIC. Performing rotation.
[HPP-DEBUG] Initial Pos: 0.04 1.96 0.88
[HPP-DEBUG] Input frame is ECLIPTIC. Performing rotation.
[HPP-DEBUG] Initial Pos: 0.04 1.96 0.88
[HPP-DEBUG] Input frame is ECLIPTIC. Performing rotation.
[HPP-DEBUG] Initial Pos: 0.04 1.96 0.88
[PHASE2-DEBUG] Star ID: 148664318653631616
   Star:     RA=65.18 Dec=22.61
   Asteroid: RA=65.24 Dec=22.64
   Dist:     0.06 deg (232.71 arcsec)
[HPP-DEBUG] Input frame is ECLIPTIC. Performing rotation.
[HPP-DEBUG] Initial Pos: 0.04 1.96 0.88
[PHASE2] Entering calculateShadowDetails for star 148664318653631616
[PHASE2] Using Besselian elements for shadow path calculation
[HPP-DEBUG] Input frame is ECLIPTIC. Performing rotation.
[HPP-DEBUG] Initial Pos: 0.04 1.96 0.88
[HPP-DEBUG] Input frame is ECLIPTIC. Performing rotation.
[HPP-DEBUG] Initial Pos: 0.04 1.96 0.88
[HPP-DEBUG] Input frame is ECLIPTIC. Performing rotation.
[HPP-DEBUG] Initial Pos: 0.04 1.96 0.88
[HPP-DEBUG] Input frame is ECLIPTIC. Performing rotation.
[HPP-DEBUG] Initial Pos: 0.04 1.96 0.88
[HPP-DEBUG] Input frame is ECLIPTIC. Performing rotation.
[HPP-DEBUG] Initial Pos: 0.04 1.96 0.88
[HPP-DEBUG] Input frame is ECLIPTIC. Performing rotation.
[HPP-DEBUG] Initial Pos: 0.04 1.96 0.88
[HPP-DEBUG] Input frame is ECLIPTIC. Performing rotation.
[HPP-DEBUG] Initial Pos: 0.04 1.96 0.88
[HPP-DEBUG] Input frame is ECLIPTIC. Performing rotation.
[HPP-DEBUG] Initial Pos: 0.04 1.96 0.88
[HPP-DEBUG] Input frame is ECLIPTIC. Performing rotation.
[HPP-DEBUG] Initial Pos: 0.04 1.96 0.88
[HPP-DEBUG] Input frame is ECLIPTIC. Performing rotation.
[HPP-DEBUG] Initial Pos: 0.04 1.96 0.88
[HPP-DEBUG] Input frame is ECLIPTIC. Performing rotation.
[HPP-DEBUG] Initial Pos: 0.04 1.96 0.88
[HPP-DEBUG] Input frame is ECLIPTIC. Performing rotation.
[HPP-DEBUG] Initial Pos: 0.04 1.96 0.88
[HPP-DEBUG] Input frame is ECLIPTIC. Performing rotation.
[HPP-DEBUG] Initial Pos: 0.04 1.96 0.88
[HPP-DEBUG] Input frame is ECLIPTIC. Performing rotation.
[HPP-DEBUG] Initial Pos: 0.04 1.96 0.88
[HPP-DEBUG] Input frame is ECLIPTIC. Performing rotation.
[HPP-DEBUG] Initial Pos: 0.04 1.96 0.88
[HPP-DEBUG] Input frame is ECLIPTIC. Performing rotation.
[HPP-DEBUG] Initial Pos: 0.04 1.96 0.88
[HPP-DEBUG] Input frame is ECLIPTIC. Performing rotation.
[HPP-DEBUG] Initial Pos: 0.04 1.96 0.88
[HPP-DEBUG] Input frame is ECLIPTIC. Performing rotation.
[HPP-DEBUG] Initial Pos: 0.04 1.96 0.88
[HPP-DEBUG] Input frame is ECLIPTIC. Performing rotation.
[HPP-DEBUG] Initial Pos: 0.04 1.96 0.88
[HPP-DEBUG] Input frame is ECLIPTIC. Performing rotation.
[HPP-DEBUG] Initial Pos: 0.04 1.96 0.88
[HPP-DEBUG] Input frame is ECLIPTIC. Performing rotation.
[HPP-DEBUG] Initial Pos: 0.04 1.96 0.88
[HPP-DEBUG] Input frame is ECLIPTIC. Performing rotation.
[HPP-DEBUG] Initial Pos: 0.04 1.96 0.88
[HPP-DEBUG] Input frame is ECLIPTIC. Performing rotation.
[HPP-DEBUG] Initial Pos: 0.04 1.96 0.88
[HPP-DEBUG] Input frame is ECLIPTIC. Performing rotation.
[HPP-DEBUG] Initial Pos: 0.04 1.96 0.88
[HPP-DEBUG] Input frame is ECLIPTIC. Performing rotation.
[HPP-DEBUG] Initial Pos: 0.04 1.96 0.88
[HPP-DEBUG] Input frame is ECLIPTIC. Performing rotation.
[HPP-DEBUG] Initial Pos: 0.04 1.96 0.88
[HPP-DEBUG] Input frame is ECLIPTIC. Performing rotation.
[HPP-DEBUG] Initial Pos: 0.04 1.96 0.88
[HPP-DEBUG] Input frame is ECLIPTIC. Performing rotation.
[HPP-DEBUG] Initial Pos: 0.04 1.96 0.88
[HPP-DEBUG] Input frame is ECLIPTIC. Performing rotation.
[HPP-DEBUG] Initial Pos: 0.04 1.96 0.88
[HPP-DEBUG] Input frame is ECLIPTIC. Performing rotation.
[HPP-DEBUG] Initial Pos: 0.04 1.96 0.88
[HPP-DEBUG] Input frame is ECLIPTIC. Performing rotation.
[HPP-DEBUG] Initial Pos: 0.04 1.96 0.88
[HPP-DEBUG] Input frame is ECLIPTIC. Performing rotation.
[HPP-DEBUG] Initial Pos: 0.04 1.96 0.88
[HPP-DEBUG] Input frame is ECLIPTIC. Performing rotation.
[HPP-DEBUG] Initial Pos: 0.04 1.96 0.88
[HPP-DEBUG] Input frame is ECLIPTIC. Performing rotation.
[HPP-DEBUG] Initial Pos: 0.04 1.96 0.88
[HPP-DEBUG] Input frame is ECLIPTIC. Performing rotation.
[HPP-DEBUG] Initial Pos: 0.04 1.96 0.88
[HPP-DEBUG] Input frame is ECLIPTIC. Performing rotation.
[HPP-DEBUG] Initial Pos: 0.04 1.96 0.88
[HPP-DEBUG] Input frame is ECLIPTIC. Performing rotation.
[HPP-DEBUG] Initial Pos: 0.04 1.96 0.88
[HPP-DEBUG] Input frame is ECLIPTIC. Performing rotation.
[HPP-DEBUG] Initial Pos: 0.04 1.96 0.88
[HPP-DEBUG] Input frame is ECLIPTIC. Performing rotation.
[HPP-DEBUG] Initial Pos: 0.04 1.96 0.88
[HPP-DEBUG] Input frame is ECLIPTIC. Performing rotation.
[HPP-DEBUG] Initial Pos: 0.04 1.96 0.88
[HPP-DEBUG] Input frame is ECLIPTIC. Performing rotation.
[HPP-DEBUG] Initial Pos: 0.04 1.96 0.88
[HPP-DEBUG] Input frame is ECLIPTIC. Performing rotation.
[HPP-DEBUG] Initial Pos: 0.04 1.96 0.88
[HPP-DEBUG] Input frame is ECLIPTIC. Performing rotation.
[HPP-DEBUG] Initial Pos: 0.04 1.96 0.88
[HPP-DEBUG] Input frame is ECLIPTIC. Performing rotation.
[HPP-DEBUG] Initial Pos: 0.04 1.96 0.88
[OccAnalyzer] Star 148664318653631616: CA=228.71 arcsec, Diam=3.37 arcsec, Ratio=67.92
[OccAnalyzer] Star 148664318653631616 Result: ⚠️ NEAR-MISS (CA=228.71", Diam=3.37")
[HPP-DEBUG] Input frame is ECLIPTIC. Performing rotation.
[HPP-DEBUG] Initial Pos: 0.04 1.96 0.88
[HPP-DEBUG] Input frame is ECLIPTIC. Performing rotation.
[HPP-DEBUG] Initial Pos: 0.04 1.96 0.88
[OccAnalyzer] Step 1: Besselian elements...
[HPP-DEBUG] Input frame is ECLIPTIC. Performing rotation.
[HPP-DEBUG] Initial Pos: 0.04 1.96 0.88
[OccAnalyzer] Step 2: Velocity calculation...
[OccAnalyzer]   Fetching state at dt...
[HPP-DEBUG] Input frame is ECLIPTIC. Performing rotation.
[HPP-DEBUG] Initial Pos: 0.04 1.96 0.88
[OccAnalyzer]   Calculating Besselian elements at dt...
[HPP-DEBUG] Input frame is ECLIPTIC. Performing rotation.
[HPP-DEBUG] Initial Pos: 0.04 1.96 0.88
[OccAnalyzer]   Velocity: x_dt=33.05, y_dt=15.60
[OccAnalyzer]   Derivatives: dx=-0.13, dy=0.86
[OccAnalyzer] Step 3: Generating points...
[OccAnalyzer]   Done. Points: 21
[PHASE2] ✅ Shadow path computed: 21 points in 0.01 sec
[PHASE2]    Propagations: 2 (Besselian vs 21 with Kepler)
[PHASE2] Shadow path integrated successfully
[HPP-DEBUG] Input frame is ECLIPTIC. Performing rotation.
[HPP-DEBUG] Initial Pos: 0.04 1.96 0.88
[HPP-DEBUG] Input frame is ECLIPTIC. Performing rotation.
[HPP-DEBUG] Initial Pos: 0.04 1.96 0.88
[HPP-DEBUG] Input frame is ECLIPTIC. Performing rotation.
[HPP-DEBUG] Initial Pos: 0.04 1.96 0.88
[HPP-DEBUG] Input frame is ECLIPTIC. Performing rotation.
[HPP-DEBUG] Initial Pos: 0.04 1.96 0.88
[HPP-DEBUG] Input frame is ECLIPTIC. Performing rotation.
[HPP-DEBUG] Initial Pos: 0.04 1.96 0.88
[HPP-DEBUG] Input frame is ECLIPTIC. Performing rotation.
[HPP-DEBUG] Initial Pos: 0.04 1.96 0.88
[HPP-DEBUG] Input frame is ECLIPTIC. Performing rotation.
[HPP-DEBUG] Initial Pos: 0.04 1.96 0.88
[HPP-DEBUG] Input frame is ECLIPTIC. Performing rotation.
[HPP-DEBUG] Initial Pos: 0.04 1.96 0.88
[HPP-DEBUG] Input frame is ECLIPTIC. Performing rotation.
[HPP-DEBUG] Initial Pos: 0.04 1.96 0.88
[HPP-DEBUG] Input frame is ECLIPTIC. Performing rotation.
[HPP-DEBUG] Initial Pos: 0.04 1.96 0.88
[HPP-DEBUG] Input frame is ECLIPTIC. Performing rotation.
[HPP-DEBUG] Initial Pos: 0.04 1.96 0.88
[HPP-DEBUG] Input frame is ECLIPTIC. Performing rotation.
[HPP-DEBUG] Initial Pos: 0.04 1.96 0.88
[HPP-DEBUG] Input frame is ECLIPTIC. Performing rotation.
[HPP-DEBUG] Initial Pos: 0.04 1.96 0.88
[HPP-DEBUG] Input frame is ECLIPTIC. Performing rotation.
[HPP-DEBUG] Initial Pos: 0.04 1.96 0.88
[HPP-DEBUG] Input frame is ECLIPTIC. Performing rotation.
[HPP-DEBUG] Initial Pos: 0.04 1.96 0.88
[HPP-DEBUG] Input frame is ECLIPTIC. Performing rotation.
[HPP-DEBUG] Initial Pos: 0.04 1.96 0.88
[HPP-DEBUG] Input frame is ECLIPTIC. Performing rotation.
[HPP-DEBUG] Initial Pos: 0.04 1.96 0.88
[HPP-DEBUG] Input frame is ECLIPTIC. Performing rotation.
[HPP-DEBUG] Initial Pos: 0.04 1.96 0.88
[HPP-DEBUG] Input frame is ECLIPTIC. Performing rotation.
[HPP-DEBUG] Initial Pos: 0.04 1.96 0.88
[HPP-DEBUG] Input frame is ECLIPTIC. Performing rotation.
[HPP-DEBUG] Initial Pos: 0.04 1.96 0.88
[HPP-DEBUG] Input frame is ECLIPTIC. Performing rotation.
[HPP-DEBUG] Initial Pos: 0.04 1.96 0.88
[HPP-DEBUG] Input frame is ECLIPTIC. Performing rotation.
[HPP-DEBUG] Initial Pos: 0.04 1.96 0.88
[HPP-DEBUG] Input frame is ECLIPTIC. Performing rotation.
[HPP-DEBUG] Initial Pos: 0.04 1.96 0.88
[HPP-DEBUG] Input frame is ECLIPTIC. Performing rotation.
[HPP-DEBUG] Initial Pos: 0.04 1.96 0.88
[HPP-DEBUG] Input frame is ECLIPTIC. Performing rotation.
[HPP-DEBUG] Initial Pos: 0.04 1.96 0.88
[HPP-DEBUG] Input frame is ECLIPTIC. Performing rotation.
[HPP-DEBUG] Initial Pos: 0.04 1.96 0.88
[HPP-DEBUG] Input frame is ECLIPTIC. Performing rotation.
[HPP-DEBUG] Initial Pos: 0.04 1.96 0.88
[HPP-DEBUG] Input frame is ECLIPTIC. Performing rotation.
[HPP-DEBUG] Initial Pos: 0.04 1.96 0.88
[HPP-DEBUG] Input frame is ECLIPTIC. Performing rotation.
[HPP-DEBUG] Initial Pos: 0.04 1.96 0.88
[HPP-DEBUG] Input frame is ECLIPTIC. Performing rotation.
[HPP-DEBUG] Initial Pos: 0.04 1.96 0.88
[HPP-DEBUG] Input frame is ECLIPTIC. Performing rotation.
[HPP-DEBUG] Initial Pos: 0.04 1.96 0.88
[HPP-DEBUG] Input frame is ECLIPTIC. Performing rotation.
[HPP-DEBUG] Initial Pos: 0.04 1.96 0.88
[HPP-DEBUG] Input frame is ECLIPTIC. Performing rotation.
[HPP-DEBUG] Initial Pos: 0.04 1.96 0.88
[HPP-DEBUG] Input frame is ECLIPTIC. Performing rotation.
[HPP-DEBUG] Initial Pos: 0.04 1.96 0.88
[HPP-DEBUG] Input frame is ECLIPTIC. Performing rotation.
[HPP-DEBUG] Initial Pos: 0.04 1.96 0.88
[HPP-DEBUG] Input frame is ECLIPTIC. Performing rotation.
[HPP-DEBUG] Initial Pos: 0.04 1.96 0.88
[HPP-DEBUG] Input frame is ECLIPTIC. Performing rotation.
[HPP-DEBUG] Initial Pos: 0.04 1.96 0.88
[HPP-DEBUG] Input frame is ECLIPTIC. Performing rotation.
[HPP-DEBUG] Initial Pos: 0.04 1.96 0.88
[HPP-DEBUG] Input frame is ECLIPTIC. Performing rotation.
[HPP-DEBUG] Initial Pos: 0.04 1.96 0.88
[PHASE2-DEBUG] Star ID: 148667342310603136
   Star:     RA=65.16 Dec=22.63
   Asteroid: RA=65.24 Dec=22.64
   Dist:     0.07 deg (252.08 arcsec)
[HPP-DEBUG] Input frame is ECLIPTIC. Performing rotation.
[HPP-DEBUG] Initial Pos: 0.04 1.96 0.88
[PHASE2] Entering calculateShadowDetails for star 148667342310603136
[PHASE2] Using Besselian elements for shadow path calculation
[HPP-DEBUG] Input frame is ECLIPTIC. Performing rotation.
[HPP-DEBUG] Initial Pos: 0.04 1.96 0.88
[HPP-DEBUG] Input frame is ECLIPTIC. Performing rotation.
[HPP-DEBUG] Initial Pos: 0.04 1.96 0.88
[HPP-DEBUG] Input frame is ECLIPTIC. Performing rotation.
[HPP-DEBUG] Initial Pos: 0.04 1.96 0.88
[HPP-DEBUG] Input frame is ECLIPTIC. Performing rotation.
[HPP-DEBUG] Initial Pos: 0.04 1.96 0.88
[HPP-DEBUG] Input frame is ECLIPTIC. Performing rotation.
[HPP-DEBUG] Initial Pos: 0.04 1.96 0.88
[HPP-DEBUG] Input frame is ECLIPTIC. Performing rotation.
[HPP-DEBUG] Initial Pos: 0.04 1.96 0.88
[HPP-DEBUG] Input frame is ECLIPTIC. Performing rotation.
[HPP-DEBUG] Initial Pos: 0.04 1.96 0.88
[HPP-DEBUG] Input frame is ECLIPTIC. Performing rotation.
[HPP-DEBUG] Initial Pos: 0.04 1.96 0.88
[HPP-DEBUG] Input frame is ECLIPTIC. Performing rotation.
[HPP-DEBUG] Initial Pos: 0.04 1.96 0.88
[HPP-DEBUG] Input frame is ECLIPTIC. Performing rotation.
[HPP-DEBUG] Initial Pos: 0.04 1.96 0.88
[HPP-DEBUG] Input frame is ECLIPTIC. Performing rotation.
[HPP-DEBUG] Initial Pos: 0.04 1.96 0.88
[HPP-DEBUG] Input frame is ECLIPTIC. Performing rotation.
[HPP-DEBUG] Initial Pos: 0.04 1.96 0.88
[HPP-DEBUG] Input frame is ECLIPTIC. Performing rotation.
[HPP-DEBUG] Initial Pos: 0.04 1.96 0.88
[HPP-DEBUG] Input frame is ECLIPTIC. Performing rotation.
[HPP-DEBUG] Initial Pos: 0.04 1.96 0.88
[HPP-DEBUG] Input frame is ECLIPTIC. Performing rotation.
[HPP-DEBUG] Initial Pos: 0.04 1.96 0.88
[HPP-DEBUG] Input frame is ECLIPTIC. Performing rotation.
[HPP-DEBUG] Initial Pos: 0.04 1.96 0.88
[HPP-DEBUG] Input frame is ECLIPTIC. Performing rotation.
[HPP-DEBUG] Initial Pos: 0.04 1.96 0.88
[HPP-DEBUG] Input frame is ECLIPTIC. Performing rotation.
[HPP-DEBUG] Initial Pos: 0.04 1.96 0.88
[HPP-DEBUG] Input frame is ECLIPTIC. Performing rotation.
[HPP-DEBUG] Initial Pos: 0.04 1.96 0.88
[HPP-DEBUG] Input frame is ECLIPTIC. Performing rotation.
[HPP-DEBUG] Initial Pos: 0.04 1.96 0.88
[HPP-DEBUG] Input frame is ECLIPTIC. Performing rotation.
[HPP-DEBUG] Initial Pos: 0.04 1.96 0.88
[HPP-DEBUG] Input frame is ECLIPTIC. Performing rotation.
[HPP-DEBUG] Initial Pos: 0.04 1.96 0.88
[HPP-DEBUG] Input frame is ECLIPTIC. Performing rotation.
[HPP-DEBUG] Initial Pos: 0.04 1.96 0.88
[HPP-DEBUG] Input frame is ECLIPTIC. Performing rotation.
[HPP-DEBUG] Initial Pos: 0.04 1.96 0.88
[HPP-DEBUG] Input frame is ECLIPTIC. Performing rotation.
[HPP-DEBUG] Initial Pos: 0.04 1.96 0.88
[HPP-DEBUG] Input frame is ECLIPTIC. Performing rotation.
[HPP-DEBUG] Initial Pos: 0.04 1.96 0.88
[HPP-DEBUG] Input frame is ECLIPTIC. Performing rotation.
[HPP-DEBUG] Initial Pos: 0.04 1.96 0.88
[HPP-DEBUG] Input frame is ECLIPTIC. Performing rotation.
[HPP-DEBUG] Initial Pos: 0.04 1.96 0.88
[HPP-DEBUG] Input frame is ECLIPTIC. Performing rotation.
[HPP-DEBUG] Initial Pos: 0.04 1.96 0.88
[HPP-DEBUG] Input frame is ECLIPTIC. Performing rotation.
[HPP-DEBUG] Initial Pos: 0.04 1.96 0.88
[HPP-DEBUG] Input frame is ECLIPTIC. Performing rotation.
[HPP-DEBUG] Initial Pos: 0.04 1.96 0.88
[HPP-DEBUG] Input frame is ECLIPTIC. Performing rotation.
[HPP-DEBUG] Initial Pos: 0.04 1.96 0.88
[HPP-DEBUG] Input frame is ECLIPTIC. Performing rotation.
[HPP-DEBUG] Initial Pos: 0.04 1.96 0.88
[HPP-DEBUG] Input frame is ECLIPTIC. Performing rotation.
[HPP-DEBUG] Initial Pos: 0.04 1.96 0.88
[HPP-DEBUG] Input frame is ECLIPTIC. Performing rotation.
[HPP-DEBUG] Initial Pos: 0.04 1.96 0.88
[HPP-DEBUG] Input frame is ECLIPTIC. Performing rotation.
[HPP-DEBUG] Initial Pos: 0.04 1.96 0.88
[HPP-DEBUG] Input frame is ECLIPTIC. Performing rotation.
[HPP-DEBUG] Initial Pos: 0.04 1.96 0.88
[HPP-DEBUG] Input frame is ECLIPTIC. Performing rotation.
[HPP-DEBUG] Initial Pos: 0.04 1.96 0.88
[HPP-DEBUG] Input frame is ECLIPTIC. Performing rotation.
[HPP-DEBUG] Initial Pos: 0.04 1.96 0.88
[HPP-DEBUG] Input frame is ECLIPTIC. Performing rotation.
[HPP-DEBUG] Initial Pos: 0.04 1.96 0.88
[HPP-DEBUG] Input frame is ECLIPTIC. Performing rotation.
[HPP-DEBUG] Initial Pos: 0.04 1.96 0.88
[HPP-DEBUG] Input frame is ECLIPTIC. Performing rotation.
[HPP-DEBUG] Initial Pos: 0.04 1.96 0.88
[HPP-DEBUG] Input frame is ECLIPTIC. Performing rotation.
[HPP-DEBUG] Initial Pos: 0.04 1.96 0.88
[HPP-DEBUG] Input frame is ECLIPTIC. Performing rotation.
[HPP-DEBUG] Initial Pos: 0.04 1.96 0.88
[OccAnalyzer] Star 148667342310603136: CA=252.08 arcsec, Diam=3.36 arcsec, Ratio=74.95
[OccAnalyzer] Star 148667342310603136 Result: ⚠️ NEAR-MISS (CA=252.08", Diam=3.36")
[HPP-DEBUG] Input frame is ECLIPTIC. Performing rotation.
[HPP-DEBUG] Initial Pos: 0.04 1.96 0.88
[HPP-DEBUG] Input frame is ECLIPTIC. Performing rotation.
[HPP-DEBUG] Initial Pos: 0.04 1.96 0.88
[OccAnalyzer] Step 1: Besselian elements...
[HPP-DEBUG] Input frame is ECLIPTIC. Performing rotation.
[HPP-DEBUG] Initial Pos: 0.04 1.96 0.88
[OccAnalyzer] Step 2: Velocity calculation...
[OccAnalyzer]   Fetching state at dt...
[HPP-DEBUG] Input frame is ECLIPTIC. Performing rotation.
[HPP-DEBUG] Initial Pos: 0.04 1.96 0.88
[OccAnalyzer]   Calculating Besselian elements at dt...
[HPP-DEBUG] Input frame is ECLIPTIC. Performing rotation.
[HPP-DEBUG] Initial Pos: 0.04 1.96 0.88
[OccAnalyzer]   Velocity: x_dt=40.05, y_dt=4.69
[OccAnalyzer]   Derivatives: dx=-0.09, dy=0.86
[OccAnalyzer] Step 3: Generating points...
[OccAnalyzer]   Done. Points: 21
[PHASE2] ✅ Shadow path computed: 21 points in 0.01 sec
[PHASE2]    Propagations: 2 (Besselian vs 21 with Kepler)
[PHASE2] Shadow path integrated successfully
[HPP-DEBUG] Input frame is ECLIPTIC. Performing rotation.
[HPP-DEBUG] Initial Pos: 0.04 1.96 0.88
[HPP-DEBUG] Input frame is ECLIPTIC. Performing rotation.
[HPP-DEBUG] Initial Pos: 0.04 1.96 0.88
[HPP-DEBUG] Input frame is ECLIPTIC. Performing rotation.
[HPP-DEBUG] Initial Pos: 0.04 1.96 0.88
[HPP-DEBUG] Input frame is ECLIPTIC. Performing rotation.
[HPP-DEBUG] Initial Pos: 0.04 1.96 0.88
[HPP-DEBUG] Input frame is ECLIPTIC. Performing rotation.
[HPP-DEBUG] Initial Pos: 0.04 1.96 0.88
[HPP-DEBUG] Input frame is ECLIPTIC. Performing rotation.
[HPP-DEBUG] Initial Pos: 0.04 1.96 0.88
[HPP-DEBUG] Input frame is ECLIPTIC. Performing rotation.
[HPP-DEBUG] Initial Pos: 0.04 1.96 0.88
[HPP-DEBUG] Input frame is ECLIPTIC. Performing rotation.
[HPP-DEBUG] Initial Pos: 0.04 1.96 0.88
[HPP-DEBUG] Input frame is ECLIPTIC. Performing rotation.
[HPP-DEBUG] Initial Pos: 0.04 1.96 0.88
[HPP-DEBUG] Input frame is ECLIPTIC. Performing rotation.
[HPP-DEBUG] Initial Pos: 0.04 1.96 0.88
[HPP-DEBUG] Input frame is ECLIPTIC. Performing rotation.
[HPP-DEBUG] Initial Pos: 0.04 1.96 0.88
[HPP-DEBUG] Input frame is ECLIPTIC. Performing rotation.
[HPP-DEBUG] Initial Pos: 0.04 1.96 0.88
[HPP-DEBUG] Input frame is ECLIPTIC. Performing rotation.
[HPP-DEBUG] Initial Pos: 0.04 1.96 0.88
[HPP-DEBUG] Input frame is ECLIPTIC. Performing rotation.
[HPP-DEBUG] Initial Pos: 0.04 1.96 0.88
[HPP-DEBUG] Input frame is ECLIPTIC. Performing rotation.
[HPP-DEBUG] Initial Pos: 0.04 1.96 0.88
[HPP-DEBUG] Input frame is ECLIPTIC. Performing rotation.
[HPP-DEBUG] Initial Pos: 0.04 1.96 0.88
[HPP-DEBUG] Input frame is ECLIPTIC. Performing rotation.
[HPP-DEBUG] Initial Pos: 0.04 1.96 0.88
[HPP-DEBUG] Input frame is ECLIPTIC. Performing rotation.
[HPP-DEBUG] Initial Pos: 0.04 1.96 0.88
[HPP-DEBUG] Input frame is ECLIPTIC. Performing rotation.
[HPP-DEBUG] Initial Pos: 0.04 1.96 0.88
[HPP-DEBUG] Input frame is ECLIPTIC. Performing rotation.
[HPP-DEBUG] Initial Pos: 0.04 1.96 0.88
[HPP-DEBUG] Input frame is ECLIPTIC. Performing rotation.
[HPP-DEBUG] Initial Pos: 0.04 1.96 0.88
[HPP-DEBUG] Input frame is ECLIPTIC. Performing rotation.
[HPP-DEBUG] Initial Pos: 0.04 1.96 0.88
[HPP-DEBUG] Input frame is ECLIPTIC. Performing rotation.
[HPP-DEBUG] Initial Pos: 0.04 1.96 0.88
[HPP-DEBUG] Input frame is ECLIPTIC. Performing rotation.
[HPP-DEBUG] Initial Pos: 0.04 1.96 0.88
[HPP-DEBUG] Input frame is ECLIPTIC. Performing rotation.
[HPP-DEBUG] Initial Pos: 0.04 1.96 0.88
[HPP-DEBUG] Input frame is ECLIPTIC. Performing rotation.
[HPP-DEBUG] Initial Pos: 0.04 1.96 0.88
[HPP-DEBUG] Input frame is ECLIPTIC. Performing rotation.
[HPP-DEBUG] Initial Pos: 0.04 1.96 0.88
[HPP-DEBUG] Input frame is ECLIPTIC. Performing rotation.
[HPP-DEBUG] Initial Pos: 0.04 1.96 0.88
[HPP-DEBUG] Input frame is ECLIPTIC. Performing rotation.
[HPP-DEBUG] Initial Pos: 0.04 1.96 0.88
[HPP-DEBUG] Input frame is ECLIPTIC. Performing rotation.
[HPP-DEBUG] Initial Pos: 0.04 1.96 0.88
[HPP-DEBUG] Input frame is ECLIPTIC. Performing rotation.
[HPP-DEBUG] Initial Pos: 0.04 1.96 0.88
[HPP-DEBUG] Input frame is ECLIPTIC. Performing rotation.
[HPP-DEBUG] Initial Pos: 0.04 1.96 0.88
[HPP-DEBUG] Input frame is ECLIPTIC. Performing rotation.
[HPP-DEBUG] Initial Pos: 0.04 1.96 0.88
[HPP-DEBUG] Input frame is ECLIPTIC. Performing rotation.
[HPP-DEBUG] Initial Pos: 0.04 1.96 0.88
[HPP-DEBUG] Input frame is ECLIPTIC. Performing rotation.
[HPP-DEBUG] Initial Pos: 0.04 1.96 0.88
[HPP-DEBUG] Input frame is ECLIPTIC. Performing rotation.
[HPP-DEBUG] Initial Pos: 0.04 1.96 0.88
[HPP-DEBUG] Input frame is ECLIPTIC. Performing rotation.
[HPP-DEBUG] Initial Pos: 0.04 1.96 0.88
[HPP-DEBUG] Input frame is ECLIPTIC. Performing rotation.
[HPP-DEBUG] Initial Pos: 0.04 1.96 0.88
[HPP-DEBUG] Input frame is ECLIPTIC. Performing rotation.
[HPP-DEBUG] Initial Pos: 0.04 1.96 0.88
[PHASE2-DEBUG] Star ID: 148664765330223104
   Star:     RA=65.18 Dec=22.63
   Asteroid: RA=65.24 Dec=22.64
   Dist:     0.05 deg (197.59 arcsec)
[HPP-DEBUG] Input frame is ECLIPTIC. Performing rotation.
[HPP-DEBUG] Initial Pos: 0.04 1.96 0.88
[PHASE2] Entering calculateShadowDetails for star 148664765330223104
[PHASE2] Using Besselian elements for shadow path calculation
[HPP-DEBUG] Input frame is ECLIPTIC. Performing rotation.
[HPP-DEBUG] Initial Pos: 0.04 1.96 0.88
[HPP-DEBUG] Input frame is ECLIPTIC. Performing rotation.
[HPP-DEBUG] Initial Pos: 0.04 1.96 0.88
[HPP-DEBUG] Input frame is ECLIPTIC. Performing rotation.
[HPP-DEBUG] Initial Pos: 0.04 1.96 0.88
[HPP-DEBUG] Input frame is ECLIPTIC. Performing rotation.
[HPP-DEBUG] Initial Pos: 0.04 1.96 0.88
[HPP-DEBUG] Input frame is ECLIPTIC. Performing rotation.
[HPP-DEBUG] Initial Pos: 0.04 1.96 0.88
[HPP-DEBUG] Input frame is ECLIPTIC. Performing rotation.
[HPP-DEBUG] Initial Pos: 0.04 1.96 0.88
[HPP-DEBUG] Input frame is ECLIPTIC. Performing rotation.
[HPP-DEBUG] Initial Pos: 0.04 1.96 0.88
[HPP-DEBUG] Input frame is ECLIPTIC. Performing rotation.
[HPP-DEBUG] Initial Pos: 0.04 1.96 0.88
[HPP-DEBUG] Input frame is ECLIPTIC. Performing rotation.
[HPP-DEBUG] Initial Pos: 0.04 1.96 0.88
[HPP-DEBUG] Input frame is ECLIPTIC. Performing rotation.
[HPP-DEBUG] Initial Pos: 0.04 1.96 0.88
[HPP-DEBUG] Input frame is ECLIPTIC. Performing rotation.
[HPP-DEBUG] Initial Pos: 0.04 1.96 0.88
[HPP-DEBUG] Input frame is ECLIPTIC. Performing rotation.
[HPP-DEBUG] Initial Pos: 0.04 1.96 0.88
[HPP-DEBUG] Input frame is ECLIPTIC. Performing rotation.
[HPP-DEBUG] Initial Pos: 0.04 1.96 0.88
[HPP-DEBUG] Input frame is ECLIPTIC. Performing rotation.
[HPP-DEBUG] Initial Pos: 0.04 1.96 0.88
[HPP-DEBUG] Input frame is ECLIPTIC. Performing rotation.
[HPP-DEBUG] Initial Pos: 0.04 1.96 0.88
[HPP-DEBUG] Input frame is ECLIPTIC. Performing rotation.
[HPP-DEBUG] Initial Pos: 0.04 1.96 0.88
[HPP-DEBUG] Input frame is ECLIPTIC. Performing rotation.
[HPP-DEBUG] Initial Pos: 0.04 1.96 0.88
[HPP-DEBUG] Input frame is ECLIPTIC. Performing rotation.
[HPP-DEBUG] Initial Pos: 0.04 1.96 0.88
[HPP-DEBUG] Input frame is ECLIPTIC. Performing rotation.
[HPP-DEBUG] Initial Pos: 0.04 1.96 0.88
[HPP-DEBUG] Input frame is ECLIPTIC. Performing rotation.
[HPP-DEBUG] Initial Pos: 0.04 1.96 0.88
[HPP-DEBUG] Input frame is ECLIPTIC. Performing rotation.
[HPP-DEBUG] Initial Pos: 0.04 1.96 0.88
[HPP-DEBUG] Input frame is ECLIPTIC. Performing rotation.
[HPP-DEBUG] Initial Pos: 0.04 1.96 0.88
[HPP-DEBUG] Input frame is ECLIPTIC. Performing rotation.
[HPP-DEBUG] Initial Pos: 0.04 1.96 0.88
[HPP-DEBUG] Input frame is ECLIPTIC. Performing rotation.
[HPP-DEBUG] Initial Pos: 0.04 1.96 0.88
[HPP-DEBUG] Input frame is ECLIPTIC. Performing rotation.
[HPP-DEBUG] Initial Pos: 0.04 1.96 0.88
[HPP-DEBUG] Input frame is ECLIPTIC. Performing rotation.
[HPP-DEBUG] Initial Pos: 0.04 1.96 0.88
[HPP-DEBUG] Input frame is ECLIPTIC. Performing rotation.
[HPP-DEBUG] Initial Pos: 0.04 1.96 0.88
[HPP-DEBUG] Input frame is ECLIPTIC. Performing rotation.
[HPP-DEBUG] Initial Pos: 0.04 1.96 0.88
[HPP-DEBUG] Input frame is ECLIPTIC. Performing rotation.
[HPP-DEBUG] Initial Pos: 0.04 1.96 0.88
[HPP-DEBUG] Input frame is ECLIPTIC. Performing rotation.
[HPP-DEBUG] Initial Pos: 0.04 1.96 0.88
[HPP-DEBUG] Input frame is ECLIPTIC. Performing rotation.
[HPP-DEBUG] Initial Pos: 0.04 1.96 0.88
[HPP-DEBUG] Input frame is ECLIPTIC. Performing rotation.
[HPP-DEBUG] Initial Pos: 0.04 1.96 0.88
[HPP-DEBUG] Input frame is ECLIPTIC. Performing rotation.
[HPP-DEBUG] Initial Pos: 0.04 1.96 0.88
[HPP-DEBUG] Input frame is ECLIPTIC. Performing rotation.
[HPP-DEBUG] Initial Pos: 0.04 1.96 0.88
[HPP-DEBUG] Input frame is ECLIPTIC. Performing rotation.
[HPP-DEBUG] Initial Pos: 0.04 1.96 0.88
[HPP-DEBUG] Input frame is ECLIPTIC. Performing rotation.
[HPP-DEBUG] Initial Pos: 0.04 1.96 0.88
[HPP-DEBUG] Input frame is ECLIPTIC. Performing rotation.
[HPP-DEBUG] Initial Pos: 0.04 1.96 0.88
[HPP-DEBUG] Input frame is ECLIPTIC. Performing rotation.
[HPP-DEBUG] Initial Pos: 0.04 1.96 0.88
[HPP-DEBUG] Input frame is ECLIPTIC. Performing rotation.
[HPP-DEBUG] Initial Pos: 0.04 1.96 0.88
[HPP-DEBUG] Input frame is ECLIPTIC. Performing rotation.
[HPP-DEBUG] Initial Pos: 0.04 1.96 0.88
[HPP-DEBUG] Input frame is ECLIPTIC. Performing rotation.
[HPP-DEBUG] Initial Pos: 0.04 1.96 0.88
[HPP-DEBUG] Input frame is ECLIPTIC. Performing rotation.
[HPP-DEBUG] Initial Pos: 0.04 1.96 0.88
[HPP-DEBUG] Input frame is ECLIPTIC. Performing rotation.
[HPP-DEBUG] Initial Pos: 0.04 1.96 0.88
[HPP-DEBUG] Input frame is ECLIPTIC. Performing rotation.
[HPP-DEBUG] Initial Pos: 0.04 1.96 0.88
[OccAnalyzer] Star 148664765330223104: CA=197.59 arcsec, Diam=3.36 arcsec, Ratio=58.74
[OccAnalyzer] Star 148664765330223104 Result: ⚠️ NEAR-MISS (CA=197.59", Diam=3.36")
[HPP-DEBUG] Input frame is ECLIPTIC. Performing rotation.
[HPP-DEBUG] Initial Pos: 0.04 1.96 0.88
[HPP-DEBUG] Input frame is ECLIPTIC. Performing rotation.
[HPP-DEBUG] Initial Pos: 0.04 1.96 0.88
[OccAnalyzer] Step 1: Besselian elements...
[HPP-DEBUG] Input frame is ECLIPTIC. Performing rotation.
[HPP-DEBUG] Initial Pos: 0.04 1.96 0.88
[OccAnalyzer] Step 2: Velocity calculation...
[OccAnalyzer]   Fetching state at dt...
[HPP-DEBUG] Input frame is ECLIPTIC. Performing rotation.
[HPP-DEBUG] Initial Pos: 0.04 1.96 0.88
[OccAnalyzer]   Calculating Besselian elements at dt...
[HPP-DEBUG] Input frame is ECLIPTIC. Performing rotation.
[HPP-DEBUG] Initial Pos: 0.04 1.96 0.88
[OccAnalyzer]   Velocity: x_dt=31.37, y_dt=3.82
[OccAnalyzer]   Derivatives: dx=-0.10, dy=0.86
[OccAnalyzer] Step 3: Generating points...
[OccAnalyzer]   Done. Points: 21
[PHASE2] ✅ Shadow path computed: 21 points in 0.01 sec
[PHASE2]    Propagations: 2 (Besselian vs 21 with Kepler)
[PHASE2] Shadow path integrated successfully
[HPP-DEBUG] Input frame is ECLIPTIC. Performing rotation.
[HPP-DEBUG] Initial Pos: 0.04 1.96 0.88
[HPP-DEBUG] Input frame is ECLIPTIC. Performing rotation.
[HPP-DEBUG] Initial Pos: 0.04 1.96 0.88
[HPP-DEBUG] Input frame is ECLIPTIC. Performing rotation.
[HPP-DEBUG] Initial Pos: 0.04 1.96 0.88
[HPP-DEBUG] Input frame is ECLIPTIC. Performing rotation.
[HPP-DEBUG] Initial Pos: 0.04 1.96 0.88
[HPP-DEBUG] Input frame is ECLIPTIC. Performing rotation.
[HPP-DEBUG] Initial Pos: 0.04 1.96 0.88
[HPP-DEBUG] Input frame is ECLIPTIC. Performing rotation.
[HPP-DEBUG] Initial Pos: 0.04 1.96 0.88
[HPP-DEBUG] Input frame is ECLIPTIC. Performing rotation.
[HPP-DEBUG] Initial Pos: 0.04 1.96 0.88
[HPP-DEBUG] Input frame is ECLIPTIC. Performing rotation.
[HPP-DEBUG] Initial Pos: 0.04 1.96 0.88
[HPP-DEBUG] Input frame is ECLIPTIC. Performing rotation.
[HPP-DEBUG] Initial Pos: 0.04 1.96 0.88
[HPP-DEBUG] Input frame is ECLIPTIC. Performing rotation.
[HPP-DEBUG] Initial Pos: 0.04 1.96 0.88
[HPP-DEBUG] Input frame is ECLIPTIC. Performing rotation.
[HPP-DEBUG] Initial Pos: 0.04 1.96 0.88
[HPP-DEBUG] Input frame is ECLIPTIC. Performing rotation.
[HPP-DEBUG] Initial Pos: 0.04 1.96 0.88
[HPP-DEBUG] Input frame is ECLIPTIC. Performing rotation.
[HPP-DEBUG] Initial Pos: 0.04 1.96 0.88
[HPP-DEBUG] Input frame is ECLIPTIC. Performing rotation.
[HPP-DEBUG] Initial Pos: 0.04 1.96 0.88
[HPP-DEBUG] Input frame is ECLIPTIC. Performing rotation.
[HPP-DEBUG] Initial Pos: 0.04 1.96 0.88
[HPP-DEBUG] Input frame is ECLIPTIC. Performing rotation.
[HPP-DEBUG] Initial Pos: 0.04 1.96 0.88
[HPP-DEBUG] Input frame is ECLIPTIC. Performing rotation.
[HPP-DEBUG] Initial Pos: 0.04 1.96 0.88
[HPP-DEBUG] Input frame is ECLIPTIC. Performing rotation.
[HPP-DEBUG] Initial Pos: 0.04 1.96 0.88
[HPP-DEBUG] Input frame is ECLIPTIC. Performing rotation.
[HPP-DEBUG] Initial Pos: 0.04 1.96 0.88
[HPP-DEBUG] Input frame is ECLIPTIC. Performing rotation.
[HPP-DEBUG] Initial Pos: 0.04 1.96 0.88
[HPP-DEBUG] Input frame is ECLIPTIC. Performing rotation.
[HPP-DEBUG] Initial Pos: 0.04 1.96 0.88
[HPP-DEBUG] Input frame is ECLIPTIC. Performing rotation.
[HPP-DEBUG] Initial Pos: 0.04 1.96 0.88
[HPP-DEBUG] Input frame is ECLIPTIC. Performing rotation.
[HPP-DEBUG] Initial Pos: 0.04 1.96 0.88
[HPP-DEBUG] Input frame is ECLIPTIC. Performing rotation.
[HPP-DEBUG] Initial Pos: 0.04 1.96 0.88
[HPP-DEBUG] Input frame is ECLIPTIC. Performing rotation.
[HPP-DEBUG] Initial Pos: 0.04 1.96 0.88
[HPP-DEBUG] Input frame is ECLIPTIC. Performing rotation.
[HPP-DEBUG] Initial Pos: 0.04 1.96 0.88
[HPP-DEBUG] Input frame is ECLIPTIC. Performing rotation.
[HPP-DEBUG] Initial Pos: 0.04 1.96 0.88
[HPP-DEBUG] Input frame is ECLIPTIC. Performing rotation.
[HPP-DEBUG] Initial Pos: 0.04 1.96 0.88
[HPP-DEBUG] Input frame is ECLIPTIC. Performing rotation.
[HPP-DEBUG] Initial Pos: 0.04 1.96 0.88
[HPP-DEBUG] Input frame is ECLIPTIC. Performing rotation.
[HPP-DEBUG] Initial Pos: 0.04 1.96 0.88
[HPP-DEBUG] Input frame is ECLIPTIC. Performing rotation.
[HPP-DEBUG] Initial Pos: 0.04 1.96 0.88
[HPP-DEBUG] Input frame is ECLIPTIC. Performing rotation.
[HPP-DEBUG] Initial Pos: 0.04 1.96 0.88
[HPP-DEBUG] Input frame is ECLIPTIC. Performing rotation.
[HPP-DEBUG] Initial Pos: 0.04 1.96 0.88
[HPP-DEBUG] Input frame is ECLIPTIC. Performing rotation.
[HPP-DEBUG] Initial Pos: 0.04 1.96 0.88
[HPP-DEBUG] Input frame is ECLIPTIC. Performing rotation.
[HPP-DEBUG] Initial Pos: 0.04 1.96 0.88
[HPP-DEBUG] Input frame is ECLIPTIC. Performing rotation.
[HPP-DEBUG] Initial Pos: 0.04 1.96 0.88
[HPP-DEBUG] Input frame is ECLIPTIC. Performing rotation.
[HPP-DEBUG] Initial Pos: 0.04 1.96 0.88
[HPP-DEBUG] Input frame is ECLIPTIC. Performing rotation.
[HPP-DEBUG] Initial Pos: 0.04 1.96 0.88
[HPP-DEBUG] Input frame is ECLIPTIC. Performing rotation.
[HPP-DEBUG] Initial Pos: 0.04 1.96 0.88
[PHASE2-DEBUG] Star ID: 148669438254626944
   Star:     RA=65.20 Dec=22.68
   Asteroid: RA=65.24 Dec=22.68
   Dist:     0.03 deg (111.62 arcsec)
[HPP-DEBUG] Input frame is ECLIPTIC. Performing rotation.
[HPP-DEBUG] Initial Pos: 0.04 1.96 0.88
[PHASE2] Entering calculateShadowDetails for star 148669438254626944
[PHASE2] Using Besselian elements for shadow path calculation
[HPP-DEBUG] Input frame is ECLIPTIC. Performing rotation.
[HPP-DEBUG] Initial Pos: 0.04 1.96 0.88
[HPP-DEBUG] Input frame is ECLIPTIC. Performing rotation.
[HPP-DEBUG] Initial Pos: 0.04 1.96 0.88
[HPP-DEBUG] Input frame is ECLIPTIC. Performing rotation.
[HPP-DEBUG] Initial Pos: 0.04 1.96 0.88
[HPP-DEBUG] Input frame is ECLIPTIC. Performing rotation.
[HPP-DEBUG] Initial Pos: 0.04 1.96 0.88
[HPP-DEBUG] Input frame is ECLIPTIC. Performing rotation.
[HPP-DEBUG] Initial Pos: 0.04 1.96 0.88
[HPP-DEBUG] Input frame is ECLIPTIC. Performing rotation.
[HPP-DEBUG] Initial Pos: 0.04 1.96 0.88
[HPP-DEBUG] Input frame is ECLIPTIC. Performing rotation.
[HPP-DEBUG] Initial Pos: 0.04 1.96 0.88
[HPP-DEBUG] Input frame is ECLIPTIC. Performing rotation.
[HPP-DEBUG] Initial Pos: 0.04 1.96 0.88
[HPP-DEBUG] Input frame is ECLIPTIC. Performing rotation.
[HPP-DEBUG] Initial Pos: 0.04 1.96 0.88
[HPP-DEBUG] Input frame is ECLIPTIC. Performing rotation.
[HPP-DEBUG] Initial Pos: 0.04 1.96 0.88
[HPP-DEBUG] Input frame is ECLIPTIC. Performing rotation.
[HPP-DEBUG] Initial Pos: 0.04 1.96 0.88
[HPP-DEBUG] Input frame is ECLIPTIC. Performing rotation.
[HPP-DEBUG] Initial Pos: 0.04 1.96 0.88
[HPP-DEBUG] Input frame is ECLIPTIC. Performing rotation.
[HPP-DEBUG] Initial Pos: 0.04 1.96 0.88
[HPP-DEBUG] Input frame is ECLIPTIC. Performing rotation.
[HPP-DEBUG] Initial Pos: 0.04 1.96 0.88
[HPP-DEBUG] Input frame is ECLIPTIC. Performing rotation.
[HPP-DEBUG] Initial Pos: 0.04 1.96 0.88
[HPP-DEBUG] Input frame is ECLIPTIC. Performing rotation.
[HPP-DEBUG] Initial Pos: 0.04 1.96 0.88
[HPP-DEBUG] Input frame is ECLIPTIC. Performing rotation.
[HPP-DEBUG] Initial Pos: 0.04 1.96 0.88
[HPP-DEBUG] Input frame is ECLIPTIC. Performing rotation.
[HPP-DEBUG] Initial Pos: 0.04 1.96 0.88
[HPP-DEBUG] Input frame is ECLIPTIC. Performing rotation.
[HPP-DEBUG] Initial Pos: 0.04 1.96 0.88
[HPP-DEBUG] Input frame is ECLIPTIC. Performing rotation.
[HPP-DEBUG] Initial Pos: 0.04 1.96 0.88
[HPP-DEBUG] Input frame is ECLIPTIC. Performing rotation.
[HPP-DEBUG] Initial Pos: 0.04 1.96 0.88
[HPP-DEBUG] Input frame is ECLIPTIC. Performing rotation.
[HPP-DEBUG] Initial Pos: 0.04 1.96 0.88
[HPP-DEBUG] Input frame is ECLIPTIC. Performing rotation.
[HPP-DEBUG] Initial Pos: 0.04 1.96 0.88
[HPP-DEBUG] Input frame is ECLIPTIC. Performing rotation.
[HPP-DEBUG] Initial Pos: 0.04 1.96 0.88
[HPP-DEBUG] Input frame is ECLIPTIC. Performing rotation.
[HPP-DEBUG] Initial Pos: 0.04 1.96 0.88
[HPP-DEBUG] Input frame is ECLIPTIC. Performing rotation.
[HPP-DEBUG] Initial Pos: 0.04 1.96 0.88
[HPP-DEBUG] Input frame is ECLIPTIC. Performing rotation.
[HPP-DEBUG] Initial Pos: 0.04 1.96 0.88
[HPP-DEBUG] Input frame is ECLIPTIC. Performing rotation.
[HPP-DEBUG] Initial Pos: 0.04 1.96 0.88
[HPP-DEBUG] Input frame is ECLIPTIC. Performing rotation.
[HPP-DEBUG] Initial Pos: 0.04 1.96 0.88
[HPP-DEBUG] Input frame is ECLIPTIC. Performing rotation.
[HPP-DEBUG] Initial Pos: 0.04 1.96 0.88
[HPP-DEBUG] Input frame is ECLIPTIC. Performing rotation.
[HPP-DEBUG] Initial Pos: 0.04 1.96 0.88
[HPP-DEBUG] Input frame is ECLIPTIC. Performing rotation.
[HPP-DEBUG] Initial Pos: 0.04 1.96 0.88
[HPP-DEBUG] Input frame is ECLIPTIC. Performing rotation.
[HPP-DEBUG] Initial Pos: 0.04 1.96 0.88
[HPP-DEBUG] Input frame is ECLIPTIC. Performing rotation.
[HPP-DEBUG] Initial Pos: 0.04 1.96 0.88
[HPP-DEBUG] Input frame is ECLIPTIC. Performing rotation.
[HPP-DEBUG] Initial Pos: 0.04 1.96 0.88
[HPP-DEBUG] Input frame is ECLIPTIC. Performing rotation.
[HPP-DEBUG] Initial Pos: 0.04 1.96 0.88
[HPP-DEBUG] Input frame is ECLIPTIC. Performing rotation.
[HPP-DEBUG] Initial Pos: 0.04 1.96 0.88
[HPP-DEBUG] Input frame is ECLIPTIC. Performing rotation.
[HPP-DEBUG] Initial Pos: 0.04 1.96 0.88
[HPP-DEBUG] Input frame is ECLIPTIC. Performing rotation.
[HPP-DEBUG] Initial Pos: 0.04 1.96 0.88
[HPP-DEBUG] Input frame is ECLIPTIC. Performing rotation.
[HPP-DEBUG] Initial Pos: 0.04 1.96 0.88
[HPP-DEBUG] Input frame is ECLIPTIC. Performing rotation.
[HPP-DEBUG] Initial Pos: 0.04 1.96 0.88
[HPP-DEBUG] Input frame is ECLIPTIC. Performing rotation.
[HPP-DEBUG] Initial Pos: 0.04 1.96 0.88
[HPP-DEBUG] Input frame is ECLIPTIC. Performing rotation.
[HPP-DEBUG] Initial Pos: 0.04 1.96 0.88
[HPP-DEBUG] Input frame is ECLIPTIC. Performing rotation.
[HPP-DEBUG] Initial Pos: 0.04 1.96 0.88
[OccAnalyzer] Star 148669438254626944: CA=111.62 arcsec, Diam=3.34 arcsec, Ratio=33.42
[OccAnalyzer] Star 148669438254626944 Result: ⚠️ NEAR-MISS (CA=111.62", Diam=3.34")
[HPP-DEBUG] Input frame is ECLIPTIC. Performing rotation.
[HPP-DEBUG] Initial Pos: 0.04 1.96 0.88
[HPP-DEBUG] Input frame is ECLIPTIC. Performing rotation.
[HPP-DEBUG] Initial Pos: 0.04 1.96 0.88
[OccAnalyzer] Step 1: Besselian elements...
[HPP-DEBUG] Input frame is ECLIPTIC. Performing rotation.
[HPP-DEBUG] Initial Pos: 0.04 1.96 0.88
[OccAnalyzer] Step 2: Velocity calculation...
[OccAnalyzer]   Fetching state at dt...
[HPP-DEBUG] Input frame is ECLIPTIC. Performing rotation.
[HPP-DEBUG] Initial Pos: 0.04 1.96 0.88
[OccAnalyzer]   Calculating Besselian elements at dt...
[HPP-DEBUG] Input frame is ECLIPTIC. Performing rotation.
[HPP-DEBUG] Initial Pos: 0.04 1.96 0.88
[OccAnalyzer]   Velocity: x_dt=17.80, y_dt=-2.56
[OccAnalyzer]   Derivatives: dx=0.13, dy=0.89
[OccAnalyzer] Step 3: Generating points...
[OccAnalyzer]   Done. Points: 21
[PHASE2] ✅ Shadow path computed: 21 points in 0.01 sec
[PHASE2]    Propagations: 2 (Besselian vs 21 with Kepler)
[PHASE2] Shadow path integrated successfully
[HPP-DEBUG] Input frame is ECLIPTIC. Performing rotation.
[HPP-DEBUG] Initial Pos: 0.04 1.96 0.88
[HPP-DEBUG] Input frame is ECLIPTIC. Performing rotation.
[HPP-DEBUG] Initial Pos: 0.04 1.96 0.88
[HPP-DEBUG] Input frame is ECLIPTIC. Performing rotation.
[HPP-DEBUG] Initial Pos: 0.04 1.96 0.88
[HPP-DEBUG] Input frame is ECLIPTIC. Performing rotation.
[HPP-DEBUG] Initial Pos: 0.04 1.96 0.88
[HPP-DEBUG] Input frame is ECLIPTIC. Performing rotation.
[HPP-DEBUG] Initial Pos: 0.04 1.96 0.88
[HPP-DEBUG] Input frame is ECLIPTIC. Performing rotation.
[HPP-DEBUG] Initial Pos: 0.04 1.96 0.88
[HPP-DEBUG] Input frame is ECLIPTIC. Performing rotation.
[HPP-DEBUG] Initial Pos: 0.04 1.96 0.88
[HPP-DEBUG] Input frame is ECLIPTIC. Performing rotation.
[HPP-DEBUG] Initial Pos: 0.04 1.96 0.88
[HPP-DEBUG] Input frame is ECLIPTIC. Performing rotation.
[HPP-DEBUG] Initial Pos: 0.04 1.96 0.88
[HPP-DEBUG] Input frame is ECLIPTIC. Performing rotation.
[HPP-DEBUG] Initial Pos: 0.04 1.96 0.88
[HPP-DEBUG] Input frame is ECLIPTIC. Performing rotation.
[HPP-DEBUG] Initial Pos: 0.04 1.96 0.88
[HPP-DEBUG] Input frame is ECLIPTIC. Performing rotation.
[HPP-DEBUG] Initial Pos: 0.04 1.96 0.88
[HPP-DEBUG] Input frame is ECLIPTIC. Performing rotation.
[HPP-DEBUG] Initial Pos: 0.04 1.96 0.88
[HPP-DEBUG] Input frame is ECLIPTIC. Performing rotation.
[HPP-DEBUG] Initial Pos: 0.04 1.96 0.88
[HPP-DEBUG] Input frame is ECLIPTIC. Performing rotation.
[HPP-DEBUG] Initial Pos: 0.04 1.96 0.88
[HPP-DEBUG] Input frame is ECLIPTIC. Performing rotation.
[HPP-DEBUG] Initial Pos: 0.04 1.96 0.88
[HPP-DEBUG] Input frame is ECLIPTIC. Performing rotation.
[HPP-DEBUG] Initial Pos: 0.04 1.96 0.88
[HPP-DEBUG] Input frame is ECLIPTIC. Performing rotation.
[HPP-DEBUG] Initial Pos: 0.04 1.96 0.88
[HPP-DEBUG] Input frame is ECLIPTIC. Performing rotation.
[HPP-DEBUG] Initial Pos: 0.04 1.96 0.88
[HPP-DEBUG] Input frame is ECLIPTIC. Performing rotation.
[HPP-DEBUG] Initial Pos: 0.04 1.96 0.88
[HPP-DEBUG] Input frame is ECLIPTIC. Performing rotation.
[HPP-DEBUG] Initial Pos: 0.04 1.96 0.88
[HPP-DEBUG] Input frame is ECLIPTIC. Performing rotation.
[HPP-DEBUG] Initial Pos: 0.04 1.96 0.88
[HPP-DEBUG] Input frame is ECLIPTIC. Performing rotation.
[HPP-DEBUG] Initial Pos: 0.04 1.96 0.88
[HPP-DEBUG] Input frame is ECLIPTIC. Performing rotation.
[HPP-DEBUG] Initial Pos: 0.04 1.96 0.88
[HPP-DEBUG] Input frame is ECLIPTIC. Performing rotation.
[HPP-DEBUG] Initial Pos: 0.04 1.96 0.88
[HPP-DEBUG] Input frame is ECLIPTIC. Performing rotation.
[HPP-DEBUG] Initial Pos: 0.04 1.96 0.88
[HPP-DEBUG] Input frame is ECLIPTIC. Performing rotation.
[HPP-DEBUG] Initial Pos: 0.04 1.96 0.88
[HPP-DEBUG] Input frame is ECLIPTIC. Performing rotation.
[HPP-DEBUG] Initial Pos: 0.04 1.96 0.88
[HPP-DEBUG] Input frame is ECLIPTIC. Performing rotation.
[HPP-DEBUG] Initial Pos: 0.04 1.96 0.88
[HPP-DEBUG] Input frame is ECLIPTIC. Performing rotation.
[HPP-DEBUG] Initial Pos: 0.04 1.96 0.88
[HPP-DEBUG] Input frame is ECLIPTIC. Performing rotation.
[HPP-DEBUG] Initial Pos: 0.04 1.96 0.88
[HPP-DEBUG] Input frame is ECLIPTIC. Performing rotation.
[HPP-DEBUG] Initial Pos: 0.04 1.96 0.88
[HPP-DEBUG] Input frame is ECLIPTIC. Performing rotation.
[HPP-DEBUG] Initial Pos: 0.04 1.96 0.88
[HPP-DEBUG] Input frame is ECLIPTIC. Performing rotation.
[HPP-DEBUG] Initial Pos: 0.04 1.96 0.88
[HPP-DEBUG] Input frame is ECLIPTIC. Performing rotation.
[HPP-DEBUG] Initial Pos: 0.04 1.96 0.88
[HPP-DEBUG] Input frame is ECLIPTIC. Performing rotation.
[HPP-DEBUG] Initial Pos: 0.04 1.96 0.88
[HPP-DEBUG] Input frame is ECLIPTIC. Performing rotation.
[HPP-DEBUG] Initial Pos: 0.04 1.96 0.88
[HPP-DEBUG] Input frame is ECLIPTIC. Performing rotation.
[HPP-DEBUG] Initial Pos: 0.04 1.96 0.88
[HPP-DEBUG] Input frame is ECLIPTIC. Performing rotation.
[HPP-DEBUG] Initial Pos: 0.04 1.96 0.88
[PHASE2-DEBUG] Star ID: 148670469046776448
   Star:     RA=65.17 Dec=22.71
   Asteroid: RA=65.24 Dec=22.70
   Dist:     0.07 deg (237.84 arcsec)
[HPP-DEBUG] Input frame is ECLIPTIC. Performing rotation.
[HPP-DEBUG] Initial Pos: 0.04 1.96 0.88
[PHASE2] Entering calculateShadowDetails for star 148670469046776448
[PHASE2] Using Besselian elements for shadow path calculation
[HPP-DEBUG] Input frame is ECLIPTIC. Performing rotation.
[HPP-DEBUG] Initial Pos: 0.04 1.96 0.88
[HPP-DEBUG] Input frame is ECLIPTIC. Performing rotation.
[HPP-DEBUG] Initial Pos: 0.04 1.96 0.88
[HPP-DEBUG] Input frame is ECLIPTIC. Performing rotation.
[HPP-DEBUG] Initial Pos: 0.04 1.96 0.88
[HPP-DEBUG] Input frame is ECLIPTIC. Performing rotation.
[HPP-DEBUG] Initial Pos: 0.04 1.96 0.88
[HPP-DEBUG] Input frame is ECLIPTIC. Performing rotation.
[HPP-DEBUG] Initial Pos: 0.04 1.96 0.88
[HPP-DEBUG] Input frame is ECLIPTIC. Performing rotation.
[HPP-DEBUG] Initial Pos: 0.04 1.96 0.88
[HPP-DEBUG] Input frame is ECLIPTIC. Performing rotation.
[HPP-DEBUG] Initial Pos: 0.04 1.96 0.88
[HPP-DEBUG] Input frame is ECLIPTIC. Performing rotation.
[HPP-DEBUG] Initial Pos: 0.04 1.96 0.88
[HPP-DEBUG] Input frame is ECLIPTIC. Performing rotation.
[HPP-DEBUG] Initial Pos: 0.04 1.96 0.88
[HPP-DEBUG] Input frame is ECLIPTIC. Performing rotation.
[HPP-DEBUG] Initial Pos: 0.04 1.96 0.88
[HPP-DEBUG] Input frame is ECLIPTIC. Performing rotation.
[HPP-DEBUG] Initial Pos: 0.04 1.96 0.88
[HPP-DEBUG] Input frame is ECLIPTIC. Performing rotation.
[HPP-DEBUG] Initial Pos: 0.04 1.96 0.88
[HPP-DEBUG] Input frame is ECLIPTIC. Performing rotation.
[HPP-DEBUG] Initial Pos: 0.04 1.96 0.88
[HPP-DEBUG] Input frame is ECLIPTIC. Performing rotation.
[HPP-DEBUG] Initial Pos: 0.04 1.96 0.88
[HPP-DEBUG] Input frame is ECLIPTIC. Performing rotation.
[HPP-DEBUG] Initial Pos: 0.04 1.96 0.88
[HPP-DEBUG] Input frame is ECLIPTIC. Performing rotation.
[HPP-DEBUG] Initial Pos: 0.04 1.96 0.88
[HPP-DEBUG] Input frame is ECLIPTIC. Performing rotation.
[HPP-DEBUG] Initial Pos: 0.04 1.96 0.88
[HPP-DEBUG] Input frame is ECLIPTIC. Performing rotation.
[HPP-DEBUG] Initial Pos: 0.04 1.96 0.88
[HPP-DEBUG] Input frame is ECLIPTIC. Performing rotation.
[HPP-DEBUG] Initial Pos: 0.04 1.96 0.88
[HPP-DEBUG] Input frame is ECLIPTIC. Performing rotation.
[HPP-DEBUG] Initial Pos: 0.04 1.96 0.88
[HPP-DEBUG] Input frame is ECLIPTIC. Performing rotation.
[HPP-DEBUG] Initial Pos: 0.04 1.96 0.88
[HPP-DEBUG] Input frame is ECLIPTIC. Performing rotation.
[HPP-DEBUG] Initial Pos: 0.04 1.96 0.88
[HPP-DEBUG] Input frame is ECLIPTIC. Performing rotation.
[HPP-DEBUG] Initial Pos: 0.04 1.96 0.88
[HPP-DEBUG] Input frame is ECLIPTIC. Performing rotation.
[HPP-DEBUG] Initial Pos: 0.04 1.96 0.88
[HPP-DEBUG] Input frame is ECLIPTIC. Performing rotation.
[HPP-DEBUG] Initial Pos: 0.04 1.96 0.88
[HPP-DEBUG] Input frame is ECLIPTIC. Performing rotation.
[HPP-DEBUG] Initial Pos: 0.04 1.96 0.88
[HPP-DEBUG] Input frame is ECLIPTIC. Performing rotation.
[HPP-DEBUG] Initial Pos: 0.04 1.96 0.88
[HPP-DEBUG] Input frame is ECLIPTIC. Performing rotation.
[HPP-DEBUG] Initial Pos: 0.04 1.96 0.88
[HPP-DEBUG] Input frame is ECLIPTIC. Performing rotation.
[HPP-DEBUG] Initial Pos: 0.04 1.96 0.88
[HPP-DEBUG] Input frame is ECLIPTIC. Performing rotation.
[HPP-DEBUG] Initial Pos: 0.04 1.96 0.88
[HPP-DEBUG] Input frame is ECLIPTIC. Performing rotation.
[HPP-DEBUG] Initial Pos: 0.04 1.96 0.88
[HPP-DEBUG] Input frame is ECLIPTIC. Performing rotation.
[HPP-DEBUG] Initial Pos: 0.04 1.96 0.88
[HPP-DEBUG] Input frame is ECLIPTIC. Performing rotation.
[HPP-DEBUG] Initial Pos: 0.04 1.96 0.88
[HPP-DEBUG] Input frame is ECLIPTIC. Performing rotation.
[HPP-DEBUG] Initial Pos: 0.04 1.96 0.88
[HPP-DEBUG] Input frame is ECLIPTIC. Performing rotation.
[HPP-DEBUG] Initial Pos: 0.04 1.96 0.88
[HPP-DEBUG] Input frame is ECLIPTIC. Performing rotation.
[HPP-DEBUG] Initial Pos: 0.04 1.96 0.88
[HPP-DEBUG] Input frame is ECLIPTIC. Performing rotation.
[HPP-DEBUG] Initial Pos: 0.04 1.96 0.88
[HPP-DEBUG] Input frame is ECLIPTIC. Performing rotation.
[HPP-DEBUG] Initial Pos: 0.04 1.96 0.88
[HPP-DEBUG] Input frame is ECLIPTIC. Performing rotation.
[HPP-DEBUG] Initial Pos: 0.04 1.96 0.88
[HPP-DEBUG] Input frame is ECLIPTIC. Performing rotation.
[HPP-DEBUG] Initial Pos: 0.04 1.96 0.88
[HPP-DEBUG] Input frame is ECLIPTIC. Performing rotation.
[HPP-DEBUG] Initial Pos: 0.04 1.96 0.88
[HPP-DEBUG] Input frame is ECLIPTIC. Performing rotation.
[HPP-DEBUG] Initial Pos: 0.04 1.96 0.88
[HPP-DEBUG] Input frame is ECLIPTIC. Performing rotation.
[HPP-DEBUG] Initial Pos: 0.04 1.96 0.88
[HPP-DEBUG] Input frame is ECLIPTIC. Performing rotation.
[HPP-DEBUG] Initial Pos: 0.04 1.96 0.88
[OccAnalyzer] Star 148670469046776448: CA=237.84 arcsec, Diam=3.33 arcsec, Ratio=71.44
[OccAnalyzer] Star 148670469046776448 Result: ⚠️ NEAR-MISS (CA=237.84", Diam=3.33")
[HPP-DEBUG] Input frame is ECLIPTIC. Performing rotation.
[HPP-DEBUG] Initial Pos: 0.04 1.96 0.88
[HPP-DEBUG] Input frame is ECLIPTIC. Performing rotation.
[HPP-DEBUG] Initial Pos: 0.04 1.96 0.88
[OccAnalyzer] Step 1: Besselian elements...
[HPP-DEBUG] Input frame is ECLIPTIC. Performing rotation.
[HPP-DEBUG] Initial Pos: 0.04 1.96 0.88
[OccAnalyzer] Step 2: Velocity calculation...
[OccAnalyzer]   Fetching state at dt...
[HPP-DEBUG] Input frame is ECLIPTIC. Performing rotation.
[HPP-DEBUG] Initial Pos: 0.04 1.96 0.88
[OccAnalyzer]   Calculating Besselian elements at dt...
[HPP-DEBUG] Input frame is ECLIPTIC. Performing rotation.
[HPP-DEBUG] Initial Pos: 0.04 1.96 0.88
[OccAnalyzer]   Velocity: x_dt=37.19, y_dt=-9.71
[OccAnalyzer]   Derivatives: dx=0.25, dy=0.90
[OccAnalyzer] Step 3: Generating points...
[OccAnalyzer]   Done. Points: 21
[PHASE2] ✅ Shadow path computed: 21 points in 0.00 sec
[PHASE2]    Propagations: 2 (Besselian vs 21 with Kepler)
[PHASE2] Shadow path integrated successfully
[HPP-DEBUG] Input frame is ECLIPTIC. Performing rotation.
[HPP-DEBUG] Initial Pos: 0.04 1.96 0.88
[HPP-DEBUG] Input frame is ECLIPTIC. Performing rotation.
[HPP-DEBUG] Initial Pos: 0.04 1.96 0.88
[HPP-DEBUG] Input frame is ECLIPTIC. Performing rotation.
[HPP-DEBUG] Initial Pos: 0.04 1.96 0.88
[HPP-DEBUG] Input frame is ECLIPTIC. Performing rotation.
[HPP-DEBUG] Initial Pos: 0.04 1.96 0.88
[HPP-DEBUG] Input frame is ECLIPTIC. Performing rotation.
[HPP-DEBUG] Initial Pos: 0.04 1.96 0.88
[HPP-DEBUG] Input frame is ECLIPTIC. Performing rotation.
[HPP-DEBUG] Initial Pos: 0.04 1.96 0.88
[HPP-DEBUG] Input frame is ECLIPTIC. Performing rotation.
[HPP-DEBUG] Initial Pos: 0.04 1.96 0.88
[HPP-DEBUG] Input frame is ECLIPTIC. Performing rotation.
[HPP-DEBUG] Initial Pos: 0.04 1.96 0.88
[HPP-DEBUG] Input frame is ECLIPTIC. Performing rotation.
[HPP-DEBUG] Initial Pos: 0.04 1.96 0.88
[HPP-DEBUG] Input frame is ECLIPTIC. Performing rotation.
[HPP-DEBUG] Initial Pos: 0.04 1.96 0.88
[HPP-DEBUG] Input frame is ECLIPTIC. Performing rotation.
[HPP-DEBUG] Initial Pos: 0.04 1.96 0.88
[HPP-DEBUG] Input frame is ECLIPTIC. Performing rotation.
[HPP-DEBUG] Initial Pos: 0.04 1.96 0.88
[HPP-DEBUG] Input frame is ECLIPTIC. Performing rotation.
[HPP-DEBUG] Initial Pos: 0.04 1.96 0.88
[HPP-DEBUG] Input frame is ECLIPTIC. Performing rotation.
[HPP-DEBUG] Initial Pos: 0.04 1.96 0.88
[HPP-DEBUG] Input frame is ECLIPTIC. Performing rotation.
[HPP-DEBUG] Initial Pos: 0.04 1.96 0.88
[HPP-DEBUG] Input frame is ECLIPTIC. Performing rotation.
[HPP-DEBUG] Initial Pos: 0.04 1.96 0.88
[HPP-DEBUG] Input frame is ECLIPTIC. Performing rotation.
[HPP-DEBUG] Initial Pos: 0.04 1.96 0.88
[HPP-DEBUG] Input frame is ECLIPTIC. Performing rotation.
[HPP-DEBUG] Initial Pos: 0.04 1.96 0.88
[HPP-DEBUG] Input frame is ECLIPTIC. Performing rotation.
[HPP-DEBUG] Initial Pos: 0.04 1.96 0.88
[HPP-DEBUG] Input frame is ECLIPTIC. Performing rotation.
[HPP-DEBUG] Initial Pos: 0.04 1.96 0.88
[HPP-DEBUG] Input frame is ECLIPTIC. Performing rotation.
[HPP-DEBUG] Initial Pos: 0.04 1.96 0.88
[HPP-DEBUG] Input frame is ECLIPTIC. Performing rotation.
[HPP-DEBUG] Initial Pos: 0.04 1.96 0.88
[HPP-DEBUG] Input frame is ECLIPTIC. Performing rotation.
[HPP-DEBUG] Initial Pos: 0.04 1.96 0.88
[HPP-DEBUG] Input frame is ECLIPTIC. Performing rotation.
[HPP-DEBUG] Initial Pos: 0.04 1.96 0.88
[HPP-DEBUG] Input frame is ECLIPTIC. Performing rotation.
[HPP-DEBUG] Initial Pos: 0.04 1.96 0.88
[HPP-DEBUG] Input frame is ECLIPTIC. Performing rotation.
[HPP-DEBUG] Initial Pos: 0.04 1.96 0.88
[HPP-DEBUG] Input frame is ECLIPTIC. Performing rotation.
[HPP-DEBUG] Initial Pos: 0.04 1.96 0.88
[HPP-DEBUG] Input frame is ECLIPTIC. Performing rotation.
[HPP-DEBUG] Initial Pos: 0.04 1.96 0.88
[HPP-DEBUG] Input frame is ECLIPTIC. Performing rotation.
[HPP-DEBUG] Initial Pos: 0.04 1.96 0.88
[HPP-DEBUG] Input frame is ECLIPTIC. Performing rotation.
[HPP-DEBUG] Initial Pos: 0.04 1.96 0.88
[HPP-DEBUG] Input frame is ECLIPTIC. Performing rotation.
[HPP-DEBUG] Initial Pos: 0.04 1.96 0.88
[HPP-DEBUG] Input frame is ECLIPTIC. Performing rotation.
[HPP-DEBUG] Initial Pos: 0.04 1.96 0.88
[HPP-DEBUG] Input frame is ECLIPTIC. Performing rotation.
[HPP-DEBUG] Initial Pos: 0.04 1.96 0.88
[HPP-DEBUG] Input frame is ECLIPTIC. Performing rotation.
[HPP-DEBUG] Initial Pos: 0.04 1.96 0.88
[HPP-DEBUG] Input frame is ECLIPTIC. Performing rotation.
[HPP-DEBUG] Initial Pos: 0.04 1.96 0.88
[HPP-DEBUG] Input frame is ECLIPTIC. Performing rotation.
[HPP-DEBUG] Initial Pos: 0.04 1.96 0.88
[HPP-DEBUG] Input frame is ECLIPTIC. Performing rotation.
[HPP-DEBUG] Initial Pos: 0.04 1.96 0.88
[HPP-DEBUG] Input frame is ECLIPTIC. Performing rotation.
[HPP-DEBUG] Initial Pos: 0.04 1.96 0.88
[HPP-DEBUG] Input frame is ECLIPTIC. Performing rotation.
[HPP-DEBUG] Initial Pos: 0.04 1.96 0.88
[PHASE2-DEBUG] Star ID: 148765538146718080
   Star:     RA=65.25 Dec=22.86
   Asteroid: RA=65.31 Dec=22.81
   Dist:     0.08 deg (281.40 arcsec)
[HPP-DEBUG] Input frame is ECLIPTIC. Performing rotation.
[HPP-DEBUG] Initial Pos: 0.04 1.96 0.88
[PHASE2] Entering calculateShadowDetails for star 148765538146718080
[PHASE2] Using Besselian elements for shadow path calculation
[HPP-DEBUG] Input frame is ECLIPTIC. Performing rotation.
[HPP-DEBUG] Initial Pos: 0.04 1.96 0.88
[HPP-DEBUG] Input frame is ECLIPTIC. Performing rotation.
[HPP-DEBUG] Initial Pos: 0.04 1.96 0.88
[HPP-DEBUG] Input frame is ECLIPTIC. Performing rotation.
[HPP-DEBUG] Initial Pos: 0.04 1.96 0.88
[HPP-DEBUG] Input frame is ECLIPTIC. Performing rotation.
[HPP-DEBUG] Initial Pos: 0.04 1.96 0.88
[HPP-DEBUG] Input frame is ECLIPTIC. Performing rotation.
[HPP-DEBUG] Initial Pos: 0.04 1.96 0.88
[HPP-DEBUG] Input frame is ECLIPTIC. Performing rotation.
[HPP-DEBUG] Initial Pos: 0.04 1.96 0.88
[HPP-DEBUG] Input frame is ECLIPTIC. Performing rotation.
[HPP-DEBUG] Initial Pos: 0.04 1.96 0.88
[HPP-DEBUG] Input frame is ECLIPTIC. Performing rotation.
[HPP-DEBUG] Initial Pos: 0.04 1.96 0.88
[HPP-DEBUG] Input frame is ECLIPTIC. Performing rotation.
[HPP-DEBUG] Initial Pos: 0.04 1.96 0.88
[HPP-DEBUG] Input frame is ECLIPTIC. Performing rotation.
[HPP-DEBUG] Initial Pos: 0.04 1.96 0.88
[HPP-DEBUG] Input frame is ECLIPTIC. Performing rotation.
[HPP-DEBUG] Initial Pos: 0.04 1.96 0.88
[HPP-DEBUG] Input frame is ECLIPTIC. Performing rotation.
[HPP-DEBUG] Initial Pos: 0.04 1.96 0.88
[HPP-DEBUG] Input frame is ECLIPTIC. Performing rotation.
[HPP-DEBUG] Initial Pos: 0.04 1.96 0.88
[HPP-DEBUG] Input frame is ECLIPTIC. Performing rotation.
[HPP-DEBUG] Initial Pos: 0.04 1.96 0.88
[HPP-DEBUG] Input frame is ECLIPTIC. Performing rotation.
[HPP-DEBUG] Initial Pos: 0.04 1.96 0.88
[HPP-DEBUG] Input frame is ECLIPTIC. Performing rotation.
[HPP-DEBUG] Initial Pos: 0.04 1.96 0.88
[HPP-DEBUG] Input frame is ECLIPTIC. Performing rotation.
[HPP-DEBUG] Initial Pos: 0.04 1.96 0.88
[HPP-DEBUG] Input frame is ECLIPTIC. Performing rotation.
[HPP-DEBUG] Initial Pos: 0.04 1.96 0.88
[HPP-DEBUG] Input frame is ECLIPTIC. Performing rotation.
[HPP-DEBUG] Initial Pos: 0.04 1.96 0.88
[HPP-DEBUG] Input frame is ECLIPTIC. Performing rotation.
[HPP-DEBUG] Initial Pos: 0.04 1.96 0.88
[HPP-DEBUG] Input frame is ECLIPTIC. Performing rotation.
[HPP-DEBUG] Initial Pos: 0.04 1.96 0.88
[HPP-DEBUG] Input frame is ECLIPTIC. Performing rotation.
[HPP-DEBUG] Initial Pos: 0.04 1.96 0.88
[HPP-DEBUG] Input frame is ECLIPTIC. Performing rotation.
[HPP-DEBUG] Initial Pos: 0.04 1.96 0.88
[HPP-DEBUG] Input frame is ECLIPTIC. Performing rotation.
[HPP-DEBUG] Initial Pos: 0.04 1.96 0.88
[HPP-DEBUG] Input frame is ECLIPTIC. Performing rotation.
[HPP-DEBUG] Initial Pos: 0.04 1.96 0.88
[HPP-DEBUG] Input frame is ECLIPTIC. Performing rotation.
[HPP-DEBUG] Initial Pos: 0.04 1.96 0.88
[HPP-DEBUG] Input frame is ECLIPTIC. Performing rotation.
[HPP-DEBUG] Initial Pos: 0.04 1.96 0.88
[HPP-DEBUG] Input frame is ECLIPTIC. Performing rotation.
[HPP-DEBUG] Initial Pos: 0.04 1.96 0.88
[HPP-DEBUG] Input frame is ECLIPTIC. Performing rotation.
[HPP-DEBUG] Initial Pos: 0.04 1.96 0.88
[HPP-DEBUG] Input frame is ECLIPTIC. Performing rotation.
[HPP-DEBUG] Initial Pos: 0.04 1.96 0.88
[HPP-DEBUG] Input frame is ECLIPTIC. Performing rotation.
[HPP-DEBUG] Initial Pos: 0.04 1.96 0.88
[HPP-DEBUG] Input frame is ECLIPTIC. Performing rotation.
[HPP-DEBUG] Initial Pos: 0.04 1.96 0.88
[HPP-DEBUG] Input frame is ECLIPTIC. Performing rotation.
[HPP-DEBUG] Initial Pos: 0.04 1.96 0.88
[HPP-DEBUG] Input frame is ECLIPTIC. Performing rotation.
[HPP-DEBUG] Initial Pos: 0.04 1.96 0.88
[HPP-DEBUG] Input frame is ECLIPTIC. Performing rotation.
[HPP-DEBUG] Initial Pos: 0.04 1.96 0.88
[HPP-DEBUG] Input frame is ECLIPTIC. Performing rotation.
[HPP-DEBUG] Initial Pos: 0.04 1.96 0.88
[HPP-DEBUG] Input frame is ECLIPTIC. Performing rotation.
[HPP-DEBUG] Initial Pos: 0.04 1.96 0.88
[HPP-DEBUG] Input frame is ECLIPTIC. Performing rotation.
[HPP-DEBUG] Initial Pos: 0.04 1.96 0.88
[HPP-DEBUG] Input frame is ECLIPTIC. Performing rotation.
[HPP-DEBUG] Initial Pos: 0.04 1.96 0.88
[HPP-DEBUG] Input frame is ECLIPTIC. Performing rotation.
[HPP-DEBUG] Initial Pos: 0.04 1.96 0.88
[HPP-DEBUG] Input frame is ECLIPTIC. Performing rotation.
[HPP-DEBUG] Initial Pos: 0.04 1.96 0.88
[HPP-DEBUG] Input frame is ECLIPTIC. Performing rotation.
[HPP-DEBUG] Initial Pos: 0.04 1.96 0.88
[HPP-DEBUG] Input frame is ECLIPTIC. Performing rotation.
[HPP-DEBUG] Initial Pos: 0.04 1.96 0.88
[HPP-DEBUG] Input frame is ECLIPTIC. Performing rotation.
[HPP-DEBUG] Initial Pos: 0.04 1.96 0.88
[OccAnalyzer] Star 148765538146718080: CA=281.40 arcsec, Diam=3.26 arcsec, Ratio=86.20
[OccAnalyzer] Star 148765538146718080 Result: ⚠️ NEAR-MISS (CA=281.40", Diam=3.26")
[HPP-DEBUG] Input frame is ECLIPTIC. Performing rotation.
[HPP-DEBUG] Initial Pos: 0.04 1.96 0.88
[HPP-DEBUG] Input frame is ECLIPTIC. Performing rotation.
[HPP-DEBUG] Initial Pos: 0.04 1.96 0.88
[OccAnalyzer] Step 1: Besselian elements...
[HPP-DEBUG] Input frame is ECLIPTIC. Performing rotation.
[HPP-DEBUG] Initial Pos: 0.04 1.96 0.88
[OccAnalyzer] Step 2: Velocity calculation...
[OccAnalyzer]   Fetching state at dt...
[HPP-DEBUG] Input frame is ECLIPTIC. Performing rotation.
[HPP-DEBUG] Initial Pos: 0.04 1.96 0.88
[OccAnalyzer]   Calculating Besselian elements at dt...
[HPP-DEBUG] Input frame is ECLIPTIC. Performing rotation.
[HPP-DEBUG] Initial Pos: 0.04 1.96 0.88
[OccAnalyzer]   Velocity: x_dt=34.62, y_dt=-30.85
[OccAnalyzer]   Derivatives: dx=0.89, dy=0.97
[OccAnalyzer] Step 3: Generating points...
[OccAnalyzer]   Done. Points: 21
[PHASE2] ✅ Shadow path computed: 21 points in 0.01 sec
[PHASE2]    Propagations: 2 (Besselian vs 21 with Kepler)
[PHASE2] Shadow path integrated successfully
Processed Phase 2 for all candidates. Found 20 confirmed events.
--------------------------------------------------
CANDIDATE RESULT (Phase 2):
  Star ID:  148669541333832320
  Star Pos: RA=65.244256 Dec=22.703218
  Date:     61061.79861
  CA Dist:  4.664"
  Duration: 0.00 s
  Shadow Path (21 pts):
    [CENTER] Lat: 27.54 Lon: -36.72 MJD: 61061.81
--------------------------------------------------
--------------------------------------------------
CANDIDATE RESULT (Phase 2):
  Star ID:  148670400327275648
  Star Pos: RA=65.256273 Dec=22.772127
  Date:     61063.36806
  CA Dist:  66.020"
  Duration: 0.00 s
  Shadow Path (21 pts):
    [CENTER] Lat: -29.73 Lon: -109.62 MJD: 61063.36
--------------------------------------------------
--------------------------------------------------
CANDIDATE RESULT (Phase 2):
  Star ID:  148764030613184896
  Star Pos: RA=65.308500 Dec=22.782546
  Date:     61064.11806
  CA Dist:  53.133"
  Duration: 0.00 s
  Shadow Path (21 pts):
    [CENTER] Lat: 35.01 Lon: 154.22 MJD: 61064.11
--------------------------------------------------
--------------------------------------------------
CANDIDATE RESULT (Phase 2):
  Star ID:  148764301196137216
  Star Pos: RA=65.272804 Dec=22.803757
  Date:     61064.03982
  CA Dist:  87.188"
  Duration: 0.00 s
  Shadow Path (21 pts):
    [CENTER] Lat: -34.52 Lon: 0.94 MJD: 61064.04
--------------------------------------------------
--------------------------------------------------
CANDIDATE RESULT (Phase 2):
  Star ID:  148764644794672128
  Star Pos: RA=65.375260 Dec=22.828009
  Date:     61065.00694
  CA Dist:  150.073"
  Duration: 0.00 s
  Shadow Path (21 pts):
    [CENTER] Lat: 4.48 Lon: 170.84 MJD: 61065.11
--------------------------------------------------
--------------------------------------------------
CANDIDATE RESULT (Phase 2):
  Star ID:  148765886040966784
  Star Pos: RA=65.289329 Dec=22.864431
  Date:     61065.00694
  CA Dist:  190.255"
  Duration: 0.00 s
  Shadow Path (21 pts):
    [CENTER] Lat: -39.97 Lon: 4.82 MJD: 61065.02
--------------------------------------------------
--------------------------------------------------
CANDIDATE RESULT (Phase 2):
  Star ID:  148765679882534272
  Star Pos: RA=65.303814 Dec=22.868185
  Date:     61065.00694
  CA Dist:  171.262"
  Duration: 0.00 s
  Shadow Path (21 pts):
    [CENTER] Lat: -47.12 Lon: -34.53 MJD: 61065.11
--------------------------------------------------
--------------------------------------------------
CANDIDATE RESULT (Phase 2):
  Star ID:  148767432229176192
  Star Pos: RA=65.355512 Dec=22.905982
  Date:     61065.00694
  CA Dist:  295.904"
  Duration: 0.00 s
  Shadow Path (21 pts):
    [CENTER] Lat: -62.92 Lon: -131.00 MJD: 61065.11
--------------------------------------------------
--------------------------------------------------
CANDIDATE RESULT (Phase 2):
  Star ID:  148665315086214528
  Star Pos: RA=65.275583 Dec=22.630839
  Date:     61059.99306
  CA Dist:  130.205"
  Duration: 0.00 s
  Shadow Path (21 pts):
    [CENTER] Lat: 4.27 Lon: -107.01 MJD: 61059.89
--------------------------------------------------
--------------------------------------------------
CANDIDATE RESULT (Phase 2):
  Star ID:  148666071000269440
  Star Pos: RA=65.261891 Dec=22.635684
  Date:     61059.99306
  CA Dist:  82.847"
  Duration: 0.00 s
  Shadow Path (21 pts):
    [CENTER] Lat: -4.72 Lon: -103.25 MJD: 61059.89
--------------------------------------------------
--------------------------------------------------
CANDIDATE RESULT (Phase 2):
  Star ID:  148665448228498816
  Star Pos: RA=65.286800 Dec=22.643970
  Date:     61060.00248
  CA Dist:  167.180"
  Duration: 0.00 s
  Shadow Path (21 pts):
    [CENTER] Lat: -7.29 Lon: -141.62 MJD: 61060.00
--------------------------------------------------
--------------------------------------------------
CANDIDATE RESULT (Phase 2):
  Star ID:  148663390940867072
  Star Pos: RA=65.245851 Dec=22.572555
  Date:     61059.99306
  CA Dist:  234.694"
  Duration: 0.00 s
  Shadow Path (21 pts):
    [CENTER] Lat: 66.27 Lon: -177.38 MJD: 61059.89
--------------------------------------------------
--------------------------------------------------
CANDIDATE RESULT (Phase 2):
  Star ID:  148663425300605312
  Star Pos: RA=65.254770 Dec=22.579193
  Date:     61059.99306
  CA Dist:  217.126"
  Duration: 0.00 s
  Shadow Path (21 pts):
    [CENTER] Lat: 62.35 Lon: -158.27 MJD: 61059.89
--------------------------------------------------
--------------------------------------------------
CANDIDATE RESULT (Phase 2):
  Star ID:  148664417435804160
  Star Pos: RA=65.210493 Dec=22.599767
  Date:     61059.99306
  CA Dist:  161.128"
  Duration: 0.00 s
  Shadow Path (21 pts):
    [CENTER] Lat: 47.91 Lon: 102.35 MJD: 61059.89
--------------------------------------------------
--------------------------------------------------
CANDIDATE RESULT (Phase 2):
  Star ID:  148664318653631616
  Star Pos: RA=65.175352 Dec=22.606592
  Date:     61059.99306
  CA Dist:  232.714"
  Duration: 0.00 s
  Shadow Path (21 pts):
    [CENTER] Lat: 23.16 Lon: 85.01 MJD: 61059.89
--------------------------------------------------
--------------------------------------------------
CANDIDATE RESULT (Phase 2):
  Star ID:  148667342310603136
  Star Pos: RA=65.161155 Dec=22.632729
  Date:     61060.09028
  CA Dist:  252.080"
  Duration: 0.00 s
  Shadow Path (21 pts):
    [CENTER] Lat: 6.14 Lon: 4.83 MJD: 61060.09
--------------------------------------------------
--------------------------------------------------
CANDIDATE RESULT (Phase 2):
  Star ID:  148664765330223104
  Star Pos: RA=65.177558 Dec=22.633589
  Date:     61060.07639
  CA Dist:  197.593"
  Duration: 0.00 s
  Shadow Path (21 pts):
    [CENTER] Lat: 6.37 Lon: 11.49 MJD: 61060.08
--------------------------------------------------
--------------------------------------------------
CANDIDATE RESULT (Phase 2):
  Star ID:  148669438254626944
  Star Pos: RA=65.203939 Dec=22.683872
  Date:     61061.15972
  CA Dist:  111.622"
  Duration: 0.00 s
  Shadow Path (21 pts):
    [CENTER] Lat: -7.60 Lon: -25.41 MJD: 61061.16
--------------------------------------------------
--------------------------------------------------
CANDIDATE RESULT (Phase 2):
  Star ID:  148670469046776448
  Star Pos: RA=65.171965 Dec=22.714485
  Date:     61061.65972
  CA Dist:  237.839"
  Duration: 0.00 s
  Shadow Path (21 pts):
    [CENTER] Lat: -13.48 Lon: 152.71 MJD: 61061.66
--------------------------------------------------
--------------------------------------------------
CANDIDATE RESULT (Phase 2):
  Star ID:  148765538146718080
  Star Pos: RA=65.250245 Dec=22.862940
  Date:     61064.59028
  CA Dist:  281.403"
  Duration: 0.00 s
  Shadow Path (21 pts):
    [CENTER] Lat: -37.79 Lon: 157.11 MJD: 61064.60
--------------------------------------------------

Exporting results to XML...
✅ Results exported to XML: italoccultcalc_output.xml

Generating Event Cards...
Generating IOccult Card: ioccult_card_782_1.png
[OutputManager] Ground Map First Point: Lat=18.42 Lon=-34.05
[MapPathRenderer] Inizializzazione Mapnik...
[MapPathRenderer] Datasources registrate da: /opt/homebrew/lib/mapnik/input
[MapPathRenderer] Datasources registrate da: /usr/local/lib/mapnik/input
[MapPathRenderer] Datasources registrate da: /opt/homebrew/Cellar/mapnik/4.1.4_2/lib/mapnik/input
[MapPathRenderer] Plugin caricati: csv gdal geobuf geojson ogr pgraster postgis raster shape sqlite tiles topojson 

=== Rendering Occultation Map ===
Calcolo estensione mappa...
Aggiunta griglia di coordinate...
Caricamento shapefile da: external/IOC_Earth/data/
[MapPathRenderer] Datasource creato per: countries
[MapPathRenderer] Layer countries envelope: -180.00,-90.00 to 180.00,83.60
[MapPathRenderer] Datasource creato per: states
[MapPathRenderer] Layer states envelope: -180.00,-90.00 to 180.00,83.63
[MapPathRenderer] Datasource creato per: lakes
[MapPathRenderer] Layer lakes envelope: -165.90,-50.62 to 176.08,81.94
[MapPathRenderer] Datasource creato per: coastline
[MapPathRenderer] Layer coastline envelope: -180.00,-85.19 to 180.00,83.60
Rendering limiti sigma...
Rendering margini geometrici...
Rendering linea centrale...
Rendering time markers...
Rendering stazioni osservazione...
Rendering percorsi comparativi...
Rendering finale...

✓ Mappa occultazione generata: results_782/ground.png

Dettagli:
  Evento: EVT_782
  Asteroide: Montefiore
  Stella: 148669541333832320
  Tempo: 2026-01-XX
  Durata: 0.00 secondi
  Calo magnitudine: 2.56
  ✓ Griglia RA/Dec ogni 5.00° visibile
[MapPathRenderer] Inizializzazione Mapnik...
[MapPathRenderer] Datasources registrate da: /opt/homebrew/lib/mapnik/input
[MapPathRenderer] Datasources registrate da: /usr/local/lib/mapnik/input
[MapPathRenderer] Datasources registrate da: /opt/homebrew/Cellar/mapnik/4.1.4_2/lib/mapnik/input
[MapPathRenderer] Plugin caricati: csv gdal geobuf geojson ogr pgraster postgis raster shape sqlite tiles topojson 
📐 Campo visivo impostato:
   Centro: RA 65.24° Dec 22.70°
   Campo visivo: 20.00°
🔆 Magnitudine limite: 8.00
⭐ Aggiunte 504 stelle SAO
🎯 Target impostato: Montefiore
   RA: 65.24° Dec: 22.70°

🎨 === Rendering Mappa Celeste ===
📏 Rendering griglia di coordinate RA/Dec...
📍 Rendering confini costellazioni...
📐 Rendering linee costellazioni...
⭐ Rendering stelle SAO...
   Stelle visualizzate: 488
🎯 Rendering target e traiettoria...
💾 Salvataggio mappa...

✅ Mappa celeste generata: results_782/sky.png

📋 Dettagli renderizzazione:
   Centro: RA 65.24° Dec 22.70°
   Campo visivo: 20.00°
   Dimensioni: 400x400 px
   Stelle visualizzate: 488
   Magnitudine limite: 8.00
   Linee costellazioni: 0
   Confini costellazioni: 0
   Griglia RA/Dec: ogni 10.00°
   Target: Montefiore
[MapPathRenderer] Inizializzazione Mapnik...
[MapPathRenderer] Datasources registrate da: /opt/homebrew/lib/mapnik/input
[MapPathRenderer] Datasources registrate da: /usr/local/lib/mapnik/input
[MapPathRenderer] Datasources registrate da: /opt/homebrew/Cellar/mapnik/4.1.4_2/lib/mapnik/input
[MapPathRenderer] Plugin caricati: csv gdal geobuf geojson ogr pgraster postgis raster shape sqlite tiles topojson 
Campo visivo impostato: RA 65.24° Dec 22.70° FOV 2.00°
Magnitudine limite: 14.00
Aggiunte 763 stelle SAO
Target impostato: Montefiore (RA 65.24° Dec 22.70°)

=== Rendering Finder Chart ===
Rendering confini costellazioni...
Rendering linee costellazioni...
Rendering stelle SAO...
Rendering target...

✓ Finder Chart generata: results_782/finder.png
  ✅ Sfondo bianco per stampa
  ✅ Stelle del catalogo SAO con numeri
  ✅ Linee e confini delle costellazioni
[OutputManager] Compositing final card: magick convert \( "results_782/ground.png" \) \( "results_782/sky.png" "results_782/finder.png" +append \) -append "results_782/ioccult_card_782_1.png"
Generating IOccult Card: ioccult_card_782_2.png
[OutputManager] Ground Map First Point: Lat=-30.62 Lon=-107.63
[MapPathRenderer] Inizializzazione Mapnik...
[MapPathRenderer] Datasources registrate da: /opt/homebrew/lib/mapnik/input
[MapPathRenderer] Datasources registrate da: /usr/local/lib/mapnik/input
[MapPathRenderer] Datasources registrate da: /opt/homebrew/Cellar/mapnik/4.1.4_2/lib/mapnik/input
[MapPathRenderer] Plugin caricati: csv gdal geobuf geojson ogr pgraster postgis raster shape sqlite tiles topojson 

=== Rendering Occultation Map ===
Calcolo estensione mappa...
Aggiunta griglia di coordinate...
Caricamento shapefile da: external/IOC_Earth/data/
[MapPathRenderer] Datasource creato per: countries
[MapPathRenderer] Layer countries envelope: -180.00,-90.00 to 180.00,83.60
[MapPathRenderer] Datasource creato per: states
[MapPathRenderer] Layer states envelope: -180.00,-90.00 to 180.00,83.63
[MapPathRenderer] Datasource creato per: lakes
[MapPathRenderer] Layer lakes envelope: -165.90,-50.62 to 176.08,81.94
[MapPathRenderer] Datasource creato per: coastline
[MapPathRenderer] Layer coastline envelope: -180.00,-85.19 to 180.00,83.60
Rendering limiti sigma...
Rendering margini geometrici...
Rendering linea centrale...
Rendering time markers...
Rendering stazioni osservazione...
Rendering percorsi comparativi...
Rendering finale...

✓ Mappa occultazione generata: results_782/ground.png

Dettagli:
  Evento: EVT_782
  Asteroide: Montefiore
  Stella: 148670400327275648
  Tempo: 2026-01-XX
  Durata: 0.00 secondi
  Calo magnitudine: 2.62
  ✓ Griglia RA/Dec ogni 5.00° visibile
[MapPathRenderer] Inizializzazione Mapnik...
[MapPathRenderer] Datasources registrate da: /opt/homebrew/lib/mapnik/input
[MapPathRenderer] Datasources registrate da: /usr/local/lib/mapnik/input
[MapPathRenderer] Datasources registrate da: /opt/homebrew/Cellar/mapnik/4.1.4_2/lib/mapnik/input
[MapPathRenderer] Plugin caricati: csv gdal geobuf geojson ogr pgraster postgis raster shape sqlite tiles topojson 
📐 Campo visivo impostato:
   Centro: RA 65.26° Dec 22.77°
   Campo visivo: 20.00°
🔆 Magnitudine limite: 8.00
⭐ Aggiunte 508 stelle SAO
🎯 Target impostato: Montefiore
   RA: 65.26° Dec: 22.77°

🎨 === Rendering Mappa Celeste ===
📏 Rendering griglia di coordinate RA/Dec...
📍 Rendering confini costellazioni...
📐 Rendering linee costellazioni...
⭐ Rendering stelle SAO...
   Stelle visualizzate: 491
🎯 Rendering target e traiettoria...
💾 Salvataggio mappa...

✅ Mappa celeste generata: results_782/sky.png

📋 Dettagli renderizzazione:
   Centro: RA 65.26° Dec 22.77°
   Campo visivo: 20.00°
   Dimensioni: 400x400 px
   Stelle visualizzate: 491
   Magnitudine limite: 8.00
   Linee costellazioni: 0
   Confini costellazioni: 0
   Griglia RA/Dec: ogni 10.00°
   Target: Montefiore
[MapPathRenderer] Inizializzazione Mapnik...
[MapPathRenderer] Datasources registrate da: /opt/homebrew/lib/mapnik/input
[MapPathRenderer] Datasources registrate da: /usr/local/lib/mapnik/input
[MapPathRenderer] Datasources registrate da: /opt/homebrew/Cellar/mapnik/4.1.4_2/lib/mapnik/input
[MapPathRenderer] Plugin caricati: csv gdal geobuf geojson ogr pgraster postgis raster shape sqlite tiles topojson 
Campo visivo impostato: RA 65.26° Dec 22.77° FOV 2.00°
Magnitudine limite: 14.00
Aggiunte 769 stelle SAO
Target impostato: Montefiore (RA 65.26° Dec 22.77°)

=== Rendering Finder Chart ===
Rendering confini costellazioni...
Rendering linee costellazioni...
Rendering stelle SAO...
Rendering target...

✓ Finder Chart generata: results_782/finder.png
  ✅ Sfondo bianco per stampa
  ✅ Stelle del catalogo SAO con numeri
  ✅ Linee e confini delle costellazioni
[OutputManager] Compositing final card: magick convert \( "results_782/ground.png" \) \( "results_782/sky.png" "results_782/finder.png" +append \) -append "results_782/ioccult_card_782_2.png"
Generating IOccult Card: ioccult_card_782_3.png
[OutputManager] Ground Map First Point: Lat=33.82 Lon=157.51
[MapPathRenderer] Inizializzazione Mapnik...
[MapPathRenderer] Datasources registrate da: /opt/homebrew/lib/mapnik/input
[MapPathRenderer] Datasources registrate da: /usr/local/lib/mapnik/input
[MapPathRenderer] Datasources registrate da: /opt/homebrew/Cellar/mapnik/4.1.4_2/lib/mapnik/input
[MapPathRenderer] Plugin caricati: csv gdal geobuf geojson ogr pgraster postgis raster shape sqlite tiles topojson 

=== Rendering Occultation Map ===
Calcolo estensione mappa...
Aggiunta griglia di coordinate...
Caricamento shapefile da: external/IOC_Earth/data/
[MapPathRenderer] Datasource creato per: countries
[MapPathRenderer] Layer countries envelope: -180.00,-90.00 to 180.00,83.60
[MapPathRenderer] Datasource creato per: states
[MapPathRenderer] Layer states envelope: -180.00,-90.00 to 180.00,83.63
[MapPathRenderer] Datasource creato per: lakes
[MapPathRenderer] Layer lakes envelope: -165.90,-50.62 to 176.08,81.94
[MapPathRenderer] Datasource creato per: coastline
[MapPathRenderer] Layer coastline envelope: -180.00,-85.19 to 180.00,83.60
Rendering limiti sigma...
Rendering margini geometrici...
Rendering linea centrale...
Rendering time markers...
Rendering stazioni osservazione...
Rendering percorsi comparativi...
Rendering finale...

✓ Mappa occultazione generata: results_782/ground.png

Dettagli:
  Evento: EVT_782
  Asteroide: Montefiore
  Stella: 148764030613184896
  Tempo: 2026-01-XX
  Durata: 0.00 secondi
  Calo magnitudine: -1.11
  ✓ Griglia RA/Dec ogni 5.00° visibile
[MapPathRenderer] Inizializzazione Mapnik...
[MapPathRenderer] Datasources registrate da: /opt/homebrew/lib/mapnik/input
[MapPathRenderer] Datasources registrate da: /usr/local/lib/mapnik/input
[MapPathRenderer] Datasources registrate da: /opt/homebrew/Cellar/mapnik/4.1.4_2/lib/mapnik/input
[MapPathRenderer] Plugin caricati: csv gdal geobuf geojson ogr pgraster postgis raster shape sqlite tiles topojson 
📐 Campo visivo impostato:
   Centro: RA 65.31° Dec 22.78°
   Campo visivo: 20.00°
🔆 Magnitudine limite: 8.00
⭐ Aggiunte 510 stelle SAO
🎯 Target impostato: Montefiore
   RA: 65.31° Dec: 22.78°

🎨 === Rendering Mappa Celeste ===
📏 Rendering griglia di coordinate RA/Dec...
📍 Rendering confini costellazioni...
📐 Rendering linee costellazioni...
⭐ Rendering stelle SAO...
   Stelle visualizzate: 491
🎯 Rendering target e traiettoria...
💾 Salvataggio mappa...

✅ Mappa celeste generata: results_782/sky.png

📋 Dettagli renderizzazione:
   Centro: RA 65.31° Dec 22.78°
   Campo visivo: 20.00°
   Dimensioni: 400x400 px
   Stelle visualizzate: 491
   Magnitudine limite: 8.00
   Linee costellazioni: 0
   Confini costellazioni: 0
   Griglia RA/Dec: ogni 10.00°
   Target: Montefiore
[MapPathRenderer] Inizializzazione Mapnik...
[MapPathRenderer] Datasources registrate da: /opt/homebrew/lib/mapnik/input
[MapPathRenderer] Datasources registrate da: /usr/local/lib/mapnik/input
[MapPathRenderer] Datasources registrate da: /opt/homebrew/Cellar/mapnik/4.1.4_2/lib/mapnik/input
[MapPathRenderer] Plugin caricati: csv gdal geobuf geojson ogr pgraster postgis raster shape sqlite tiles topojson 
Campo visivo impostato: RA 65.31° Dec 22.78° FOV 2.00°
Magnitudine limite: 14.00
Aggiunte 767 stelle SAO
Target impostato: Montefiore (RA 65.31° Dec 22.78°)

=== Rendering Finder Chart ===
Rendering confini costellazioni...
Rendering linee costellazioni...
Rendering stelle SAO...
Rendering target...

✓ Finder Chart generata: results_782/finder.png
  ✅ Sfondo bianco per stampa
  ✅ Stelle del catalogo SAO con numeri
  ✅ Linee e confini delle costellazioni
[OutputManager] Compositing final card: magick convert \( "results_782/ground.png" \) \( "results_782/sky.png" "results_782/finder.png" +append \) -append "results_782/ioccult_card_782_3.png"
Generating IOccult Card: ioccult_card_782_4.png
[OutputManager] Ground Map First Point: Lat=-35.24 Lon=2.97
[MapPathRenderer] Inizializzazione Mapnik...
[MapPathRenderer] Datasources registrate da: /opt/homebrew/lib/mapnik/input
[MapPathRenderer] Datasources registrate da: /usr/local/lib/mapnik/input
[MapPathRenderer] Datasources registrate da: /opt/homebrew/Cellar/mapnik/4.1.4_2/lib/mapnik/input
[MapPathRenderer] Plugin caricati: csv gdal geobuf geojson ogr pgraster postgis raster shape sqlite tiles topojson 

=== Rendering Occultation Map ===
Calcolo estensione mappa...
Aggiunta griglia di coordinate...
Caricamento shapefile da: external/IOC_Earth/data/
[MapPathRenderer] Datasource creato per: countries
[MapPathRenderer] Layer countries envelope: -180.00,-90.00 to 180.00,83.60
[MapPathRenderer] Datasource creato per: states
[MapPathRenderer] Layer states envelope: -180.00,-90.00 to 180.00,83.63
[MapPathRenderer] Datasource creato per: lakes
[MapPathRenderer] Layer lakes envelope: -165.90,-50.62 to 176.08,81.94
[MapPathRenderer] Datasource creato per: coastline
[MapPathRenderer] Layer coastline envelope: -180.00,-85.19 to 180.00,83.60
Rendering limiti sigma...
Rendering margini geometrici...
Rendering linea centrale...
Rendering time markers...
Rendering stazioni osservazione...
Rendering percorsi comparativi...
Rendering finale...

✓ Mappa occultazione generata: results_782/ground.png

Dettagli:
  Evento: EVT_782
  Asteroide: Montefiore
  Stella: 148764301196137216
  Tempo: 2026-01-XX
  Durata: 0.00 secondi
  Calo magnitudine: 1.26
  ✓ Griglia RA/Dec ogni 5.00° visibile
[MapPathRenderer] Inizializzazione Mapnik...
[MapPathRenderer] Datasources registrate da: /opt/homebrew/lib/mapnik/input
[MapPathRenderer] Datasources registrate da: /usr/local/lib/mapnik/input
[MapPathRenderer] Datasources registrate da: /opt/homebrew/Cellar/mapnik/4.1.4_2/lib/mapnik/input
[MapPathRenderer] Plugin caricati: csv gdal geobuf geojson ogr pgraster postgis raster shape sqlite tiles topojson 
📐 Campo visivo impostato:
   Centro: RA 65.27° Dec 22.80°
   Campo visivo: 20.00°
🔆 Magnitudine limite: 8.00
⭐ Aggiunte 507 stelle SAO
🎯 Target impostato: Montefiore
   RA: 65.27° Dec: 22.80°

🎨 === Rendering Mappa Celeste ===
📏 Rendering griglia di coordinate RA/Dec...
📍 Rendering confini costellazioni...
📐 Rendering linee costellazioni...
⭐ Rendering stelle SAO...
   Stelle visualizzate: 490
🎯 Rendering target e traiettoria...
💾 Salvataggio mappa...

✅ Mappa celeste generata: results_782/sky.png

📋 Dettagli renderizzazione:
   Centro: RA 65.27° Dec 22.80°
   Campo visivo: 20.00°
   Dimensioni: 400x400 px
   Stelle visualizzate: 490
   Magnitudine limite: 8.00
   Linee costellazioni: 0
   Confini costellazioni: 0
   Griglia RA/Dec: ogni 10.00°
   Target: Montefiore
[MapPathRenderer] Inizializzazione Mapnik...
[MapPathRenderer] Datasources registrate da: /opt/homebrew/lib/mapnik/input
[MapPathRenderer] Datasources registrate da: /usr/local/lib/mapnik/input
[MapPathRenderer] Datasources registrate da: /opt/homebrew/Cellar/mapnik/4.1.4_2/lib/mapnik/input
[MapPathRenderer] Plugin caricati: csv gdal geobuf geojson ogr pgraster postgis raster shape sqlite tiles topojson 
Campo visivo impostato: RA 65.27° Dec 22.80° FOV 2.00°
Magnitudine limite: 14.00
Aggiunte 779 stelle SAO
Target impostato: Montefiore (RA 65.27° Dec 22.80°)

=== Rendering Finder Chart ===
Rendering confini costellazioni...
Rendering linee costellazioni...
Rendering stelle SAO...
Rendering target...

✓ Finder Chart generata: results_782/finder.png
  ✅ Sfondo bianco per stampa
  ✅ Stelle del catalogo SAO con numeri
  ✅ Linee e confini delle costellazioni
[OutputManager] Compositing final card: magick convert \( "results_782/ground.png" \) \( "results_782/sky.png" "results_782/finder.png" +append \) -append "results_782/ioccult_card_782_4.png"
Generating IOccult Card: ioccult_card_782_5.png
[OutputManager] Ground Map First Point: Lat=4.07 Lon=173.52
[MapPathRenderer] Inizializzazione Mapnik...
[MapPathRenderer] Datasources registrate da: /opt/homebrew/lib/mapnik/input
[MapPathRenderer] Datasources registrate da: /usr/local/lib/mapnik/input
[MapPathRenderer] Datasources registrate da: /opt/homebrew/Cellar/mapnik/4.1.4_2/lib/mapnik/input
[MapPathRenderer] Plugin caricati: csv gdal geobuf geojson ogr pgraster postgis raster shape sqlite tiles topojson 

=== Rendering Occultation Map ===
Calcolo estensione mappa...
Aggiunta griglia di coordinate...
Caricamento shapefile da: external/IOC_Earth/data/
[MapPathRenderer] Datasource creato per: countries
[MapPathRenderer] Layer countries envelope: -180.00,-90.00 to 180.00,83.60
[MapPathRenderer] Datasource creato per: states
[MapPathRenderer] Layer states envelope: -180.00,-90.00 to 180.00,83.63
[MapPathRenderer] Datasource creato per: lakes
[MapPathRenderer] Layer lakes envelope: -165.90,-50.62 to 176.08,81.94
[MapPathRenderer] Datasource creato per: coastline
[MapPathRenderer] Layer coastline envelope: -180.00,-85.19 to 180.00,83.60
Rendering limiti sigma...
Rendering margini geometrici...
Rendering linea centrale...
Rendering time markers...
Rendering stazioni osservazione...
Rendering percorsi comparativi...
Rendering finale...

✓ Mappa occultazione generata: results_782/ground.png

Dettagli:
  Evento: EVT_782
  Asteroide: Montefiore
  Stella: 148764644794672128
  Tempo: 2026-01-XX
  Durata: 0.00 secondi
  Calo magnitudine: 1.80
  ✓ Griglia RA/Dec ogni 5.00° visibile
[MapPathRenderer] Inizializzazione Mapnik...
[MapPathRenderer] Datasources registrate da: /opt/homebrew/lib/mapnik/input
[MapPathRenderer] Datasources registrate da: /usr/local/lib/mapnik/input
[MapPathRenderer] Datasources registrate da: /opt/homebrew/Cellar/mapnik/4.1.4_2/lib/mapnik/input
[MapPathRenderer] Plugin caricati: csv gdal geobuf geojson ogr pgraster postgis raster shape sqlite tiles topojson 
📐 Campo visivo impostato:
   Centro: RA 65.38° Dec 22.83°
   Campo visivo: 20.00°
🔆 Magnitudine limite: 8.00
⭐ Aggiunte 510 stelle SAO
🎯 Target impostato: Montefiore
   RA: 65.38° Dec: 22.83°

🎨 === Rendering Mappa Celeste ===
📏 Rendering griglia di coordinate RA/Dec...
📍 Rendering confini costellazioni...
📐 Rendering linee costellazioni...
⭐ Rendering stelle SAO...
   Stelle visualizzate: 490
🎯 Rendering target e traiettoria...
💾 Salvataggio mappa...

✅ Mappa celeste generata: results_782/sky.png

📋 Dettagli renderizzazione:
   Centro: RA 65.38° Dec 22.83°
   Campo visivo: 20.00°
   Dimensioni: 400x400 px
   Stelle visualizzate: 490
   Magnitudine limite: 8.00
   Linee costellazioni: 0
   Confini costellazioni: 0
   Griglia RA/Dec: ogni 10.00°
   Target: Montefiore
[MapPathRenderer] Inizializzazione Mapnik...
[MapPathRenderer] Datasources registrate da: /opt/homebrew/lib/mapnik/input
[MapPathRenderer] Datasources registrate da: /usr/local/lib/mapnik/input
[MapPathRenderer] Datasources registrate da: /opt/homebrew/Cellar/mapnik/4.1.4_2/lib/mapnik/input
[MapPathRenderer] Plugin caricati: csv gdal geobuf geojson ogr pgraster postgis raster shape sqlite tiles topojson 
Campo visivo impostato: RA 65.38° Dec 22.83° FOV 2.00°
Magnitudine limite: 14.00
Aggiunte 756 stelle SAO
Target impostato: Montefiore (RA 65.38° Dec 22.83°)

=== Rendering Finder Chart ===
Rendering confini costellazioni...
Rendering linee costellazioni...
Rendering stelle SAO...
Rendering target...

✓ Finder Chart generata: results_782/finder.png
  ✅ Sfondo bianco per stampa
  ✅ Stelle del catalogo SAO con numeri
  ✅ Linee e confini delle costellazioni
[OutputManager] Compositing final card: magick convert \( "results_782/ground.png" \) \( "results_782/sky.png" "results_782/finder.png" +append \) -append "results_782/ioccult_card_782_5.png"
Generating IOccult Card: ioccult_card_782_6.png
[OutputManager] Ground Map First Point: Lat=-40.33 Lon=7.04
[MapPathRenderer] Inizializzazione Mapnik...
[MapPathRenderer] Datasources registrate da: /opt/homebrew/lib/mapnik/input
[MapPathRenderer] Datasources registrate da: /usr/local/lib/mapnik/input
[MapPathRenderer] Datasources registrate da: /opt/homebrew/Cellar/mapnik/4.1.4_2/lib/mapnik/input
[MapPathRenderer] Plugin caricati: csv gdal geobuf geojson ogr pgraster postgis raster shape sqlite tiles topojson 

=== Rendering Occultation Map ===
Calcolo estensione mappa...
Aggiunta griglia di coordinate...
Caricamento shapefile da: external/IOC_Earth/data/
[MapPathRenderer] Datasource creato per: countries
[MapPathRenderer] Layer countries envelope: -180.00,-90.00 to 180.00,83.60
[MapPathRenderer] Datasource creato per: states
[MapPathRenderer] Layer states envelope: -180.00,-90.00 to 180.00,83.63
[MapPathRenderer] Datasource creato per: lakes
[MapPathRenderer] Layer lakes envelope: -165.90,-50.62 to 176.08,81.94
[MapPathRenderer] Datasource creato per: coastline
[MapPathRenderer] Layer coastline envelope: -180.00,-85.19 to 180.00,83.60
Rendering limiti sigma...
Rendering margini geometrici...
Rendering linea centrale...
Rendering time markers...
Rendering stazioni osservazione...
Rendering percorsi comparativi...
Rendering finale...

✓ Mappa occultazione generata: results_782/ground.png

Dettagli:
  Evento: EVT_782
  Asteroide: Montefiore
  Stella: 148765886040966784
  Tempo: 2026-01-XX
  Durata: 0.00 secondi
  Calo magnitudine: 1.71
  ✓ Griglia RA/Dec ogni 5.00° visibile
[MapPathRenderer] Inizializzazione Mapnik...
[MapPathRenderer] Datasources registrate da: /opt/homebrew/lib/mapnik/input
[MapPathRenderer] Datasources registrate da: /usr/local/lib/mapnik/input
[MapPathRenderer] Datasources registrate da: /opt/homebrew/Cellar/mapnik/4.1.4_2/lib/mapnik/input
[MapPathRenderer] Plugin caricati: csv gdal geobuf geojson ogr pgraster postgis raster shape sqlite tiles topojson 
📐 Campo visivo impostato:
   Centro: RA 65.29° Dec 22.86°
   Campo visivo: 20.00°
🔆 Magnitudine limite: 8.00
⭐ Aggiunte 511 stelle SAO
🎯 Target impostato: Montefiore
   RA: 65.29° Dec: 22.86°

🎨 === Rendering Mappa Celeste ===
📏 Rendering griglia di coordinate RA/Dec...
📍 Rendering confini costellazioni...
📐 Rendering linee costellazioni...
⭐ Rendering stelle SAO...
   Stelle visualizzate: 492
🎯 Rendering target e traiettoria...
💾 Salvataggio mappa...

✅ Mappa celeste generata: results_782/sky.png

📋 Dettagli renderizzazione:
   Centro: RA 65.29° Dec 22.86°
   Campo visivo: 20.00°
   Dimensioni: 400x400 px
   Stelle visualizzate: 492
   Magnitudine limite: 8.00
   Linee costellazioni: 0
   Confini costellazioni: 0
   Griglia RA/Dec: ogni 10.00°
   Target: Montefiore
[MapPathRenderer] Inizializzazione Mapnik...
[MapPathRenderer] Datasources registrate da: /opt/homebrew/lib/mapnik/input
[MapPathRenderer] Datasources registrate da: /usr/local/lib/mapnik/input
[MapPathRenderer] Datasources registrate da: /opt/homebrew/Cellar/mapnik/4.1.4_2/lib/mapnik/input
[MapPathRenderer] Plugin caricati: csv gdal geobuf geojson ogr pgraster postgis raster shape sqlite tiles topojson 
Campo visivo impostato: RA 65.29° Dec 22.86° FOV 2.00°
Magnitudine limite: 14.00
Aggiunte 765 stelle SAO
Target impostato: Montefiore (RA 65.29° Dec 22.86°)

=== Rendering Finder Chart ===
Rendering confini costellazioni...
Rendering linee costellazioni...
Rendering stelle SAO...
Rendering target...

✓ Finder Chart generata: results_782/finder.png
  ✅ Sfondo bianco per stampa
  ✅ Stelle del catalogo SAO con numeri
  ✅ Linee e confini delle costellazioni
[OutputManager] Compositing final card: magick convert \( "results_782/ground.png" \) \( "results_782/sky.png" "results_782/finder.png" +append \) -append "results_782/ioccult_card_782_6.png"
Generating IOccult Card: ioccult_card_782_7.png
[OutputManager] Ground Map First Point: Lat=-47.51 Lon=-32.43
[MapPathRenderer] Inizializzazione Mapnik...
[MapPathRenderer] Datasources registrate da: /opt/homebrew/lib/mapnik/input
[MapPathRenderer] Datasources registrate da: /usr/local/lib/mapnik/input
[MapPathRenderer] Datasources registrate da: /opt/homebrew/Cellar/mapnik/4.1.4_2/lib/mapnik/input
[MapPathRenderer] Plugin caricati: csv gdal geobuf geojson ogr pgraster postgis raster shape sqlite tiles topojson 

=== Rendering Occultation Map ===
Calcolo estensione mappa...
Aggiunta griglia di coordinate...
Caricamento shapefile da: external/IOC_Earth/data/
[MapPathRenderer] Datasource creato per: countries
[MapPathRenderer] Layer countries envelope: -180.00,-90.00 to 180.00,83.60
[MapPathRenderer] Datasource creato per: states
[MapPathRenderer] Layer states envelope: -180.00,-90.00 to 180.00,83.63
[MapPathRenderer] Datasource creato per: lakes
[MapPathRenderer] Layer lakes envelope: -165.90,-50.62 to 176.08,81.94
[MapPathRenderer] Datasource creato per: coastline
[MapPathRenderer] Layer coastline envelope: -180.00,-85.19 to 180.00,83.60
Rendering limiti sigma...
Rendering margini geometrici...
Rendering linea centrale...
Rendering time markers...
Rendering stazioni osservazione...
Rendering percorsi comparativi...
Rendering finale...

✓ Mappa occultazione generata: results_782/ground.png

Dettagli:
  Evento: EVT_782
  Asteroide: Montefiore
  Stella: 148765679882534272
  Tempo: 2026-01-XX
  Durata: 0.00 secondi
  Calo magnitudine: 1.41
  ✓ Griglia RA/Dec ogni 5.00° visibile
[MapPathRenderer] Inizializzazione Mapnik...
[MapPathRenderer] Datasources registrate da: /opt/homebrew/lib/mapnik/input
[MapPathRenderer] Datasources registrate da: /usr/local/lib/mapnik/input
[MapPathRenderer] Datasources registrate da: /opt/homebrew/Cellar/mapnik/4.1.4_2/lib/mapnik/input
[MapPathRenderer] Plugin caricati: csv gdal geobuf geojson ogr pgraster postgis raster shape sqlite tiles topojson 
📐 Campo visivo impostato:
   Centro: RA 65.30° Dec 22.87°
   Campo visivo: 20.00°
🔆 Magnitudine limite: 8.00
⭐ Aggiunte 511 stelle SAO
🎯 Target impostato: Montefiore
   RA: 65.30° Dec: 22.87°

🎨 === Rendering Mappa Celeste ===
📏 Rendering griglia di coordinate RA/Dec...
📍 Rendering confini costellazioni...
📐 Rendering linee costellazioni...
⭐ Rendering stelle SAO...
   Stelle visualizzate: 492
🎯 Rendering target e traiettoria...
💾 Salvataggio mappa...

✅ Mappa celeste generata: results_782/sky.png

📋 Dettagli renderizzazione:
   Centro: RA 65.30° Dec 22.87°
   Campo visivo: 20.00°
   Dimensioni: 400x400 px
   Stelle visualizzate: 492
   Magnitudine limite: 8.00
   Linee costellazioni: 0
   Confini costellazioni: 0
   Griglia RA/Dec: ogni 10.00°
   Target: Montefiore
[MapPathRenderer] Inizializzazione Mapnik...
[MapPathRenderer] Datasources registrate da: /opt/homebrew/lib/mapnik/input
[MapPathRenderer] Datasources registrate da: /usr/local/lib/mapnik/input
[MapPathRenderer] Datasources registrate da: /opt/homebrew/Cellar/mapnik/4.1.4_2/lib/mapnik/input
[MapPathRenderer] Plugin caricati: csv gdal geobuf geojson ogr pgraster postgis raster shape sqlite tiles topojson 
Campo visivo impostato: RA 65.30° Dec 22.87° FOV 2.00°
Magnitudine limite: 14.00
Aggiunte 765 stelle SAO
Target impostato: Montefiore (RA 65.30° Dec 22.87°)

=== Rendering Finder Chart ===
Rendering confini costellazioni...
Rendering linee costellazioni...
Rendering stelle SAO...
Rendering target...

✓ Finder Chart generata: results_782/finder.png
  ✅ Sfondo bianco per stampa
  ✅ Stelle del catalogo SAO con numeri
  ✅ Linee e confini delle costellazioni
[OutputManager] Compositing final card: magick convert \( "results_782/ground.png" \) \( "results_782/sky.png" "results_782/finder.png" +append \) -append "results_782/ioccult_card_782_7.png"
Generating IOccult Card: ioccult_card_782_8.png
[OutputManager] Ground Map First Point: Lat=-62.84 Lon=-128.77
[MapPathRenderer] Inizializzazione Mapnik...
[MapPathRenderer] Datasources registrate da: /opt/homebrew/lib/mapnik/input
[MapPathRenderer] Datasources registrate da: /usr/local/lib/mapnik/input
[MapPathRenderer] Datasources registrate da: /opt/homebrew/Cellar/mapnik/4.1.4_2/lib/mapnik/input
[MapPathRenderer] Plugin caricati: csv gdal geobuf geojson ogr pgraster postgis raster shape sqlite tiles topojson 

=== Rendering Occultation Map ===
Calcolo estensione mappa...
Aggiunta griglia di coordinate...
Caricamento shapefile da: external/IOC_Earth/data/
[MapPathRenderer] Datasource creato per: countries
[MapPathRenderer] Layer countries envelope: -180.00,-90.00 to 180.00,83.60
[MapPathRenderer] Datasource creato per: states
[MapPathRenderer] Layer states envelope: -180.00,-90.00 to 180.00,83.63
[MapPathRenderer] Datasource creato per: lakes
[MapPathRenderer] Layer lakes envelope: -165.90,-50.62 to 176.08,81.94
[MapPathRenderer] Datasource creato per: coastline
[MapPathRenderer] Layer coastline envelope: -180.00,-85.19 to 180.00,83.60
Rendering limiti sigma...
Rendering margini geometrici...
Rendering linea centrale...
Rendering time markers...
Rendering stazioni osservazione...
Rendering percorsi comparativi...
Rendering finale...

✓ Mappa occultazione generata: results_782/ground.png

Dettagli:
  Evento: EVT_782
  Asteroide: Montefiore
  Stella: 148767432229176192
  Tempo: 2026-01-XX
  Durata: 0.00 secondi
  Calo magnitudine: 1.11
  ✓ Griglia RA/Dec ogni 5.00° visibile
[MapPathRenderer] Inizializzazione Mapnik...
[MapPathRenderer] Datasources registrate da: /opt/homebrew/lib/mapnik/input
[MapPathRenderer] Datasources registrate da: /usr/local/lib/mapnik/input
[MapPathRenderer] Datasources registrate da: /opt/homebrew/Cellar/mapnik/4.1.4_2/lib/mapnik/input
[MapPathRenderer] Plugin caricati: csv gdal geobuf geojson ogr pgraster postgis raster shape sqlite tiles topojson 
📐 Campo visivo impostato:
   Centro: RA 65.36° Dec 22.91°
   Campo visivo: 20.00°
🔆 Magnitudine limite: 8.00
⭐ Aggiunte 509 stelle SAO
🎯 Target impostato: Montefiore
   RA: 65.36° Dec: 22.91°

🎨 === Rendering Mappa Celeste ===
📏 Rendering griglia di coordinate RA/Dec...
📍 Rendering confini costellazioni...
📐 Rendering linee costellazioni...
⭐ Rendering stelle SAO...
   Stelle visualizzate: 491
🎯 Rendering target e traiettoria...
💾 Salvataggio mappa...

✅ Mappa celeste generata: results_782/sky.png

📋 Dettagli renderizzazione:
   Centro: RA 65.36° Dec 22.91°
   Campo visivo: 20.00°
   Dimensioni: 400x400 px
   Stelle visualizzate: 491
   Magnitudine limite: 8.00
   Linee costellazioni: 0
   Confini costellazioni: 0
   Griglia RA/Dec: ogni 10.00°
   Target: Montefiore
[MapPathRenderer] Inizializzazione Mapnik...
[MapPathRenderer] Datasources registrate da: /opt/homebrew/lib/mapnik/input
[MapPathRenderer] Datasources registrate da: /usr/local/lib/mapnik/input
[MapPathRenderer] Datasources registrate da: /opt/homebrew/Cellar/mapnik/4.1.4_2/lib/mapnik/input
[MapPathRenderer] Plugin caricati: csv gdal geobuf geojson ogr pgraster postgis raster shape sqlite tiles topojson 
Campo visivo impostato: RA 65.36° Dec 22.91° FOV 2.00°
Magnitudine limite: 14.00
Aggiunte 770 stelle SAO
Target impostato: Montefiore (RA 65.36° Dec 22.91°)

=== Rendering Finder Chart ===
Rendering confini costellazioni...
Rendering linee costellazioni...
Rendering stelle SAO...
Rendering target...

✓ Finder Chart generata: results_782/finder.png
  ✅ Sfondo bianco per stampa
  ✅ Stelle del catalogo SAO con numeri
  ✅ Linee e confini delle costellazioni
[OutputManager] Compositing final card: magick convert \( "results_782/ground.png" \) \( "results_782/sky.png" "results_782/finder.png" +append \) -append "results_782/ioccult_card_782_8.png"
Generating IOccult Card: ioccult_card_782_9.png
[OutputManager] Ground Map First Point: Lat=3.91 Lon=-104.35
[MapPathRenderer] Inizializzazione Mapnik...
[MapPathRenderer] Datasources registrate da: /opt/homebrew/lib/mapnik/input
[MapPathRenderer] Datasources registrate da: /usr/local/lib/mapnik/input
[MapPathRenderer] Datasources registrate da: /opt/homebrew/Cellar/mapnik/4.1.4_2/lib/mapnik/input
[MapPathRenderer] Plugin caricati: csv gdal geobuf geojson ogr pgraster postgis raster shape sqlite tiles topojson 

=== Rendering Occultation Map ===
Calcolo estensione mappa...
Aggiunta griglia di coordinate...
Caricamento shapefile da: external/IOC_Earth/data/
[MapPathRenderer] Datasource creato per: countries
[MapPathRenderer] Layer countries envelope: -180.00,-90.00 to 180.00,83.60
[MapPathRenderer] Datasource creato per: states
[MapPathRenderer] Layer states envelope: -180.00,-90.00 to 180.00,83.63
[MapPathRenderer] Datasource creato per: lakes
[MapPathRenderer] Layer lakes envelope: -165.90,-50.62 to 176.08,81.94
[MapPathRenderer] Datasource creato per: coastline
[MapPathRenderer] Layer coastline envelope: -180.00,-85.19 to 180.00,83.60
Rendering limiti sigma...
Rendering margini geometrici...
Rendering linea centrale...
Rendering time markers...
Rendering stazioni osservazione...
Rendering percorsi comparativi...
Rendering finale...

✓ Mappa occultazione generata: results_782/ground.png

Dettagli:
  Evento: EVT_782
  Asteroide: Montefiore
  Stella: 148665315086214528
  Tempo: 2026-01-XX
  Durata: 0.00 secondi
  Calo magnitudine: 1.32
  ✓ Griglia RA/Dec ogni 5.00° visibile
[MapPathRenderer] Inizializzazione Mapnik...
[MapPathRenderer] Datasources registrate da: /opt/homebrew/lib/mapnik/input
[MapPathRenderer] Datasources registrate da: /usr/local/lib/mapnik/input
[MapPathRenderer] Datasources registrate da: /opt/homebrew/Cellar/mapnik/4.1.4_2/lib/mapnik/input
[MapPathRenderer] Plugin caricati: csv gdal geobuf geojson ogr pgraster postgis raster shape sqlite tiles topojson 
📐 Campo visivo impostato:
   Centro: RA 65.28° Dec 22.63°
   Campo visivo: 20.00°
🔆 Magnitudine limite: 8.00
⭐ Aggiunte 502 stelle SAO
🎯 Target impostato: Montefiore
   RA: 65.28° Dec: 22.63°

🎨 === Rendering Mappa Celeste ===
📏 Rendering griglia di coordinate RA/Dec...
📍 Rendering confini costellazioni...
📐 Rendering linee costellazioni...
⭐ Rendering stelle SAO...
   Stelle visualizzate: 485
🎯 Rendering target e traiettoria...
💾 Salvataggio mappa...

✅ Mappa celeste generata: results_782/sky.png

📋 Dettagli renderizzazione:
   Centro: RA 65.28° Dec 22.63°
   Campo visivo: 20.00°
   Dimensioni: 400x400 px
   Stelle visualizzate: 485
   Magnitudine limite: 8.00
   Linee costellazioni: 0
   Confini costellazioni: 0
   Griglia RA/Dec: ogni 10.00°
   Target: Montefiore
[MapPathRenderer] Inizializzazione Mapnik...
[MapPathRenderer] Datasources registrate da: /opt/homebrew/lib/mapnik/input
[MapPathRenderer] Datasources registrate da: /usr/local/lib/mapnik/input
[MapPathRenderer] Datasources registrate da: /opt/homebrew/Cellar/mapnik/4.1.4_2/lib/mapnik/input
[MapPathRenderer] Plugin caricati: csv gdal geobuf geojson ogr pgraster postgis raster shape sqlite tiles topojson 
Campo visivo impostato: RA 65.28° Dec 22.63° FOV 2.00°
Magnitudine limite: 14.00
Aggiunte 747 stelle SAO
Target impostato: Montefiore (RA 65.28° Dec 22.63°)

=== Rendering Finder Chart ===
Rendering confini costellazioni...
Rendering linee costellazioni...
Rendering stelle SAO...
Rendering target...

✓ Finder Chart generata: results_782/finder.png
  ✅ Sfondo bianco per stampa
  ✅ Stelle del catalogo SAO con numeri
  ✅ Linee e confini delle costellazioni
[OutputManager] Compositing final card: magick convert \( "results_782/ground.png" \) \( "results_782/sky.png" "results_782/finder.png" +append \) -append "results_782/ioccult_card_782_9.png"
Generating IOccult Card: ioccult_card_782_10.png
[OutputManager] Ground Map First Point: Lat=-5.31 Lon=-100.49
[MapPathRenderer] Inizializzazione Mapnik...
[MapPathRenderer] Datasources registrate da: /opt/homebrew/lib/mapnik/input
[MapPathRenderer] Datasources registrate da: /usr/local/lib/mapnik/input
[MapPathRenderer] Datasources registrate da: /opt/homebrew/Cellar/mapnik/4.1.4_2/lib/mapnik/input
[MapPathRenderer] Plugin caricati: csv gdal geobuf geojson ogr pgraster postgis raster shape sqlite tiles topojson 

=== Rendering Occultation Map ===
Calcolo estensione mappa...
Aggiunta griglia di coordinate...
Caricamento shapefile da: external/IOC_Earth/data/
[MapPathRenderer] Datasource creato per: countries
[MapPathRenderer] Layer countries envelope: -180.00,-90.00 to 180.00,83.60
[MapPathRenderer] Datasource creato per: states
[MapPathRenderer] Layer states envelope: -180.00,-90.00 to 180.00,83.63
[MapPathRenderer] Datasource creato per: lakes
[MapPathRenderer] Layer lakes envelope: -165.90,-50.62 to 176.08,81.94
[MapPathRenderer] Datasource creato per: coastline
[MapPathRenderer] Layer coastline envelope: -180.00,-85.19 to 180.00,83.60
Rendering limiti sigma...
Rendering margini geometrici...
Rendering linea centrale...
Rendering time markers...
Rendering stazioni osservazione...
Rendering percorsi comparativi...
Rendering finale...

✓ Mappa occultazione generata: results_782/ground.png

Dettagli:
  Evento: EVT_782
  Asteroide: Montefiore
  Stella: 148666071000269440
  Tempo: 2026-01-XX
  Durata: 0.00 secondi
  Calo magnitudine: 2.25
  ✓ Griglia RA/Dec ogni 5.00° visibile
[MapPathRenderer] Inizializzazione Mapnik...
[MapPathRenderer] Datasources registrate da: /opt/homebrew/lib/mapnik/input
[MapPathRenderer] Datasources registrate da: /usr/local/lib/mapnik/input
[MapPathRenderer] Datasources registrate da: /opt/homebrew/Cellar/mapnik/4.1.4_2/lib/mapnik/input
[MapPathRenderer] Plugin caricati: csv gdal geobuf geojson ogr pgraster postgis raster shape sqlite tiles topojson 
📐 Campo visivo impostato:
   Centro: RA 65.26° Dec 22.64°
   Campo visivo: 20.00°
🔆 Magnitudine limite: 8.00
⭐ Aggiunte 502 stelle SAO
🎯 Target impostato: Montefiore
   RA: 65.26° Dec: 22.64°

🎨 === Rendering Mappa Celeste ===
📏 Rendering griglia di coordinate RA/Dec...
📍 Rendering confini costellazioni...
📐 Rendering linee costellazioni...
⭐ Rendering stelle SAO...
   Stelle visualizzate: 485
🎯 Rendering target e traiettoria...
💾 Salvataggio mappa...

✅ Mappa celeste generata: results_782/sky.png

📋 Dettagli renderizzazione:
   Centro: RA 65.26° Dec 22.64°
   Campo visivo: 20.00°
   Dimensioni: 400x400 px
   Stelle visualizzate: 485
   Magnitudine limite: 8.00
   Linee costellazioni: 0
   Confini costellazioni: 0
   Griglia RA/Dec: ogni 10.00°
   Target: Montefiore
[MapPathRenderer] Inizializzazione Mapnik...
[MapPathRenderer] Datasources registrate da: /opt/homebrew/lib/mapnik/input
[MapPathRenderer] Datasources registrate da: /usr/local/lib/mapnik/input
[MapPathRenderer] Datasources registrate da: /opt/homebrew/Cellar/mapnik/4.1.4_2/lib/mapnik/input
[MapPathRenderer] Plugin caricati: csv gdal geobuf geojson ogr pgraster postgis raster shape sqlite tiles topojson 
Campo visivo impostato: RA 65.26° Dec 22.64° FOV 2.00°
Magnitudine limite: 14.00
Aggiunte 746 stelle SAO
Target impostato: Montefiore (RA 65.26° Dec 22.64°)

=== Rendering Finder Chart ===
Rendering confini costellazioni...
Rendering linee costellazioni...
Rendering stelle SAO...
Rendering target...

✓ Finder Chart generata: results_782/finder.png
  ✅ Sfondo bianco per stampa
  ✅ Stelle del catalogo SAO con numeri
  ✅ Linee e confini delle costellazioni
[OutputManager] Compositing final card: magick convert \( "results_782/ground.png" \) \( "results_782/sky.png" "results_782/finder.png" +append \) -append "results_782/ioccult_card_782_10.png"
Generating IOccult Card: ioccult_card_782_11.png
[OutputManager] Ground Map First Point: Lat=-7.58 Lon=-138.99
[MapPathRenderer] Inizializzazione Mapnik...
[MapPathRenderer] Datasources registrate da: /opt/homebrew/lib/mapnik/input
[MapPathRenderer] Datasources registrate da: /usr/local/lib/mapnik/input
[MapPathRenderer] Datasources registrate da: /opt/homebrew/Cellar/mapnik/4.1.4_2/lib/mapnik/input
[MapPathRenderer] Plugin caricati: csv gdal geobuf geojson ogr pgraster postgis raster shape sqlite tiles topojson 

=== Rendering Occultation Map ===
Calcolo estensione mappa...
Aggiunta griglia di coordinate...
Caricamento shapefile da: external/IOC_Earth/data/
[MapPathRenderer] Datasource creato per: countries
[MapPathRenderer] Layer countries envelope: -180.00,-90.00 to 180.00,83.60
[MapPathRenderer] Datasource creato per: states
[MapPathRenderer] Layer states envelope: -180.00,-90.00 to 180.00,83.63
[MapPathRenderer] Datasource creato per: lakes
[MapPathRenderer] Layer lakes envelope: -165.90,-50.62 to 176.08,81.94
[MapPathRenderer] Datasource creato per: coastline
[MapPathRenderer] Layer coastline envelope: -180.00,-85.19 to 180.00,83.60
Rendering limiti sigma...
Rendering margini geometrici...
Rendering linea centrale...
Rendering time markers...
Rendering stazioni osservazione...
Rendering percorsi comparativi...
Rendering finale...

✓ Mappa occultazione generata: results_782/ground.png

Dettagli:
  Evento: EVT_782
  Asteroide: Montefiore
  Stella: 148665448228498816
  Tempo: 2026-01-XX
  Durata: 0.00 secondi
  Calo magnitudine: 0.63
  ✓ Griglia RA/Dec ogni 5.00° visibile
[MapPathRenderer] Inizializzazione Mapnik...
[MapPathRenderer] Datasources registrate da: /opt/homebrew/lib/mapnik/input
[MapPathRenderer] Datasources registrate da: /usr/local/lib/mapnik/input
[MapPathRenderer] Datasources registrate da: /opt/homebrew/Cellar/mapnik/4.1.4_2/lib/mapnik/input
[MapPathRenderer] Plugin caricati: csv gdal geobuf geojson ogr pgraster postgis raster shape sqlite tiles topojson 
📐 Campo visivo impostato:
   Centro: RA 65.29° Dec 22.64°
   Campo visivo: 20.00°
🔆 Magnitudine limite: 8.00
⭐ Aggiunte 501 stelle SAO
🎯 Target impostato: Montefiore
   RA: 65.29° Dec: 22.64°

🎨 === Rendering Mappa Celeste ===
📏 Rendering griglia di coordinate RA/Dec...
📍 Rendering confini costellazioni...
📐 Rendering linee costellazioni...
⭐ Rendering stelle SAO...
   Stelle visualizzate: 485
🎯 Rendering target e traiettoria...
💾 Salvataggio mappa...

✅ Mappa celeste generata: results_782/sky.png

📋 Dettagli renderizzazione:
   Centro: RA 65.29° Dec 22.64°
   Campo visivo: 20.00°
   Dimensioni: 400x400 px
   Stelle visualizzate: 485
   Magnitudine limite: 8.00
   Linee costellazioni: 0
   Confini costellazioni: 0
   Griglia RA/Dec: ogni 10.00°
   Target: Montefiore
[MapPathRenderer] Inizializzazione Mapnik...
[MapPathRenderer] Datasources registrate da: /opt/homebrew/lib/mapnik/input
[MapPathRenderer] Datasources registrate da: /usr/local/lib/mapnik/input
[MapPathRenderer] Datasources registrate da: /opt/homebrew/Cellar/mapnik/4.1.4_2/lib/mapnik/input
[MapPathRenderer] Plugin caricati: csv gdal geobuf geojson ogr pgraster postgis raster shape sqlite tiles topojson 
Campo visivo impostato: RA 65.29° Dec 22.64° FOV 2.00°
Magnitudine limite: 14.00
Aggiunte 749 stelle SAO
Target impostato: Montefiore (RA 65.29° Dec 22.64°)

=== Rendering Finder Chart ===
Rendering confini costellazioni...
Rendering linee costellazioni...
Rendering stelle SAO...
Rendering target...

✓ Finder Chart generata: results_782/finder.png
  ✅ Sfondo bianco per stampa
  ✅ Stelle del catalogo SAO con numeri
  ✅ Linee e confini delle costellazioni
[OutputManager] Compositing final card: magick convert \( "results_782/ground.png" \) \( "results_782/sky.png" "results_782/finder.png" +append \) -append "results_782/ioccult_card_782_11.png"
Generating IOccult Card: ioccult_card_782_12.png
[OutputManager] Ground Map First Point: Lat=66.27 Lon=-174.90
[MapPathRenderer] Inizializzazione Mapnik...
[MapPathRenderer] Datasources registrate da: /opt/homebrew/lib/mapnik/input
[MapPathRenderer] Datasources registrate da: /usr/local/lib/mapnik/input
[MapPathRenderer] Datasources registrate da: /opt/homebrew/Cellar/mapnik/4.1.4_2/lib/mapnik/input
[MapPathRenderer] Plugin caricati: csv gdal geobuf geojson ogr pgraster postgis raster shape sqlite tiles topojson 

=== Rendering Occultation Map ===
Calcolo estensione mappa...
Aggiunta griglia di coordinate...
Caricamento shapefile da: external/IOC_Earth/data/
[MapPathRenderer] Datasource creato per: countries
[MapPathRenderer] Layer countries envelope: -180.00,-90.00 to 180.00,83.60
[MapPathRenderer] Datasource creato per: states
[MapPathRenderer] Layer states envelope: -180.00,-90.00 to 180.00,83.63
[MapPathRenderer] Datasource creato per: lakes
[MapPathRenderer] Layer lakes envelope: -165.90,-50.62 to 176.08,81.94
[MapPathRenderer] Datasource creato per: coastline
[MapPathRenderer] Layer coastline envelope: -180.00,-85.19 to 180.00,83.60
Rendering limiti sigma...
Rendering margini geometrici...
Rendering linea centrale...
Rendering time markers...
Rendering stazioni osservazione...
Rendering percorsi comparativi...
Rendering finale...

✓ Mappa occultazione generata: results_782/ground.png

Dettagli:
  Evento: EVT_782
  Asteroide: Montefiore
  Stella: 148663390940867072
  Tempo: 2026-01-XX
  Durata: 0.00 secondi
  Calo magnitudine: -0.53
  ✓ Griglia RA/Dec ogni 5.00° visibile
[MapPathRenderer] Inizializzazione Mapnik...
[MapPathRenderer] Datasources registrate da: /opt/homebrew/lib/mapnik/input
[MapPathRenderer] Datasources registrate da: /usr/local/lib/mapnik/input
[MapPathRenderer] Datasources registrate da: /opt/homebrew/Cellar/mapnik/4.1.4_2/lib/mapnik/input
[MapPathRenderer] Plugin caricati: csv gdal geobuf geojson ogr pgraster postgis raster shape sqlite tiles topojson 
📐 Campo visivo impostato:
   Centro: RA 65.25° Dec 22.57°
   Campo visivo: 20.00°
🔆 Magnitudine limite: 8.00
⭐ Aggiunte 500 stelle SAO
🎯 Target impostato: Montefiore
   RA: 65.25° Dec: 22.57°

🎨 === Rendering Mappa Celeste ===
📏 Rendering griglia di coordinate RA/Dec...
📍 Rendering confini costellazioni...
📐 Rendering linee costellazioni...
⭐ Rendering stelle SAO...
   Stelle visualizzate: 484
🎯 Rendering target e traiettoria...
💾 Salvataggio mappa...

✅ Mappa celeste generata: results_782/sky.png

📋 Dettagli renderizzazione:
   Centro: RA 65.25° Dec 22.57°
   Campo visivo: 20.00°
   Dimensioni: 400x400 px
   Stelle visualizzate: 484
   Magnitudine limite: 8.00
   Linee costellazioni: 0
   Confini costellazioni: 0
   Griglia RA/Dec: ogni 10.00°
   Target: Montefiore
[MapPathRenderer] Inizializzazione Mapnik...
[MapPathRenderer] Datasources registrate da: /opt/homebrew/lib/mapnik/input
[MapPathRenderer] Datasources registrate da: /usr/local/lib/mapnik/input
[MapPathRenderer] Datasources registrate da: /opt/homebrew/Cellar/mapnik/4.1.4_2/lib/mapnik/input
[MapPathRenderer] Plugin caricati: csv gdal geobuf geojson ogr pgraster postgis raster shape sqlite tiles topojson 
Campo visivo impostato: RA 65.25° Dec 22.57° FOV 2.00°
Magnitudine limite: 14.00
Aggiunte 741 stelle SAO
Target impostato: Montefiore (RA 65.25° Dec 22.57°)

=== Rendering Finder Chart ===
Rendering confini costellazioni...
Rendering linee costellazioni...
Rendering stelle SAO...
Rendering target...

✓ Finder Chart generata: results_782/finder.png
  ✅ Sfondo bianco per stampa
  ✅ Stelle del catalogo SAO con numeri
  ✅ Linee e confini delle costellazioni
[OutputManager] Compositing final card: magick convert \( "results_782/ground.png" \) \( "results_782/sky.png" "results_782/finder.png" +append \) -append "results_782/ioccult_card_782_12.png"
Generating IOccult Card: ioccult_card_782_13.png
[OutputManager] Ground Map First Point: Lat=62.33 Lon=-155.71
[MapPathRenderer] Inizializzazione Mapnik...
[MapPathRenderer] Datasources registrate da: /opt/homebrew/lib/mapnik/input
[MapPathRenderer] Datasources registrate da: /usr/local/lib/mapnik/input
[MapPathRenderer] Datasources registrate da: /opt/homebrew/Cellar/mapnik/4.1.4_2/lib/mapnik/input
[MapPathRenderer] Plugin caricati: csv gdal geobuf geojson ogr pgraster postgis raster shape sqlite tiles topojson 

=== Rendering Occultation Map ===
Calcolo estensione mappa...
Aggiunta griglia di coordinate...
Caricamento shapefile da: external/IOC_Earth/data/
[MapPathRenderer] Datasource creato per: countries
[MapPathRenderer] Layer countries envelope: -180.00,-90.00 to 180.00,83.60
[MapPathRenderer] Datasource creato per: states
[MapPathRenderer] Layer states envelope: -180.00,-90.00 to 180.00,83.63
[MapPathRenderer] Datasource creato per: lakes
[MapPathRenderer] Layer lakes envelope: -165.90,-50.62 to 176.08,81.94
[MapPathRenderer] Datasource creato per: coastline
[MapPathRenderer] Layer coastline envelope: -180.00,-85.19 to 180.00,83.60
Rendering limiti sigma...
Rendering margini geometrici...
Rendering linea centrale...
Rendering time markers...
Rendering stazioni osservazione...
Rendering percorsi comparativi...
Rendering finale...

✓ Mappa occultazione generata: results_782/ground.png

Dettagli:
  Evento: EVT_782
  Asteroide: Montefiore
  Stella: 148663425300605312
  Tempo: 2026-01-XX
  Durata: 0.00 secondi
  Calo magnitudine: 2.60
  ✓ Griglia RA/Dec ogni 5.00° visibile
[MapPathRenderer] Inizializzazione Mapnik...
[MapPathRenderer] Datasources registrate da: /opt/homebrew/lib/mapnik/input
[MapPathRenderer] Datasources registrate da: /usr/local/lib/mapnik/input
[MapPathRenderer] Datasources registrate da: /opt/homebrew/Cellar/mapnik/4.1.4_2/lib/mapnik/input
[MapPathRenderer] Plugin caricati: csv gdal geobuf geojson ogr pgraster postgis raster shape sqlite tiles topojson 
📐 Campo visivo impostato:
   Centro: RA 65.25° Dec 22.58°
   Campo visivo: 20.00°
🔆 Magnitudine limite: 8.00
⭐ Aggiunte 500 stelle SAO
🎯 Target impostato: Montefiore
   RA: 65.25° Dec: 22.58°

🎨 === Rendering Mappa Celeste ===
📏 Rendering griglia di coordinate RA/Dec...
📍 Rendering confini costellazioni...
📐 Rendering linee costellazioni...
⭐ Rendering stelle SAO...
   Stelle visualizzate: 484
🎯 Rendering target e traiettoria...
💾 Salvataggio mappa...

✅ Mappa celeste generata: results_782/sky.png

📋 Dettagli renderizzazione:
   Centro: RA 65.25° Dec 22.58°
   Campo visivo: 20.00°
   Dimensioni: 400x400 px
   Stelle visualizzate: 484
   Magnitudine limite: 8.00
   Linee costellazioni: 0
   Confini costellazioni: 0
   Griglia RA/Dec: ogni 10.00°
   Target: Montefiore
[MapPathRenderer] Inizializzazione Mapnik...
[MapPathRenderer] Datasources registrate da: /opt/homebrew/lib/mapnik/input
[MapPathRenderer] Datasources registrate da: /usr/local/lib/mapnik/input
[MapPathRenderer] Datasources registrate da: /opt/homebrew/Cellar/mapnik/4.1.4_2/lib/mapnik/input
[MapPathRenderer] Plugin caricati: csv gdal geobuf geojson ogr pgraster postgis raster shape sqlite tiles topojson 
Campo visivo impostato: RA 65.25° Dec 22.58° FOV 2.00°
Magnitudine limite: 14.00
Aggiunte 745 stelle SAO
Target impostato: Montefiore (RA 65.25° Dec 22.58°)

=== Rendering Finder Chart ===
Rendering confini costellazioni...
Rendering linee costellazioni...
Rendering stelle SAO...
Rendering target...

✓ Finder Chart generata: results_782/finder.png
  ✅ Sfondo bianco per stampa
  ✅ Stelle del catalogo SAO con numeri
  ✅ Linee e confini delle costellazioni
[OutputManager] Compositing final card: magick convert \( "results_782/ground.png" \) \( "results_782/sky.png" "results_782/finder.png" +append \) -append "results_782/ioccult_card_782_13.png"
Generating IOccult Card: ioccult_card_782_14.png
[OutputManager] Ground Map First Point: Lat=47.71 Lon=104.65
[MapPathRenderer] Inizializzazione Mapnik...
[MapPathRenderer] Datasources registrate da: /opt/homebrew/lib/mapnik/input
[MapPathRenderer] Datasources registrate da: /usr/local/lib/mapnik/input
[MapPathRenderer] Datasources registrate da: /opt/homebrew/Cellar/mapnik/4.1.4_2/lib/mapnik/input
[MapPathRenderer] Plugin caricati: csv gdal geobuf geojson ogr pgraster postgis raster shape sqlite tiles topojson 

=== Rendering Occultation Map ===
Calcolo estensione mappa...
Aggiunta griglia di coordinate...
Caricamento shapefile da: external/IOC_Earth/data/
[MapPathRenderer] Datasource creato per: countries
[MapPathRenderer] Layer countries envelope: -180.00,-90.00 to 180.00,83.60
[MapPathRenderer] Datasource creato per: states
[MapPathRenderer] Layer states envelope: -180.00,-90.00 to 180.00,83.63
[MapPathRenderer] Datasource creato per: lakes
[MapPathRenderer] Layer lakes envelope: -165.90,-50.62 to 176.08,81.94
[MapPathRenderer] Datasource creato per: coastline
[MapPathRenderer] Layer coastline envelope: -180.00,-85.19 to 180.00,83.60
Rendering limiti sigma...
Rendering margini geometrici...
Rendering linea centrale...
Rendering time markers...
Rendering stazioni osservazione...
Rendering percorsi comparativi...
Rendering finale...

✓ Mappa occultazione generata: results_782/ground.png

Dettagli:
  Evento: EVT_782
  Asteroide: Montefiore
  Stella: 148664417435804160
  Tempo: 2026-01-XX
  Durata: 0.00 secondi
  Calo magnitudine: 1.13
  ✓ Griglia RA/Dec ogni 5.00° visibile
[MapPathRenderer] Inizializzazione Mapnik...
[MapPathRenderer] Datasources registrate da: /opt/homebrew/lib/mapnik/input
[MapPathRenderer] Datasources registrate da: /usr/local/lib/mapnik/input
[MapPathRenderer] Datasources registrate da: /opt/homebrew/Cellar/mapnik/4.1.4_2/lib/mapnik/input
[MapPathRenderer] Plugin caricati: csv gdal geobuf geojson ogr pgraster postgis raster shape sqlite tiles topojson 
📐 Campo visivo impostato:
   Centro: RA 65.21° Dec 22.60°
   Campo visivo: 20.00°
🔆 Magnitudine limite: 8.00
⭐ Aggiunte 499 stelle SAO
🎯 Target impostato: Montefiore
   RA: 65.21° Dec: 22.60°

🎨 === Rendering Mappa Celeste ===
📏 Rendering griglia di coordinate RA/Dec...
📍 Rendering confini costellazioni...
📐 Rendering linee costellazioni...
⭐ Rendering stelle SAO...
   Stelle visualizzate: 484
🎯 Rendering target e traiettoria...
💾 Salvataggio mappa...

✅ Mappa celeste generata: results_782/sky.png

📋 Dettagli renderizzazione:
   Centro: RA 65.21° Dec 22.60°
   Campo visivo: 20.00°
   Dimensioni: 400x400 px
   Stelle visualizzate: 484
   Magnitudine limite: 8.00
   Linee costellazioni: 0
   Confini costellazioni: 0
   Griglia RA/Dec: ogni 10.00°
   Target: Montefiore
[MapPathRenderer] Inizializzazione Mapnik...
[MapPathRenderer] Datasources registrate da: /opt/homebrew/lib/mapnik/input
[MapPathRenderer] Datasources registrate da: /usr/local/lib/mapnik/input
[MapPathRenderer] Datasources registrate da: /opt/homebrew/Cellar/mapnik/4.1.4_2/lib/mapnik/input
[MapPathRenderer] Plugin caricati: csv gdal geobuf geojson ogr pgraster postgis raster shape sqlite tiles topojson 
Campo visivo impostato: RA 65.21° Dec 22.60° FOV 2.00°
Magnitudine limite: 14.00
Aggiunte 741 stelle SAO
Target impostato: Montefiore (RA 65.21° Dec 22.60°)

=== Rendering Finder Chart ===
Rendering confini costellazioni...
Rendering linee costellazioni...
Rendering stelle SAO...
Rendering target...

✓ Finder Chart generata: results_782/finder.png
  ✅ Sfondo bianco per stampa
  ✅ Stelle del catalogo SAO con numeri
  ✅ Linee e confini delle costellazioni
[OutputManager] Compositing final card: magick convert \( "results_782/ground.png" \) \( "results_782/sky.png" "results_782/finder.png" +append \) -append "results_782/ioccult_card_782_14.png"
Generating IOccult Card: ioccult_card_782_15.png
[OutputManager] Ground Map First Point: Lat=22.97 Lon=87.42
[MapPathRenderer] Inizializzazione Mapnik...
[MapPathRenderer] Datasources registrate da: /opt/homebrew/lib/mapnik/input
[MapPathRenderer] Datasources registrate da: /usr/local/lib/mapnik/input
[MapPathRenderer] Datasources registrate da: /opt/homebrew/Cellar/mapnik/4.1.4_2/lib/mapnik/input
[MapPathRenderer] Plugin caricati: csv gdal geobuf geojson ogr pgraster postgis raster shape sqlite tiles topojson 

=== Rendering Occultation Map ===
Calcolo estensione mappa...
Aggiunta griglia di coordinate...
Caricamento shapefile da: external/IOC_Earth/data/
[MapPathRenderer] Datasource creato per: countries
[MapPathRenderer] Layer countries envelope: -180.00,-90.00 to 180.00,83.60
[MapPathRenderer] Datasource creato per: states
[MapPathRenderer] Layer states envelope: -180.00,-90.00 to 180.00,83.63
[MapPathRenderer] Datasource creato per: lakes
[MapPathRenderer] Layer lakes envelope: -165.90,-50.62 to 176.08,81.94
[MapPathRenderer] Datasource creato per: coastline
[MapPathRenderer] Layer coastline envelope: -180.00,-85.19 to 180.00,83.60
Rendering limiti sigma...
Rendering margini geometrici...
Rendering linea centrale...
Rendering time markers...
Rendering stazioni osservazione...
Rendering percorsi comparativi...
Rendering finale...

✓ Mappa occultazione generata: results_782/ground.png

Dettagli:
  Evento: EVT_782
  Asteroide: Montefiore
  Stella: 148664318653631616
  Tempo: 2026-01-XX
  Durata: 0.00 secondi
  Calo magnitudine: 2.47
  ✓ Griglia RA/Dec ogni 5.00° visibile
[MapPathRenderer] Inizializzazione Mapnik...
[MapPathRenderer] Datasources registrate da: /opt/homebrew/lib/mapnik/input
[MapPathRenderer] Datasources registrate da: /usr/local/lib/mapnik/input
[MapPathRenderer] Datasources registrate da: /opt/homebrew/Cellar/mapnik/4.1.4_2/lib/mapnik/input
[MapPathRenderer] Plugin caricati: csv gdal geobuf geojson ogr pgraster postgis raster shape sqlite tiles topojson 
📐 Campo visivo impostato:
   Centro: RA 65.18° Dec 22.61°
   Campo visivo: 20.00°
🔆 Magnitudine limite: 8.00
⭐ Aggiunte 500 stelle SAO
🎯 Target impostato: Montefiore
   RA: 65.18° Dec: 22.61°

🎨 === Rendering Mappa Celeste ===
📏 Rendering griglia di coordinate RA/Dec...
📍 Rendering confini costellazioni...
📐 Rendering linee costellazioni...
⭐ Rendering stelle SAO...
   Stelle visualizzate: 486
🎯 Rendering target e traiettoria...
💾 Salvataggio mappa...

✅ Mappa celeste generata: results_782/sky.png

📋 Dettagli renderizzazione:
   Centro: RA 65.18° Dec 22.61°
   Campo visivo: 20.00°
   Dimensioni: 400x400 px
   Stelle visualizzate: 486
   Magnitudine limite: 8.00
   Linee costellazioni: 0
   Confini costellazioni: 0
   Griglia RA/Dec: ogni 10.00°
   Target: Montefiore
[MapPathRenderer] Inizializzazione Mapnik...
[MapPathRenderer] Datasources registrate da: /opt/homebrew/lib/mapnik/input
[MapPathRenderer] Datasources registrate da: /usr/local/lib/mapnik/input
[MapPathRenderer] Datasources registrate da: /opt/homebrew/Cellar/mapnik/4.1.4_2/lib/mapnik/input
[MapPathRenderer] Plugin caricati: csv gdal geobuf geojson ogr pgraster postgis raster shape sqlite tiles topojson 
Campo visivo impostato: RA 65.18° Dec 22.61° FOV 2.00°
Magnitudine limite: 14.00
Aggiunte 742 stelle SAO
Target impostato: Montefiore (RA 65.18° Dec 22.61°)

=== Rendering Finder Chart ===
Rendering confini costellazioni...
Rendering linee costellazioni...
Rendering stelle SAO...
Rendering target...

✓ Finder Chart generata: results_782/finder.png
  ✅ Sfondo bianco per stampa
  ✅ Stelle del catalogo SAO con numeri
  ✅ Linee e confini delle costellazioni
[OutputManager] Compositing final card: magick convert \( "results_782/ground.png" \) \( "results_782/sky.png" "results_782/finder.png" +append \) -append "results_782/ioccult_card_782_15.png"
Generating IOccult Card: ioccult_card_782_16.png
[OutputManager] Ground Map First Point: Lat=5.95 Lon=7.26
[MapPathRenderer] Inizializzazione Mapnik...
[MapPathRenderer] Datasources registrate da: /opt/homebrew/lib/mapnik/input
[MapPathRenderer] Datasources registrate da: /usr/local/lib/mapnik/input
[MapPathRenderer] Datasources registrate da: /opt/homebrew/Cellar/mapnik/4.1.4_2/lib/mapnik/input
[MapPathRenderer] Plugin caricati: csv gdal geobuf geojson ogr pgraster postgis raster shape sqlite tiles topojson 

=== Rendering Occultation Map ===
Calcolo estensione mappa...
Aggiunta griglia di coordinate...
Caricamento shapefile da: external/IOC_Earth/data/
[MapPathRenderer] Datasource creato per: countries
[MapPathRenderer] Layer countries envelope: -180.00,-90.00 to 180.00,83.60
[MapPathRenderer] Datasource creato per: states
[MapPathRenderer] Layer states envelope: -180.00,-90.00 to 180.00,83.63
[MapPathRenderer] Datasource creato per: lakes
[MapPathRenderer] Layer lakes envelope: -165.90,-50.62 to 176.08,81.94
[MapPathRenderer] Datasource creato per: coastline
[MapPathRenderer] Layer coastline envelope: -180.00,-85.19 to 180.00,83.60
Rendering limiti sigma...
Rendering margini geometrici...
Rendering linea centrale...
Rendering time markers...
Rendering stazioni osservazione...
Rendering percorsi comparativi...
Rendering finale...

✓ Mappa occultazione generata: results_782/ground.png

Dettagli:
  Evento: EVT_782
  Asteroide: Montefiore
  Stella: 148667342310603136
  Tempo: 2026-01-XX
  Durata: 0.00 secondi
  Calo magnitudine: 2.12
  ✓ Griglia RA/Dec ogni 5.00° visibile
[MapPathRenderer] Inizializzazione Mapnik...
[MapPathRenderer] Datasources registrate da: /opt/homebrew/lib/mapnik/input
[MapPathRenderer] Datasources registrate da: /usr/local/lib/mapnik/input
[MapPathRenderer] Datasources registrate da: /opt/homebrew/Cellar/mapnik/4.1.4_2/lib/mapnik/input
[MapPathRenderer] Plugin caricati: csv gdal geobuf geojson ogr pgraster postgis raster shape sqlite tiles topojson 
📐 Campo visivo impostato:
   Centro: RA 65.16° Dec 22.63°
   Campo visivo: 20.00°
🔆 Magnitudine limite: 8.00
⭐ Aggiunte 499 stelle SAO
🎯 Target impostato: Montefiore
   RA: 65.16° Dec: 22.63°

🎨 === Rendering Mappa Celeste ===
📏 Rendering griglia di coordinate RA/Dec...
📍 Rendering confini costellazioni...
📐 Rendering linee costellazioni...
⭐ Rendering stelle SAO...
   Stelle visualizzate: 485
🎯 Rendering target e traiettoria...
💾 Salvataggio mappa...

✅ Mappa celeste generata: results_782/sky.png

📋 Dettagli renderizzazione:
   Centro: RA 65.16° Dec 22.63°
   Campo visivo: 20.00°
   Dimensioni: 400x400 px
   Stelle visualizzate: 485
   Magnitudine limite: 8.00
   Linee costellazioni: 0
   Confini costellazioni: 0
   Griglia RA/Dec: ogni 10.00°
   Target: Montefiore
[MapPathRenderer] Inizializzazione Mapnik...
[MapPathRenderer] Datasources registrate da: /opt/homebrew/lib/mapnik/input
[MapPathRenderer] Datasources registrate da: /usr/local/lib/mapnik/input
[MapPathRenderer] Datasources registrate da: /opt/homebrew/Cellar/mapnik/4.1.4_2/lib/mapnik/input
[MapPathRenderer] Plugin caricati: csv gdal geobuf geojson ogr pgraster postgis raster shape sqlite tiles topojson 
Campo visivo impostato: RA 65.16° Dec 22.63° FOV 2.00°
Magnitudine limite: 14.00
Aggiunte 750 stelle SAO
Target impostato: Montefiore (RA 65.16° Dec 22.63°)

=== Rendering Finder Chart ===
Rendering confini costellazioni...
Rendering linee costellazioni...
Rendering stelle SAO...
Rendering target...

✓ Finder Chart generata: results_782/finder.png
  ✅ Sfondo bianco per stampa
  ✅ Stelle del catalogo SAO con numeri
  ✅ Linee e confini delle costellazioni
[OutputManager] Compositing final card: magick convert \( "results_782/ground.png" \) \( "results_782/sky.png" "results_782/finder.png" +append \) -append "results_782/ioccult_card_782_16.png"
Generating IOccult Card: ioccult_card_782_17.png
[OutputManager] Ground Map First Point: Lat=6.13 Lon=13.89
[MapPathRenderer] Inizializzazione Mapnik...
[MapPathRenderer] Datasources registrate da: /opt/homebrew/lib/mapnik/input
[MapPathRenderer] Datasources registrate da: /usr/local/lib/mapnik/input
[MapPathRenderer] Datasources registrate da: /opt/homebrew/Cellar/mapnik/4.1.4_2/lib/mapnik/input
[MapPathRenderer] Plugin caricati: csv gdal geobuf geojson ogr pgraster postgis raster shape sqlite tiles topojson 

=== Rendering Occultation Map ===
Calcolo estensione mappa...
Aggiunta griglia di coordinate...
Caricamento shapefile da: external/IOC_Earth/data/
[MapPathRenderer] Datasource creato per: countries
[MapPathRenderer] Layer countries envelope: -180.00,-90.00 to 180.00,83.60
[MapPathRenderer] Datasource creato per: states
[MapPathRenderer] Layer states envelope: -180.00,-90.00 to 180.00,83.63
[MapPathRenderer] Datasource creato per: lakes
[MapPathRenderer] Layer lakes envelope: -165.90,-50.62 to 176.08,81.94
[MapPathRenderer] Datasource creato per: coastline
[MapPathRenderer] Layer coastline envelope: -180.00,-85.19 to 180.00,83.60
Rendering limiti sigma...
Rendering margini geometrici...
Rendering linea centrale...
Rendering time markers...
Rendering stazioni osservazione...
Rendering percorsi comparativi...
Rendering finale...

✓ Mappa occultazione generata: results_782/ground.png

Dettagli:
  Evento: EVT_782
  Asteroide: Montefiore
  Stella: 148664765330223104
  Tempo: 2026-01-XX
  Durata: 0.00 secondi
  Calo magnitudine: 2.47
  ✓ Griglia RA/Dec ogni 5.00° visibile
[MapPathRenderer] Inizializzazione Mapnik...
[MapPathRenderer] Datasources registrate da: /opt/homebrew/lib/mapnik/input
[MapPathRenderer] Datasources registrate da: /usr/local/lib/mapnik/input
[MapPathRenderer] Datasources registrate da: /opt/homebrew/Cellar/mapnik/4.1.4_2/lib/mapnik/input
[MapPathRenderer] Plugin caricati: csv gdal geobuf geojson ogr pgraster postgis raster shape sqlite tiles topojson 
📐 Campo visivo impostato:
   Centro: RA 65.18° Dec 22.63°
   Campo visivo: 20.00°
🔆 Magnitudine limite: 8.00
⭐ Aggiunte 500 stelle SAO
🎯 Target impostato: Montefiore
   RA: 65.18° Dec: 22.63°

🎨 === Rendering Mappa Celeste ===
📏 Rendering griglia di coordinate RA/Dec...
📍 Rendering confini costellazioni...
📐 Rendering linee costellazioni...
⭐ Rendering stelle SAO...
   Stelle visualizzate: 486
🎯 Rendering target e traiettoria...
💾 Salvataggio mappa...

✅ Mappa celeste generata: results_782/sky.png

📋 Dettagli renderizzazione:
   Centro: RA 65.18° Dec 22.63°
   Campo visivo: 20.00°
   Dimensioni: 400x400 px
   Stelle visualizzate: 486
   Magnitudine limite: 8.00
   Linee costellazioni: 0
   Confini costellazioni: 0
   Griglia RA/Dec: ogni 10.00°
   Target: Montefiore
[MapPathRenderer] Inizializzazione Mapnik...
[MapPathRenderer] Datasources registrate da: /opt/homebrew/lib/mapnik/input
[MapPathRenderer] Datasources registrate da: /usr/local/lib/mapnik/input
[MapPathRenderer] Datasources registrate da: /opt/homebrew/Cellar/mapnik/4.1.4_2/lib/mapnik/input
[MapPathRenderer] Plugin caricati: csv gdal geobuf geojson ogr pgraster postgis raster shape sqlite tiles topojson 
Campo visivo impostato: RA 65.18° Dec 22.63° FOV 2.00°
Magnitudine limite: 14.00
Aggiunte 744 stelle SAO
Target impostato: Montefiore (RA 65.18° Dec 22.63°)

=== Rendering Finder Chart ===
Rendering confini costellazioni...
Rendering linee costellazioni...
Rendering stelle SAO...
Rendering target...

✓ Finder Chart generata: results_782/finder.png
  ✅ Sfondo bianco per stampa
  ✅ Stelle del catalogo SAO con numeri
  ✅ Linee e confini delle costellazioni
[OutputManager] Compositing final card: magick convert \( "results_782/ground.png" \) \( "results_782/sky.png" "results_782/finder.png" +append \) -append "results_782/ioccult_card_782_17.png"
Generating IOccult Card: ioccult_card_782_18.png
[OutputManager] Ground Map First Point: Lat=-8.04 Lon=-23.09
[MapPathRenderer] Inizializzazione Mapnik...
[MapPathRenderer] Datasources registrate da: /opt/homebrew/lib/mapnik/input
[MapPathRenderer] Datasources registrate da: /usr/local/lib/mapnik/input
[MapPathRenderer] Datasources registrate da: /opt/homebrew/Cellar/mapnik/4.1.4_2/lib/mapnik/input
[MapPathRenderer] Plugin caricati: csv gdal geobuf geojson ogr pgraster postgis raster shape sqlite tiles topojson 

=== Rendering Occultation Map ===
Calcolo estensione mappa...
Aggiunta griglia di coordinate...
Caricamento shapefile da: external/IOC_Earth/data/
[MapPathRenderer] Datasource creato per: countries
[MapPathRenderer] Layer countries envelope: -180.00,-90.00 to 180.00,83.60
[MapPathRenderer] Datasource creato per: states
[MapPathRenderer] Layer states envelope: -180.00,-90.00 to 180.00,83.63
[MapPathRenderer] Datasource creato per: lakes
[MapPathRenderer] Layer lakes envelope: -165.90,-50.62 to 176.08,81.94
[MapPathRenderer] Datasource creato per: coastline
[MapPathRenderer] Layer coastline envelope: -180.00,-85.19 to 180.00,83.60
Rendering limiti sigma...
Rendering margini geometrici...
Rendering linea centrale...
Rendering time markers...
Rendering stazioni osservazione...
Rendering percorsi comparativi...
Rendering finale...

✓ Mappa occultazione generata: results_782/ground.png

Dettagli:
  Evento: EVT_782
  Asteroide: Montefiore
  Stella: 148669438254626944
  Tempo: 2026-01-XX
  Durata: 0.00 secondi
  Calo magnitudine: 1.37
  ✓ Griglia RA/Dec ogni 5.00° visibile
[MapPathRenderer] Inizializzazione Mapnik...
[MapPathRenderer] Datasources registrate da: /opt/homebrew/lib/mapnik/input
[MapPathRenderer] Datasources registrate da: /usr/local/lib/mapnik/input
[MapPathRenderer] Datasources registrate da: /opt/homebrew/Cellar/mapnik/4.1.4_2/lib/mapnik/input
[MapPathRenderer] Plugin caricati: csv gdal geobuf geojson ogr pgraster postgis raster shape sqlite tiles topojson 
📐 Campo visivo impostato:
   Centro: RA 65.20° Dec 22.68°
   Campo visivo: 20.00°
🔆 Magnitudine limite: 8.00
⭐ Aggiunte 502 stelle SAO
🎯 Target impostato: Montefiore
   RA: 65.20° Dec: 22.68°

🎨 === Rendering Mappa Celeste ===
📏 Rendering griglia di coordinate RA/Dec...
📍 Rendering confini costellazioni...
📐 Rendering linee costellazioni...
⭐ Rendering stelle SAO...
   Stelle visualizzate: 486
🎯 Rendering target e traiettoria...
💾 Salvataggio mappa...

✅ Mappa celeste generata: results_782/sky.png

📋 Dettagli renderizzazione:
   Centro: RA 65.20° Dec 22.68°
   Campo visivo: 20.00°
   Dimensioni: 400x400 px
   Stelle visualizzate: 486
   Magnitudine limite: 8.00
   Linee costellazioni: 0
   Confini costellazioni: 0
   Griglia RA/Dec: ogni 10.00°
   Target: Montefiore
[MapPathRenderer] Inizializzazione Mapnik...
[MapPathRenderer] Datasources registrate da: /opt/homebrew/lib/mapnik/input
[MapPathRenderer] Datasources registrate da: /usr/local/lib/mapnik/input
[MapPathRenderer] Datasources registrate da: /opt/homebrew/Cellar/mapnik/4.1.4_2/lib/mapnik/input
[MapPathRenderer] Plugin caricati: csv gdal geobuf geojson ogr pgraster postgis raster shape sqlite tiles topojson 
Campo visivo impostato: RA 65.20° Dec 22.68° FOV 2.00°
Magnitudine limite: 14.00
Aggiunte 757 stelle SAO
Target impostato: Montefiore (RA 65.20° Dec 22.68°)

=== Rendering Finder Chart ===
Rendering confini costellazioni...
Rendering linee costellazioni...
Rendering stelle SAO...
Rendering target...

✓ Finder Chart generata: results_782/finder.png
  ✅ Sfondo bianco per stampa
  ✅ Stelle del catalogo SAO con numeri
  ✅ Linee e confini delle costellazioni
[OutputManager] Compositing final card: magick convert \( "results_782/ground.png" \) \( "results_782/sky.png" "results_782/finder.png" +append \) -append "results_782/ioccult_card_782_18.png"
Generating IOccult Card: ioccult_card_782_19.png
[OutputManager] Ground Map First Point: Lat=-13.69 Lon=155.12
[MapPathRenderer] Inizializzazione Mapnik...
[MapPathRenderer] Datasources registrate da: /opt/homebrew/lib/mapnik/input
[MapPathRenderer] Datasources registrate da: /usr/local/lib/mapnik/input
[MapPathRenderer] Datasources registrate da: /opt/homebrew/Cellar/mapnik/4.1.4_2/lib/mapnik/input
[MapPathRenderer] Plugin caricati: csv gdal geobuf geojson ogr pgraster postgis raster shape sqlite tiles topojson 

=== Rendering Occultation Map ===
Calcolo estensione mappa...
Aggiunta griglia di coordinate...
Caricamento shapefile da: external/IOC_Earth/data/
[MapPathRenderer] Datasource creato per: countries
[MapPathRenderer] Layer countries envelope: -180.00,-90.00 to 180.00,83.60
[MapPathRenderer] Datasource creato per: states
[MapPathRenderer] Layer states envelope: -180.00,-90.00 to 180.00,83.63
[MapPathRenderer] Datasource creato per: lakes
[MapPathRenderer] Layer lakes envelope: -165.90,-50.62 to 176.08,81.94
[MapPathRenderer] Datasource creato per: coastline
[MapPathRenderer] Layer coastline envelope: -180.00,-85.19 to 180.00,83.60
Rendering limiti sigma...
Rendering margini geometrici...
Rendering linea centrale...
Rendering time markers...
Rendering stazioni osservazione...
Rendering percorsi comparativi...
Rendering finale...

✓ Mappa occultazione generata: results_782/ground.png

Dettagli:
  Evento: EVT_782
  Asteroide: Montefiore
  Stella: 148670469046776448
  Tempo: 2026-01-XX
  Durata: 0.00 secondi
  Calo magnitudine: 2.20
  ✓ Griglia RA/Dec ogni 5.00° visibile
[MapPathRenderer] Inizializzazione Mapnik...
[MapPathRenderer] Datasources registrate da: /opt/homebrew/lib/mapnik/input
[MapPathRenderer] Datasources registrate da: /usr/local/lib/mapnik/input
[MapPathRenderer] Datasources registrate da: /opt/homebrew/Cellar/mapnik/4.1.4_2/lib/mapnik/input
[MapPathRenderer] Plugin caricati: csv gdal geobuf geojson ogr pgraster postgis raster shape sqlite tiles topojson 
📐 Campo visivo impostato:
   Centro: RA 65.17° Dec 22.71°
   Campo visivo: 20.00°
🔆 Magnitudine limite: 8.00
⭐ Aggiunte 504 stelle SAO
🎯 Target impostato: Montefiore
   RA: 65.17° Dec: 22.71°

🎨 === Rendering Mappa Celeste ===
📏 Rendering griglia di coordinate RA/Dec...
📍 Rendering confini costellazioni...
📐 Rendering linee costellazioni...
⭐ Rendering stelle SAO...
   Stelle visualizzate: 489
🎯 Rendering target e traiettoria...
💾 Salvataggio mappa...

✅ Mappa celeste generata: results_782/sky.png

📋 Dettagli renderizzazione:
   Centro: RA 65.17° Dec 22.71°
   Campo visivo: 20.00°
   Dimensioni: 400x400 px
   Stelle visualizzate: 489
   Magnitudine limite: 8.00
   Linee costellazioni: 0
   Confini costellazioni: 0
   Griglia RA/Dec: ogni 10.00°
   Target: Montefiore
[MapPathRenderer] Inizializzazione Mapnik...
[MapPathRenderer] Datasources registrate da: /opt/homebrew/lib/mapnik/input
[MapPathRenderer] Datasources registrate da: /usr/local/lib/mapnik/input
[MapPathRenderer] Datasources registrate da: /opt/homebrew/Cellar/mapnik/4.1.4_2/lib/mapnik/input
[MapPathRenderer] Plugin caricati: csv gdal geobuf geojson ogr pgraster postgis raster shape sqlite tiles topojson 
Campo visivo impostato: RA 65.17° Dec 22.71° FOV 2.00°
Magnitudine limite: 14.00
Aggiunte 770 stelle SAO
Target impostato: Montefiore (RA 65.17° Dec 22.71°)

=== Rendering Finder Chart ===
Rendering confini costellazioni...
Rendering linee costellazioni...
Rendering stelle SAO...
Rendering target...

✓ Finder Chart generata: results_782/finder.png
  ✅ Sfondo bianco per stampa
  ✅ Stelle del catalogo SAO con numeri
  ✅ Linee e confini delle costellazioni
[OutputManager] Compositing final card: magick convert \( "results_782/ground.png" \) \( "results_782/sky.png" "results_782/finder.png" +append \) -append "results_782/ioccult_card_782_19.png"
Generating IOccult Card: ioccult_card_782_20.png
[OutputManager] Ground Map First Point: Lat=-38.03 Lon=159.44
[MapPathRenderer] Inizializzazione Mapnik...
[MapPathRenderer] Datasources registrate da: /opt/homebrew/lib/mapnik/input
[MapPathRenderer] Datasources registrate da: /usr/local/lib/mapnik/input
[MapPathRenderer] Datasources registrate da: /opt/homebrew/Cellar/mapnik/4.1.4_2/lib/mapnik/input
[MapPathRenderer] Plugin caricati: csv gdal geobuf geojson ogr pgraster postgis raster shape sqlite tiles topojson 

=== Rendering Occultation Map ===
Calcolo estensione mappa...
Aggiunta griglia di coordinate...
Caricamento shapefile da: external/IOC_Earth/data/
[MapPathRenderer] Datasource creato per: countries
[MapPathRenderer] Layer countries envelope: -180.00,-90.00 to 180.00,83.60
[MapPathRenderer] Datasource creato per: states
[MapPathRenderer] Layer states envelope: -180.00,-90.00 to 180.00,83.63
[MapPathRenderer] Datasource creato per: lakes
[MapPathRenderer] Layer lakes envelope: -165.90,-50.62 to 176.08,81.94
[MapPathRenderer] Datasource creato per: coastline
[MapPathRenderer] Layer coastline envelope: -180.00,-85.19 to 180.00,83.60
Rendering limiti sigma...
Rendering margini geometrici...
Rendering linea centrale...
Rendering time markers...
Rendering stazioni osservazione...
Rendering percorsi comparativi...
Rendering finale...

✓ Mappa occultazione generata: results_782/ground.png

Dettagli:
  Evento: EVT_782
  Asteroide: Montefiore
  Stella: 148765538146718080
  Tempo: 2026-01-XX
  Durata: 0.00 secondi
  Calo magnitudine: 1.12
  ✓ Griglia RA/Dec ogni 5.00° visibile
[MapPathRenderer] Inizializzazione Mapnik...
[MapPathRenderer] Datasources registrate da: /opt/homebrew/lib/mapnik/input
[MapPathRenderer] Datasources registrate da: /usr/local/lib/mapnik/input
[MapPathRenderer] Datasources registrate da: /opt/homebrew/Cellar/mapnik/4.1.4_2/lib/mapnik/input
[MapPathRenderer] Plugin caricati: csv gdal geobuf geojson ogr pgraster postgis raster shape sqlite tiles topojson 
📐 Campo visivo impostato:
   Centro: RA 65.25° Dec 22.86°
   Campo visivo: 20.00°
🔆 Magnitudine limite: 8.00
⭐ Aggiunte 508 stelle SAO
🎯 Target impostato: Montefiore
   RA: 65.25° Dec: 22.86°

🎨 === Rendering Mappa Celeste ===
📏 Rendering griglia di coordinate RA/Dec...
📍 Rendering confini costellazioni...
📐 Rendering linee costellazioni...
⭐ Rendering stelle SAO...
   Stelle visualizzate: 490
🎯 Rendering target e traiettoria...
💾 Salvataggio mappa...

✅ Mappa celeste generata: results_782/sky.png

📋 Dettagli renderizzazione:
   Centro: RA 65.25° Dec 22.86°
   Campo visivo: 20.00°
   Dimensioni: 400x400 px
   Stelle visualizzate: 490
   Magnitudine limite: 8.00
   Linee costellazioni: 0
   Confini costellazioni: 0
   Griglia RA/Dec: ogni 10.00°
   Target: Montefiore
[MapPathRenderer] Inizializzazione Mapnik...
[MapPathRenderer] Datasources registrate da: /opt/homebrew/lib/mapnik/input
[MapPathRenderer] Datasources registrate da: /usr/local/lib/mapnik/input
[MapPathRenderer] Datasources registrate da: /opt/homebrew/Cellar/mapnik/4.1.4_2/lib/mapnik/input
[MapPathRenderer] Plugin caricati: csv gdal geobuf geojson ogr pgraster postgis raster shape sqlite tiles topojson 
Campo visivo impostato: RA 65.25° Dec 22.86° FOV 2.00°
Magnitudine limite: 14.00
Aggiunte 775 stelle SAO
Target impostato: Montefiore (RA 65.25° Dec 22.86°)

=== Rendering Finder Chart ===
Rendering confini costellazioni...
Rendering linee costellazioni...
Rendering stelle SAO...
Rendering target...

✓ Finder Chart generata: results_782/finder.png
  ✅ Sfondo bianco per stampa
  ✅ Stelle del catalogo SAO con numeri
  ✅ Linee e confini delle costellazioni
[OutputManager] Compositing final card: magick convert \( "results_782/ground.png" \) \( "results_782/sky.png" "results_782/finder.png" +append \) -append "results_782/ioccult_card_782_20.png"

IOccultCalc Engine Workflow completed.
