Could not open IAU catalog: data/IAU-CSN.json
Could not open star names database: data/common_star_names.csv
Loaded 23 stars from embedded database
Loaded star names from embedded database
Loaded Gaia SQLite DR3 catalog: /Users/michelebigi/.catalog/crossreference/gaia_dr3_occult_pro.db
Loaded Gaia SQLite DR3 catalog: "/Users/michelebigi/.catalog/crossreference/gaia_dr3_occult_pro.db"
ITALOccultCalc v1.0 [Native API Workflow]
--- BUILD DATE: Jan 18 2026 07:46:15 ---

=== ITALOccultCalc DEBUG BUILD ===

📄 Loading configuration from: verify_26224.json
DEBUG: output config read - A4='', IOccult='ioccult_card_26224.png'
Target: 26224 (26224)
Window: 61055 -> 61060
SPICESPKReader: Loaded /Users/michelebigi/.ioccultcalc/ephemerides/de440.bsp
Ephemeris loaded.
[Phase1CandidateScreening] Constructor started.
✓ DE441 loaded (Native Reader): /Users/michelebigi/.ioccultcalc/ephemerides/de441_part-2.bsp
[Phase1CandidateScreening] Constructor finished.
[Phase2OccultationGeometry] Constructor started.
[AstDynWrapper] Constructor started.
  - Creating PlanetaryEphemeris...
  - Initializing propagator...
  - Creating RKF78Integrator...
  - Creating Propagator object...
    [Propagator] Constructor entry (include_asteroids=1).
    [Propagator] Creating AsteroidPerturbations...
    [Propagator] Constructor exit.
  - Propagator object created.
[AstDynWrapper] Constructor finished.
[Phase2OccultationGeometry] Constructor finished.
Loading asteroid 26224...
[AsteroidSqliteDatabase] Successfully opened /Users/michelebigi/.ioccultcalc/database/asteroids.db
[DEBUG-PERT] lapco entry (alpha=0.590364)
[DEBUG-PERT] lapco entry (alpha=0.590364)
[DEBUG-PERT] Initial Laplace coefficients computed.
[DEBUG-PERT] lapco entry (alpha=0.32145)
[DEBUG-PERT] lapco entry (alpha=0.32145)
[DEBUG-PERT] Initial Laplace coefficients computed.
[DEBUG-PERT] lapco entry (alpha=0.159817)
[DEBUG-PERT] lapco entry (alpha=0.159817)
[DEBUG-PERT] Initial Laplace coefficients computed.
[DEBUG-PERT] lapco entry (alpha=0.102005)
[DEBUG-PERT] lapco entry (alpha=0.102005)
[DEBUG-PERT] Initial Laplace coefficients computed.
[DEBUG-PERT] lapco entry (alpha=0.590364)
[DEBUG-PERT] lapco entry (alpha=0.590364)
[DEBUG-PERT] Initial Laplace coefficients computed.
[DEBUG-PERT] lapco entry (alpha=0.32145)
[DEBUG-PERT] lapco entry (alpha=0.32145)
[DEBUG-PERT] Initial Laplace coefficients computed.
[DEBUG-PERT] lapco entry (alpha=0.159817)
[DEBUG-PERT] lapco entry (alpha=0.159817)
[DEBUG-PERT] Initial Laplace coefficients computed.
[DEBUG-PERT] lapco entry (alpha=0.102005)
[DEBUG-PERT] lapco entry (alpha=0.102005)
[DEBUG-PERT] Initial Laplace coefficients computed.
[AstDynWrapper:0x10c2e0ea0] setKeplerianElements: asteroid= state set to INITIALIZED (Covariance: NO).
[AstDynWrapper]   Processing Frame: ECLIPTIC
  - Creating RKF78Integrator...
  - Creating Propagator object...
    [Propagator] Constructor entry (include_asteroids=1).
    [Propagator] Creating AsteroidPerturbations...
    [Propagator] Constructor exit.
  - Propagator object created.
[Phase2OccultationGeometry] setSPKReader called. Forwarding to wrapper=0x10c2e0ea0
Phase 1: Screening stars in 2 deg corridor...
[PHASE1] Starting native screening for 26224 (MJD 61055 to 61060)...
    [Propagator] Constructor entry (include_asteroids=0).
    [Propagator] Constructor exit.
[PHASE1] Path start: RA=157.966 Dec=-0.613003
[PHASE1] Path end:   RA=157.462 Dec=-0.695226
[PHASE1] Querying Gaia catalog with 121 ICRF points...
Optimized Corridor: 121 points -> 1 query cones.
[PHASE1] Screening complete. Found 11 candidates (877 stars in corridor).
Found 11 candidates (877 stars initially in corridor).

Phase 2: Calculating precise geometry...

[OccultationEngine] 🔄 Refining orbit for 26224 with last 100 observations...
[MPCClient] Downloading observations from AstDyS: https://newton.spacedys.com/~astdys2/mpcobs/numbered/26/26224.rwo
[MPCClient] Parsing RWO with native library parser...
[MPCClient] Successfully loaded 2097 observations from RWO.
Debug Rotation:
 Orig: i=8.30919 O=269.812 w=30.3923
 Eq:   i=24.7641 O=339.818 w=318.659
 Back: i=8.30919 O=269.812 w=30.3923
[AstDynOrbitFitter] Feeding 100 obs to OrbitFitAPI.
   Time Range: MJD 60665.4 to 60735.1
   Initial Element Epoch: 61000
[OrbitFitAPI] Loading OrbFit elements from /tmp/ioc_fit_init.eq1...
   Detecting ECLIPTIC frame in .eq1, applying rotation to Equatorial J2000.
   Initial Context: ECLIPTIC/SUN/MEAN
   Target Context:  EQUATORIAL/SUN/OSCULATING
   Initial Orbit (Ecliptic): a=3.07143 e=0.0889354 i=8.30919deg
   Initial Orbit (Transformed Equatorial): i=24.7641deg
[OrbitFitAPI] Loading observations from /tmp/ioc_fit_obs.rwo...
RWOReader Debug: Line too short (9 < 150)
RWOReader Debug: Line 1 parseLine failed.
RWOReader Debug: Line too short (17 < 150)
RWOReader Debug: Line 2 parseLine failed.
RWOReader Debug: Line too short (13 < 150)
RWOReader Debug: Line 3 parseLine failed.
RWOReader Debug: Line too short (14 < 150)
RWOReader Debug: Line 4 parseLine failed.
RWOReader Debug: Total lines 104. Total obs 100
   Loaded 100 observations
    [Propagator] Constructor entry (include_asteroids=0).
    [Propagator] Constructor exit.
    [Propagator] Constructor entry (include_asteroids=0).
    [Propagator] Constructor exit.

Initial orbit set:
  Epoch: 61000.000000 MJD TDB
  a = 3.071429 AU
  e = 0.088935
  i = 24.764117 deg

Initial orbit set:
  Epoch: 60688.413818 MJD TDB
  a = 3.077313 AU
  e = 0.086750
  i = 24.764219 deg
[OrbitFitAPI] Running differential correction...

=== Differential Correction ===
Observations: 100
Max iterations: 10
Convergence threshold: 0.000001

========================================
Differential Corrections
========================================
Observations: 100
Max iterations: 10
Convergence: 0.000001 AU

[Residuals Debug] MJD=60665.38362 Obs RA=86.04160 Dec=23.90198 Comp RA=86.04691 Dec=23.90232 ResRA=-17.47664 ResDec=-1.21039
[Residuals Debug] MJD=60665.38890 Obs RA=86.04036 Dec=23.90181 Comp RA=86.04572 Dec=23.90211 ResRA=-17.63215 ResDec=-1.08737
[Residuals Debug] MJD=60665.43438 Obs RA=86.03053 Dec=23.90044 Comp RA=86.03539 Dec=23.90036 ResRA=-15.99607 ResDec=0.28994
[Residuals Debug] MJD=60665.43761 Obs RA=86.02969 Dec=23.90015 Comp RA=86.03466 Dec=23.90023 ResRA=-16.34079 ResDec=-0.30163
[Residuals Debug] MJD=60665.44362 Obs RA=86.02835 Dec=23.89997 Comp RA=86.03329 Dec=23.90000 ResRA=-16.26640 ResDec=-0.11670
[Residuals Debug] MJD=60665.47677 Obs RA=86.02057 Dec=23.89860 Comp RA=86.02577 Dec=23.89872 ResRA=-17.10247 ResDec=-0.44015
[Residuals Debug] MJD=60667.45705 Obs RA=85.57328 Dec=23.82157 Comp RA=85.57835 Dec=23.82164 ResRA=-16.69791 ResDec=-0.24459
[Residuals Debug] MJD=60667.46028 Obs RA=85.57247 Dec=23.82142 Comp RA=85.57762 Dec=23.82151 ResRA=-16.96625 ResDec=-0.32781
[Residuals Debug] MJD=60667.46702 Obs RA=85.57102 Dec=23.82117 Comp RA=85.57611 Dec=23.82125 ResRA=-16.75285 ResDec=-0.27581
[Residuals Debug] MJD=60667.47818 Obs RA=85.56835 Dec=23.82074 Comp RA=85.57360 Dec=23.82081 ResRA=-17.28675 ResDec=-0.24897
[Residuals Debug] MJD=60669.40997 Obs RA=85.13747 Dec=23.74429 Comp RA=85.14225 Dec=23.74449 ResRA=-15.75697 ResDec=-0.73208
[Residuals Debug] MJD=60669.44196 Obs RA=85.12999 Dec=23.74309 Comp RA=85.13516 Dec=23.74322 ResRA=-17.03279 ResDec=-0.47304
[Residuals Debug] MJD=60669.44479 Obs RA=85.12934 Dec=23.74286 Comp RA=85.13453 Dec=23.74311 ResRA=-17.10844 ResDec=-0.88808
[Residuals Debug] MJD=60669.46973 Obs RA=85.12366 Dec=23.74194 Comp RA=85.12901 Dec=23.74212 ResRA=-17.62184 ResDec=-0.63758
[Residuals Debug] MJD=60669.86640 Obs RA=85.03646 Dec=23.72592 Comp RA=85.04125 Dec=23.72632 ResRA=-15.76212 ResDec=-1.44000
[Residuals Debug] MJD=60669.88099 Obs RA=85.03315 Dec=23.72528 Comp RA=85.03802 Dec=23.72574 ResRA=-16.04548 ResDec=-1.64622
[Residuals Debug] MJD=60669.89561 Obs RA=85.02986 Dec=23.72470 Comp RA=85.03479 Dec=23.72516 ResRA=-16.25485 ResDec=-1.64825
[Residuals Debug] MJD=60673.29802 Obs RA=84.29098 Dec=23.58807 Comp RA=84.29580 Dec=23.58838 ResRA=-15.92173 ResDec=-1.14405
[Residuals Debug] MJD=60673.30776 Obs RA=84.28884 Dec=23.58769 Comp RA=84.29373 Dec=23.58799 ResRA=-16.11276 ResDec=-1.07533
[Residuals Debug] MJD=60673.31741 Obs RA=84.28675 Dec=23.58730 Comp RA=84.29167 Dec=23.58760 ResRA=-16.24207 ResDec=-1.06924
[Residuals Debug] MJD=60673.32712 Obs RA=84.28460 Dec=23.58694 Comp RA=84.28960 Dec=23.58721 ResRA=-16.49003 ResDec=-0.97335
[Residuals Debug] MJD=60673.40335 Obs RA=84.26785 Dec=23.58396 Comp RA=84.27336 Dec=23.58412 ResRA=-18.18624 ResDec=-0.57417
[Residuals Debug] MJD=60673.40607 Obs RA=84.26730 Dec=23.58365 Comp RA=84.27278 Dec=23.58401 ResRA=-18.08906 ResDec=-1.29744
[Residuals Debug] MJD=60673.40653 Obs RA=84.26717 Dec=23.58380 Comp RA=84.27269 Dec=23.58399 ResRA=-18.19774 ResDec=-0.69156
[Residuals Debug] MJD=60673.40972 Obs RA=84.26641 Dec=23.58360 Comp RA=84.27201 Dec=23.58386 ResRA=-18.47443 ResDec=-0.94691
[Residuals Debug] MJD=60673.41198 Obs RA=84.26597 Dec=23.58361 Comp RA=84.27153 Dec=23.58377 ResRA=-18.32643 ResDec=-0.57663
[Residuals Debug] MJD=60673.41525 Obs RA=84.26516 Dec=23.58348 Comp RA=84.27083 Dec=23.58364 ResRA=-18.71416 ResDec=-0.57074
[Residuals Debug] MJD=60673.44808 Obs RA=84.25789 Dec=23.58205 Comp RA=84.26384 Dec=23.58231 ResRA=-19.63479 ResDec=-0.93465
[Residuals Debug] MJD=60674.41951 Obs RA=84.05270 Dec=23.54274 Comp RA=84.05843 Dec=23.54292 ResRA=-18.90866 ResDec=-0.65990
[Residuals Debug] MJD=60674.42260 Obs RA=84.05196 Dec=23.54254 Comp RA=84.05778 Dec=23.54280 ResRA=-19.20961 ResDec=-0.92743
[Residuals Debug] MJD=60674.42805 Obs RA=84.05077 Dec=23.54222 Comp RA=84.05663 Dec=23.54258 ResRA=-19.35198 ResDec=-1.28138
[Residuals Debug] MJD=60674.46332 Obs RA=84.04325 Dec=23.54096 Comp RA=84.04923 Dec=23.54114 ResRA=-19.72818 ResDec=-0.65730
[Residuals Debug] MJD=60677.23612 Obs RA=83.47275 Dec=23.42780 Comp RA=83.47861 Dec=23.42833 ResRA=-19.35012 ResDec=-1.91780
[Residuals Debug] MJD=60677.24137 Obs RA=83.47163 Dec=23.42766 Comp RA=83.47755 Dec=23.42812 ResRA=-19.56992 ResDec=-1.64699
[Residuals Debug] MJD=60677.24661 Obs RA=83.47052 Dec=23.42745 Comp RA=83.47649 Dec=23.42791 ResRA=-19.74696 ResDec=-1.63881
[Residuals Debug] MJD=60677.25187 Obs RA=83.46945 Dec=23.42722 Comp RA=83.47544 Dec=23.42769 ResRA=-19.77537 ResDec=-1.69815
[Residuals Debug] MJD=60677.39311 Obs RA=83.44105 Dec=23.42171 Comp RA=83.44704 Dec=23.42194 ResRA=-19.78231 ResDec=-0.81838
[Residuals Debug] MJD=60677.39921 Obs RA=83.43969 Dec=23.42139 Comp RA=83.44581 Dec=23.42169 ResRA=-20.22035 ResDec=-1.08338
[Residuals Debug] MJD=60677.40239 Obs RA=83.43896 Dec=23.42129 Comp RA=83.44518 Dec=23.42156 ResRA=-20.53620 ResDec=-0.97770
[Residuals Debug] MJD=60677.43789 Obs RA=83.43154 Dec=23.41984 Comp RA=83.43805 Dec=23.42011 ResRA=-21.49577 ResDec=-0.99220
[Residuals Debug] MJD=60678.37555 Obs RA=83.24524 Dec=23.38166 Comp RA=83.25142 Dec=23.38193 ResRA=-20.40481 ResDec=-0.97049
[Residuals Debug] MJD=60678.37872 Obs RA=83.24467 Dec=23.38156 Comp RA=83.25079 Dec=23.38180 ResRA=-20.22221 ResDec=-0.86560
[Residuals Debug] MJD=60678.38431 Obs RA=83.24350 Dec=23.38134 Comp RA=83.24969 Dec=23.38157 ResRA=-20.44676 ResDec=-0.84662
[Residuals Debug] MJD=60679.38587 Obs RA=83.04776 Dec=23.34064 Comp RA=83.05385 Dec=23.34082 ResRA=-20.13174 ResDec=-0.65978
[Residuals Debug] MJD=60679.39120 Obs RA=83.04662 Dec=23.34037 Comp RA=83.05282 Dec=23.34061 ResRA=-20.48026 ResDec=-0.84974
[Residuals Debug] MJD=60679.39440 Obs RA=83.04564 Dec=23.34004 Comp RA=83.05220 Dec=23.34048 ResRA=-21.66915 ResDec=-1.57149
[Residuals Debug] MJD=60679.40740 Obs RA=83.04320 Dec=23.33968 Comp RA=83.04968 Dec=23.33995 ResRA=-21.41726 ResDec=-0.95805
[Residuals Debug] MJD=60680.39223 Obs RA=82.85477 Dec=23.29974 Comp RA=82.86087 Dec=23.29994 ResRA=-20.15810 ResDec=-0.73367
[Residuals Debug] MJD=60680.39914 Obs RA=82.85340 Dec=23.29946 Comp RA=82.85956 Dec=23.29966 ResRA=-20.35173 ResDec=-0.72372
[Residuals Debug] MJD=60680.40281 Obs RA=82.85255 Dec=23.29920 Comp RA=82.85886 Dec=23.29951 ResRA=-20.86247 ResDec=-1.12836
[Residuals Debug] MJD=60680.41359 Obs RA=82.85045 Dec=23.29873 Comp RA=82.85681 Dec=23.29908 ResRA=-21.03764 ResDec=-1.24256
[Residuals Debug] MJD=60684.31089 Obs RA=82.14366 Dec=23.14181 Comp RA=82.14877 Dec=23.14202 ResRA=-16.93089 ResDec=-0.75517
[Residuals Debug] MJD=60684.31378 Obs RA=82.14298 Dec=23.14175 Comp RA=82.14827 Dec=23.14191 ResRA=-17.51904 ResDec=-0.55890
[Residuals Debug] MJD=60684.31836 Obs RA=82.14209 Dec=23.14170 Comp RA=82.14748 Dec=23.14172 ResRA=-17.83427 ResDec=-0.08121
[Residuals Debug] MJD=60684.32726 Obs RA=82.14092 Dec=23.14141 Comp RA=82.14594 Dec=23.14137 ResRA=-16.60902 ResDec=0.15817
[Residuals Debug] MJD=60693.70292 Obs RA=80.73342 Dec=22.78019 Comp RA=80.73784 Dec=22.78078 ResRA=-14.66721 ResDec=-2.09123
[Residuals Debug] MJD=60693.71706 Obs RA=80.73154 Dec=22.77969 Comp RA=80.73606 Dec=22.78026 ResRA=-14.99375 ResDec=-2.02894
[Residuals Debug] MJD=60693.73120 Obs RA=80.72975 Dec=22.77917 Comp RA=80.73428 Dec=22.77974 ResRA=-15.04777 ResDec=-2.06713
[Residuals Debug] MJD=60694.11897 Obs RA=80.68265 Dec=22.76512 Comp RA=80.68603 Dec=22.76560 ResRA=-11.23203 ResDec=-1.71883
[Residuals Debug] MJD=60694.12457 Obs RA=80.68194 Dec=22.76492 Comp RA=80.68534 Dec=22.76539 ResRA=-11.27280 ResDec=-1.70423
[Residuals Debug] MJD=60694.13018 Obs RA=80.68119 Dec=22.76470 Comp RA=80.68465 Dec=22.76519 ResRA=-11.46713 ResDec=-1.75995
[Residuals Debug] MJD=60694.13580 Obs RA=80.68048 Dec=22.76453 Comp RA=80.68395 Dec=22.76498 ResRA=-11.51962 ResDec=-1.63441
[Residuals Debug] MJD=60695.23659 Obs RA=80.54839 Dec=22.72494 Comp RA=80.55163 Dec=22.72525 ResRA=-10.73682 ResDec=-1.10562
[Residuals Debug] MJD=60695.24743 Obs RA=80.54706 Dec=22.72456 Comp RA=80.55036 Dec=22.72486 ResRA=-10.93800 ResDec=-1.06870
[Residuals Debug] MJD=60695.25830 Obs RA=80.54575 Dec=22.72418 Comp RA=80.54908 Dec=22.72447 ResRA=-11.08394 ResDec=-1.02671
[Residuals Debug] MJD=60695.26915 Obs RA=80.54441 Dec=22.72380 Comp RA=80.54781 Dec=22.72408 ResRA=-11.30942 ResDec=-1.00765
[Residuals Debug] MJD=60696.34625 Obs RA=80.42116 Dec=22.68559 Comp RA=80.42512 Dec=22.68582 ResRA=-13.14850 ResDec=-0.81532
[Residuals Debug] MJD=60696.35570 Obs RA=80.41989 Dec=22.68548 Comp RA=80.42407 Dec=22.68548 ResRA=-13.87744 ResDec=-0.00674
[Residuals Debug] MJD=60696.35802 Obs RA=80.41989 Dec=22.68500 Comp RA=80.42381 Dec=22.68540 ResRA=-13.02437 ResDec=-1.44271
[Residuals Debug] MJD=60696.36124 Obs RA=80.41930 Dec=22.68479 Comp RA=80.42346 Dec=22.68529 ResRA=-13.80433 ResDec=-1.79414
[Residuals Debug] MJD=60696.36636 Obs RA=80.41872 Dec=22.68492 Comp RA=80.42289 Dec=22.68511 ResRA=-13.84432 ResDec=-0.67474
[Residuals Debug] MJD=60696.36683 Obs RA=80.41878 Dec=22.68467 Comp RA=80.42284 Dec=22.68509 ResRA=-13.47806 ResDec=-1.51526
[Residuals Debug] MJD=60696.37814 Obs RA=80.41738 Dec=22.68489 Comp RA=80.42159 Dec=22.68469 ResRA=-13.97041 ResDec=0.70856
[Residuals Debug] MJD=60698.19400 Obs RA=80.22613 Dec=22.62111 Comp RA=80.23002 Dec=22.62163 ResRA=-12.92014 ResDec=-1.86760
[Residuals Debug] MJD=60698.19979 Obs RA=80.22557 Dec=22.62091 Comp RA=80.22944 Dec=22.62143 ResRA=-12.87183 ResDec=-1.87343
[Residuals Debug] MJD=60698.20559 Obs RA=80.22493 Dec=22.62072 Comp RA=80.22886 Dec=22.62123 ResRA=-13.04538 ResDec=-1.84922
[Residuals Debug] MJD=60698.21140 Obs RA=80.22402 Dec=22.62061 Comp RA=80.22828 Dec=22.62103 ResRA=-14.14425 ResDec=-1.52396
[Residuals Debug] MJD=60700.39986 Obs RA=80.01828 Dec=22.54714 Comp RA=80.02295 Dec=22.54755 ResRA=-15.53646 ResDec=-1.48190
[Residuals Debug] MJD=60700.40267 Obs RA=80.01819 Dec=22.54712 Comp RA=80.02271 Dec=22.54746 ResRA=-15.00998 ResDec=-1.21855
[Residuals Debug] MJD=60700.41161 Obs RA=80.01731 Dec=22.54695 Comp RA=80.02193 Dec=22.54716 ResRA=-15.35159 ResDec=-0.76980
[Residuals Debug] MJD=60700.42335 Obs RA=80.01628 Dec=22.54635 Comp RA=80.02090 Dec=22.54678 ResRA=-15.36486 ResDec=-1.53858
[Residuals Debug] MJD=60703.36362 Obs RA=79.78480 Dec=22.45239 Comp RA=79.78968 Dec=22.45265 ResRA=-16.24606 ResDec=-0.95660
[Residuals Debug] MJD=60703.36685 Obs RA=79.78449 Dec=22.45247 Comp RA=79.78946 Dec=22.45255 ResRA=-16.52037 ResDec=-0.30511
[Residuals Debug] MJD=60703.37196 Obs RA=79.78447 Dec=22.45212 Comp RA=79.78910 Dec=22.45240 ResRA=-15.40142 ResDec=-0.99338
[Residuals Debug] MJD=60703.38181 Obs RA=79.78348 Dec=22.45185 Comp RA=79.78841 Dec=22.45209 ResRA=-16.41033 ResDec=-0.86081
[Residuals Debug] MJD=60708.31541 Obs RA=79.51207 Dec=22.30668 Comp RA=79.51633 Dec=22.30671 ResRA=-14.17115 ResDec=-0.10875
[Residuals Debug] MJD=60708.31866 Obs RA=79.51169 Dec=22.30633 Comp RA=79.51619 Dec=22.30662 ResRA=-14.99555 ResDec=-1.04257
[Residuals Debug] MJD=60708.32190 Obs RA=79.51153 Dec=22.30645 Comp RA=79.51606 Dec=22.30653 ResRA=-15.10143 ResDec=-0.28862
[Residuals Debug] MJD=60708.32519 Obs RA=79.51156 Dec=22.30616 Comp RA=79.51593 Dec=22.30644 ResRA=-14.56060 ResDec=-0.99829
[Residuals Debug] MJD=60708.32565 Obs RA=79.51164 Dec=22.30639 Comp RA=79.51591 Dec=22.30643 ResRA=-14.22169 ResDec=-0.13262
[Residuals Debug] MJD=60708.33122 Obs RA=79.51087 Dec=22.30636 Comp RA=79.51569 Dec=22.30627 ResRA=-16.04003 ResDec=0.32532
[Residuals Debug] MJD=60708.33587 Obs RA=79.51097 Dec=22.30601 Comp RA=79.51550 Dec=22.30614 ResRA=-15.08284 ResDec=-0.46944
[Residuals Debug] MJD=60734.12398 Obs RA=80.37878 Dec=21.80351 Comp RA=80.38108 Dec=21.80371 ResRA=-7.71303 ResDec=-0.70385
[Residuals Debug] MJD=60734.12972 Obs RA=80.37943 Dec=21.80334 Comp RA=80.38167 Dec=21.80364 ResRA=-7.48594 ResDec=-1.07258
[Residuals Debug] MJD=60734.13548 Obs RA=80.37999 Dec=21.80326 Comp RA=80.38227 Dec=21.80357 ResRA=-7.60085 ResDec=-1.10045
[Residuals Debug] MJD=60734.14122 Obs RA=80.38052 Dec=21.80323 Comp RA=80.38286 Dec=21.80350 ResRA=-7.81912 ResDec=-0.95947
[Residuals Debug] MJD=60735.11949 Obs RA=80.48368 Dec=21.79158 Comp RA=80.48583 Dec=21.79183 ResRA=-7.19149 ResDec=-0.88685
[Residuals Debug] MJD=60735.12523 Obs RA=80.48424 Dec=21.79153 Comp RA=80.48645 Dec=21.79176 ResRA=-7.39022 ResDec=-0.82488
[Residuals Debug] MJD=60735.13205 Obs RA=80.48495 Dec=21.79147 Comp RA=80.48719 Dec=21.79168 ResRA=-7.49336 ResDec=-0.75715
[Residuals Debug] MJD=60735.13780 Obs RA=80.48557 Dec=21.79136 Comp RA=80.48781 Dec=21.79161 ResRA=-7.45936 ResDec=-0.90496
Iter  1: RMS = 11.527 arcsec, ||Δx|| = 1.84e-04 AU, Outliers(100.0σ) = 0
[Residuals Debug] MJD=60665.38362 Obs RA=86.04160 Dec=23.90198 Comp RA=86.04206 Dec=23.90226 ResRA=-1.49028 ResDec=-1.00191
[Residuals Debug] MJD=60665.38890 Obs RA=86.04036 Dec=23.90181 Comp RA=86.04086 Dec=23.90206 ResRA=-1.64503 ResDec=-0.87844
[Residuals Debug] MJD=60665.43438 Obs RA=86.03053 Dec=23.90044 Comp RA=86.03053 Dec=23.90030 ResRA=-0.00241 ResDec=0.50267
[Residuals Debug] MJD=60665.43761 Obs RA=86.02969 Dec=23.90015 Comp RA=86.02980 Dec=23.90017 ResRA=-0.34665 ResDec=-0.08864
[Residuals Debug] MJD=60665.44362 Obs RA=86.02835 Dec=23.89997 Comp RA=86.02843 Dec=23.89994 ResRA=-0.27139 ResDec=0.09680
[Residuals Debug] MJD=60665.47677 Obs RA=86.02057 Dec=23.89860 Comp RA=86.02091 Dec=23.89866 ResRA=-1.10268 ResDec=-0.22388
[Residuals Debug] MJD=60667.45705 Obs RA=85.57328 Dec=23.82157 Comp RA=85.57341 Dec=23.82153 ResRA=-0.44356 ResDec=0.13258
[Residuals Debug] MJD=60667.46028 Obs RA=85.57247 Dec=23.82142 Comp RA=85.57269 Dec=23.82141 ResRA=-0.71153 ResDec=0.04961
[Residuals Debug] MJD=60667.46702 Obs RA=85.57102 Dec=23.82117 Comp RA=85.57117 Dec=23.82114 ResRA=-0.49738 ResDec=0.10214
[Residuals Debug] MJD=60667.47818 Obs RA=85.56835 Dec=23.82074 Comp RA=85.56866 Dec=23.82070 ResRA=-1.03001 ResDec=0.12987
[Residuals Debug] MJD=60669.40997 Obs RA=85.13747 Dec=23.74429 Comp RA=85.13726 Dec=23.74435 ResRA=0.68907 ResDec=-0.20515
[Residuals Debug] MJD=60669.44196 Obs RA=85.12999 Dec=23.74309 Comp RA=85.13017 Dec=23.74307 ResRA=-0.58410 ResDec=0.05627
[Residuals Debug] MJD=60669.44479 Obs RA=85.12934 Dec=23.74286 Comp RA=85.12954 Dec=23.74296 ResRA=-0.65951 ResDec=-0.35856
[Residuals Debug] MJD=60669.46973 Obs RA=85.12366 Dec=23.74194 Comp RA=85.12401 Dec=23.74197 ResRA=-1.17086 ResDec=-0.10621
[Residuals Debug] MJD=60669.86640 Obs RA=85.03646 Dec=23.72592 Comp RA=85.03624 Dec=23.72617 ResRA=0.72026 ResDec=-0.87944
[Residuals Debug] MJD=60669.88099 Obs RA=85.03315 Dec=23.72528 Comp RA=85.03302 Dec=23.72558 ResRA=0.43801 ResDec=-1.08459
[Residuals Debug] MJD=60669.89561 Obs RA=85.02986 Dec=23.72470 Comp RA=85.02979 Dec=23.72500 ResRA=0.22974 ResDec=-1.08555
[Residuals Debug] MJD=60673.29802 Obs RA=84.29098 Dec=23.58807 Comp RA=84.29075 Dec=23.58816 ResRA=0.73165 ResDec=-0.34871
[Residuals Debug] MJD=60673.30776 Obs RA=84.28884 Dec=23.58769 Comp RA=84.28868 Dec=23.58777 ResRA=0.54085 ResDec=-0.27937
[Residuals Debug] MJD=60673.31741 Obs RA=84.28675 Dec=23.58730 Comp RA=84.28662 Dec=23.58738 ResRA=0.41177 ResDec=-0.27266
[Residuals Debug] MJD=60673.32712 Obs RA=84.28460 Dec=23.58694 Comp RA=84.28455 Dec=23.58699 ResRA=0.16403 ResDec=-0.17615
[Residuals Debug] MJD=60673.40335 Obs RA=84.26785 Dec=23.58396 Comp RA=84.26831 Dec=23.58390 ResRA=-1.53044 ResDec=0.22785
[Residuals Debug] MJD=60673.40607 Obs RA=84.26730 Dec=23.58365 Comp RA=84.26773 Dec=23.58379 ResRA=-1.43317 ResDec=-0.49524
[Residuals Debug] MJD=60673.40653 Obs RA=84.26717 Dec=23.58380 Comp RA=84.26764 Dec=23.58377 ResRA=-1.54186 ResDec=0.11067
[Residuals Debug] MJD=60673.40972 Obs RA=84.26641 Dec=23.58360 Comp RA=84.26696 Dec=23.58364 ResRA=-1.81848 ResDec=-0.14448
[Residuals Debug] MJD=60673.41198 Obs RA=84.26597 Dec=23.58361 Comp RA=84.26648 Dec=23.58355 ResRA=-1.67044 ResDec=0.22594
[Residuals Debug] MJD=60673.41525 Obs RA=84.26516 Dec=23.58348 Comp RA=84.26578 Dec=23.58342 ResRA=-2.05810 ResDec=0.23204
[Residuals Debug] MJD=60673.44808 Obs RA=84.25789 Dec=23.58205 Comp RA=84.25879 Dec=23.58209 ResRA=-2.97799 ResDec=-0.12980
[Residuals Debug] MJD=60674.41951 Obs RA=84.05270 Dec=23.54274 Comp RA=84.05338 Dec=23.54268 ResRA=-2.23775 ResDec=0.20485
[Residuals Debug] MJD=60674.42260 Obs RA=84.05196 Dec=23.54254 Comp RA=84.05273 Dec=23.54256 ResRA=-2.53867 ResDec=-0.06250
[Residuals Debug] MJD=60674.42805 Obs RA=84.05077 Dec=23.54222 Comp RA=84.05158 Dec=23.54234 ResRA=-2.68098 ResDec=-0.41611
[Residuals Debug] MJD=60674.46332 Obs RA=84.04325 Dec=23.54096 Comp RA=84.04418 Dec=23.54090 ResRA=-3.05696 ResDec=0.21008
[Residuals Debug] MJD=60677.23612 Obs RA=83.47275 Dec=23.42780 Comp RA=83.47357 Dec=23.42805 ResRA=-2.71528 ResDec=-0.89578
[Residuals Debug] MJD=60677.24137 Obs RA=83.47163 Dec=23.42766 Comp RA=83.47251 Dec=23.42783 ResRA=-2.93527 ResDec=-0.62469
[Residuals Debug] MJD=60677.24661 Obs RA=83.47052 Dec=23.42745 Comp RA=83.47146 Dec=23.42762 ResRA=-3.11248 ResDec=-0.61625
[Residuals Debug] MJD=60677.25187 Obs RA=83.46945 Dec=23.42722 Comp RA=83.47040 Dec=23.42741 ResRA=-3.14106 ResDec=-0.67532
[Residuals Debug] MJD=60677.39311 Obs RA=83.44105 Dec=23.42171 Comp RA=83.44200 Dec=23.42165 ResRA=-3.15281 ResDec=0.21167
[Residuals Debug] MJD=60677.39921 Obs RA=83.43969 Dec=23.42139 Comp RA=83.44078 Dec=23.42140 ResRA=-3.59105 ResDec=-0.05302
[Residuals Debug] MJD=60677.40239 Obs RA=83.43896 Dec=23.42129 Comp RA=83.44014 Dec=23.42127 ResRA=-3.90702 ResDec=0.05283
[Residuals Debug] MJD=60677.43789 Obs RA=83.43154 Dec=23.41984 Comp RA=83.43302 Dec=23.41983 ResRA=-4.86784 ResDec=0.04013
[Residuals Debug] MJD=60678.37555 Obs RA=83.24524 Dec=23.38166 Comp RA=83.24640 Dec=23.38163 ResRA=-3.81606 ResDec=0.10799
[Residuals Debug] MJD=60678.37872 Obs RA=83.24467 Dec=23.38156 Comp RA=83.24577 Dec=23.38150 ResRA=-3.63362 ResDec=0.21303
[Residuals Debug] MJD=60678.38431 Obs RA=83.24350 Dec=23.38134 Comp RA=83.24467 Dec=23.38127 ResRA=-3.85845 ResDec=0.23228
[Residuals Debug] MJD=60679.38587 Obs RA=83.04776 Dec=23.34064 Comp RA=83.04885 Dec=23.34051 ResRA=-3.59838 ResDec=0.46522
[Residuals Debug] MJD=60679.39120 Obs RA=83.04662 Dec=23.34037 Comp RA=83.04782 Dec=23.34029 ResRA=-3.94722 ResDec=0.27550
[Residuals Debug] MJD=60679.39440 Obs RA=83.04564 Dec=23.34004 Comp RA=83.04720 Dec=23.34016 ResRA=-5.13629 ResDec=-0.44610
[Residuals Debug] MJD=60679.40740 Obs RA=83.04320 Dec=23.33968 Comp RA=83.04468 Dec=23.33963 ResRA=-4.88522 ResDec=0.16791
[Residuals Debug] MJD=60680.39223 Obs RA=82.85477 Dec=23.29974 Comp RA=82.85589 Dec=23.29962 ResRA=-3.69306 ResDec=0.43433
[Residuals Debug] MJD=60680.39914 Obs RA=82.85340 Dec=23.29946 Comp RA=82.85458 Dec=23.29934 ResRA=-3.88720 ResDec=0.44457
[Residuals Debug] MJD=60680.40281 Obs RA=82.85255 Dec=23.29920 Comp RA=82.85388 Dec=23.29919 ResRA=-4.39820 ResDec=0.04008
[Residuals Debug] MJD=60680.41359 Obs RA=82.85045 Dec=23.29873 Comp RA=82.85183 Dec=23.29875 ResRA=-4.57417 ResDec=-0.07368
[Residuals Debug] MJD=60684.31089 Obs RA=82.14366 Dec=23.14181 Comp RA=82.14391 Dec=23.14166 ResRA=-0.84884 ResDec=0.54812
[Residuals Debug] MJD=60684.31378 Obs RA=82.14298 Dec=23.14175 Comp RA=82.14341 Dec=23.14154 ResRA=-1.43734 ResDec=0.74448
[Residuals Debug] MJD=60684.31836 Obs RA=82.14209 Dec=23.14170 Comp RA=82.14262 Dec=23.14136 ResRA=-1.75314 ResDec=1.22229
[Residuals Debug] MJD=60684.32726 Obs RA=82.14092 Dec=23.14141 Comp RA=82.14108 Dec=23.14101 ResRA=-0.52897 ResDec=1.46192
[Residuals Debug] MJD=60693.70292 Obs RA=80.73342 Dec=22.78019 Comp RA=80.73345 Dec=22.78038 ResRA=-0.11157 ResDec=-0.66720
[Residuals Debug] MJD=60693.71706 Obs RA=80.73154 Dec=22.77969 Comp RA=80.73167 Dec=22.77986 ResRA=-0.44090 ResDec=-0.60494
[Residuals Debug] MJD=60693.73120 Obs RA=80.72975 Dec=22.77917 Comp RA=80.72990 Dec=22.77935 ResRA=-0.49771 ResDec=-0.64315
[Residuals Debug] MJD=60694.11897 Obs RA=80.68265 Dec=22.76512 Comp RA=80.68167 Dec=22.76520 ResRA=3.24119 ResDec=-0.29567
[Residuals Debug] MJD=60694.12457 Obs RA=80.68194 Dec=22.76492 Comp RA=80.68098 Dec=22.76500 ResRA=3.19929 ResDec=-0.28109
[Residuals Debug] MJD=60694.13018 Obs RA=80.68119 Dec=22.76470 Comp RA=80.68029 Dec=22.76479 ResRA=3.00385 ResDec=-0.33682
[Residuals Debug] MJD=60694.13580 Obs RA=80.68048 Dec=22.76453 Comp RA=80.67959 Dec=22.76459 ResRA=2.95024 ResDec=-0.21130
[Residuals Debug] MJD=60695.23659 Obs RA=80.54839 Dec=22.72494 Comp RA=80.54733 Dec=22.72485 ResRA=3.51057 ResDec=0.31280
[Residuals Debug] MJD=60695.24743 Obs RA=80.54706 Dec=22.72456 Comp RA=80.54607 Dec=22.72446 ResRA=3.30716 ResDec=0.34966
[Residuals Debug] MJD=60695.25830 Obs RA=80.54575 Dec=22.72418 Comp RA=80.54479 Dec=22.72407 ResRA=3.15899 ResDec=0.39158
[Residuals Debug] MJD=60695.26915 Obs RA=80.54441 Dec=22.72380 Comp RA=80.54353 Dec=22.72369 ResRA=2.93129 ResDec=0.41058
[Residuals Debug] MJD=60696.34625 Obs RA=80.42116 Dec=22.68559 Comp RA=80.42090 Dec=22.68542 ResRA=0.86888 ResDec=0.59504
[Residuals Debug] MJD=60696.35570 Obs RA=80.41989 Dec=22.68548 Comp RA=80.41985 Dec=22.68509 ResRA=0.13794 ResDec=1.40353
[Residuals Debug] MJD=60696.35802 Obs RA=80.41989 Dec=22.68500 Comp RA=80.41959 Dec=22.68501 ResRA=0.99056 ResDec=-0.03245
[Residuals Debug] MJD=60696.36124 Obs RA=80.41930 Dec=22.68479 Comp RA=80.41924 Dec=22.68490 ResRA=0.20994 ResDec=-0.38392
[Residuals Debug] MJD=60696.36636 Obs RA=80.41872 Dec=22.68492 Comp RA=80.41867 Dec=22.68472 ResRA=0.16884 ResDec=0.73544
[Residuals Debug] MJD=60696.36683 Obs RA=80.41878 Dec=22.68467 Comp RA=80.41862 Dec=22.68470 ResRA=0.53502 ResDec=-0.10508
[Residuals Debug] MJD=60696.37814 Obs RA=80.41738 Dec=22.68489 Comp RA=80.41737 Dec=22.68430 ResRA=0.04024 ResDec=2.11864
[Residuals Debug] MJD=60698.19400 Obs RA=80.22613 Dec=22.62111 Comp RA=80.22592 Dec=22.62124 ResRA=0.70359 ResDec=-0.47775
[Residuals Debug] MJD=60698.19979 Obs RA=80.22557 Dec=22.62091 Comp RA=80.22534 Dec=22.62105 ResRA=0.75064 ResDec=-0.48366
[Residuals Debug] MJD=60698.20559 Obs RA=80.22493 Dec=22.62072 Comp RA=80.22476 Dec=22.62085 ResRA=0.57585 ResDec=-0.45952
[Residuals Debug] MJD=60698.21140 Obs RA=80.22402 Dec=22.62061 Comp RA=80.22418 Dec=22.62065 ResRA=-0.52429 ResDec=-0.13434
[Residuals Debug] MJD=60700.39986 Obs RA=80.01828 Dec=22.54714 Comp RA=80.01900 Dec=22.54717 ResRA=-2.39598 ResDec=-0.12740
[Residuals Debug] MJD=60700.40267 Obs RA=80.01819 Dec=22.54712 Comp RA=80.01875 Dec=22.54708 ResRA=-1.87013 ResDec=0.13591
[Residuals Debug] MJD=60700.41161 Obs RA=80.01731 Dec=22.54695 Comp RA=80.01797 Dec=22.54679 ResRA=-2.21373 ResDec=0.58449
[Residuals Debug] MJD=60700.42335 Obs RA=80.01628 Dec=22.54635 Comp RA=80.01695 Dec=22.54640 ResRA=-2.22958 ResDec=-0.18451
[Residuals Debug] MJD=60703.36362 Obs RA=79.78480 Dec=22.45239 Comp RA=79.78593 Dec=22.45230 ResRA=-3.76789 ResDec=0.33361
[Residuals Debug] MJD=60703.36685 Obs RA=79.78449 Dec=22.45247 Comp RA=79.78571 Dec=22.45220 ResRA=-4.04295 ResDec=0.98502
[Residuals Debug] MJD=60703.37196 Obs RA=79.78447 Dec=22.45212 Comp RA=79.78535 Dec=22.45204 ResRA=-2.92512 ResDec=0.29663
[Residuals Debug] MJD=60703.38181 Obs RA=79.78348 Dec=22.45185 Comp RA=79.78466 Dec=22.45173 ResRA=-3.93625 ResDec=0.42895
[Residuals Debug] MJD=60708.31541 Obs RA=79.51207 Dec=22.30668 Comp RA=79.51291 Dec=22.30639 ResRA=-2.79907 ResDec=1.03791
[Residuals Debug] MJD=60708.31866 Obs RA=79.51169 Dec=22.30633 Comp RA=79.51278 Dec=22.30630 ResRA=-3.62416 ResDec=0.10398
[Residuals Debug] MJD=60708.32190 Obs RA=79.51153 Dec=22.30645 Comp RA=79.51265 Dec=22.30621 ResRA=-3.73077 ResDec=0.85782
[Residuals Debug] MJD=60708.32519 Obs RA=79.51156 Dec=22.30616 Comp RA=79.51252 Dec=22.30612 ResRA=-3.19065 ResDec=0.14805
[Residuals Debug] MJD=60708.32565 Obs RA=79.51164 Dec=22.30639 Comp RA=79.51250 Dec=22.30611 ResRA=-2.85186 ResDec=1.01371
[Residuals Debug] MJD=60708.33122 Obs RA=79.51087 Dec=22.30636 Comp RA=79.51227 Dec=22.30595 ResRA=-4.67143 ResDec=1.47146
[Residuals Debug] MJD=60708.33587 Obs RA=79.51097 Dec=22.30601 Comp RA=79.51209 Dec=22.30582 ResRA=-3.71525 ResDec=0.67655
[Residuals Debug] MJD=60734.12398 Obs RA=80.37878 Dec=21.80351 Comp RA=80.37887 Dec=21.80369 ResRA=-0.33187 ResDec=-0.63143
[Residuals Debug] MJD=60734.12972 Obs RA=80.37943 Dec=21.80334 Comp RA=80.37946 Dec=21.80362 ResRA=-0.10512 ResDec=-1.00041
[Residuals Debug] MJD=60734.13548 Obs RA=80.37999 Dec=21.80326 Comp RA=80.38006 Dec=21.80355 ResRA=-0.22037 ResDec=-1.02853
[Residuals Debug] MJD=60734.14122 Obs RA=80.38052 Dec=21.80323 Comp RA=80.38065 Dec=21.80348 ResRA=-0.43899 ResDec=-0.88779
[Residuals Debug] MJD=60735.11949 Obs RA=80.48368 Dec=21.79158 Comp RA=80.48364 Dec=21.79182 ResRA=0.13483 ResDec=-0.85765
[Residuals Debug] MJD=60735.12523 Obs RA=80.48424 Dec=21.79153 Comp RA=80.48426 Dec=21.79175 ResRA=-0.06418 ResDec=-0.79594
[Residuals Debug] MJD=60735.13205 Obs RA=80.48495 Dec=21.79147 Comp RA=80.48500 Dec=21.79167 ResRA=-0.16768 ResDec=-0.72850
[Residuals Debug] MJD=60735.13780 Obs RA=80.48557 Dec=21.79136 Comp RA=80.48562 Dec=21.79160 ResRA=-0.13396 ResDec=-0.87656
Iter  2: RMS = 1.797 arcsec, ||Δx|| = 1.50e-05 AU, Outliers(100.0σ) = 0
[Residuals Debug] MJD=60665.38362 Obs RA=86.04160 Dec=23.90198 Comp RA=86.04163 Dec=23.90227 ResRA=-0.09209 ResDec=-1.04257
[Residuals Debug] MJD=60665.38890 Obs RA=86.04036 Dec=23.90181 Comp RA=86.04043 Dec=23.90207 ResRA=-0.24682 ResDec=-0.91908
[Residuals Debug] MJD=60665.43438 Obs RA=86.03053 Dec=23.90044 Comp RA=86.03011 Dec=23.90031 ResRA=1.39586 ResDec=0.46225
[Residuals Debug] MJD=60665.43761 Obs RA=86.02969 Dec=23.90015 Comp RA=86.02937 Dec=23.90019 ResRA=1.05163 ResDec=-0.12904
[Residuals Debug] MJD=60665.44362 Obs RA=86.02835 Dec=23.89997 Comp RA=86.02801 Dec=23.89995 ResRA=1.12689 ResDec=0.05643
[Residuals Debug] MJD=60665.47677 Obs RA=86.02057 Dec=23.89860 Comp RA=86.02048 Dec=23.89867 ResRA=0.29565 ResDec=-0.26409
[Residuals Debug] MJD=60667.45705 Obs RA=85.57328 Dec=23.82157 Comp RA=85.57299 Dec=23.82154 ResRA=0.95591 ResDec=0.10172
[Residuals Debug] MJD=60667.46028 Obs RA=85.57247 Dec=23.82142 Comp RA=85.57226 Dec=23.82141 ResRA=0.68793 ResDec=0.01876
[Residuals Debug] MJD=60667.46702 Obs RA=85.57102 Dec=23.82117 Comp RA=85.57075 Dec=23.82115 ResRA=0.90209 ResDec=0.07133
[Residuals Debug] MJD=60667.47818 Obs RA=85.56835 Dec=23.82074 Comp RA=85.56824 Dec=23.82071 ResRA=0.36945 ResDec=0.09910
[Residuals Debug] MJD=60669.40997 Obs RA=85.13747 Dec=23.74429 Comp RA=85.13684 Dec=23.74435 ResRA=2.08620 ResDec=-0.22735
[Residuals Debug] MJD=60669.44196 Obs RA=85.12999 Dec=23.74309 Comp RA=85.12974 Dec=23.74308 ResRA=0.81296 ResDec=0.03420
[Residuals Debug] MJD=60669.44479 Obs RA=85.12934 Dec=23.74286 Comp RA=85.12912 Dec=23.74297 ResRA=0.73754 ResDec=-0.38062
[Residuals Debug] MJD=60669.46973 Obs RA=85.12366 Dec=23.74194 Comp RA=85.12359 Dec=23.74197 ResRA=0.22614 ResDec=-0.12816
[Residuals Debug] MJD=60669.86640 Obs RA=85.03646 Dec=23.72592 Comp RA=85.03582 Dec=23.72617 ResRA=2.11635 ResDec=-0.89970
[Residuals Debug] MJD=60669.88099 Obs RA=85.03315 Dec=23.72528 Comp RA=85.03260 Dec=23.72559 ResRA=1.83406 ResDec=-1.10480
[Residuals Debug] MJD=60669.89561 Obs RA=85.02986 Dec=23.72470 Comp RA=85.02937 Dec=23.72501 ResRA=1.62576 ResDec=-1.10570
[Residuals Debug] MJD=60673.29802 Obs RA=84.29098 Dec=23.58807 Comp RA=84.29033 Dec=23.58817 ResRA=2.11407 ResDec=-0.35553
[Residuals Debug] MJD=60673.30776 Obs RA=84.28884 Dec=23.58769 Comp RA=84.28826 Dec=23.58777 ResRA=1.92321 ResDec=-0.28615
[Residuals Debug] MJD=60673.31741 Obs RA=84.28675 Dec=23.58730 Comp RA=84.28620 Dec=23.58738 ResRA=1.79408 ResDec=-0.27942
[Residuals Debug] MJD=60673.32712 Obs RA=84.28460 Dec=23.58694 Comp RA=84.28413 Dec=23.58699 ResRA=1.54629 ResDec=-0.18287
[Residuals Debug] MJD=60673.40335 Obs RA=84.26785 Dec=23.58396 Comp RA=84.26790 Dec=23.58390 ResRA=-0.14861 ResDec=0.22141
[Residuals Debug] MJD=60673.40607 Obs RA=84.26730 Dec=23.58365 Comp RA=84.26732 Dec=23.58379 ResRA=-0.05135 ResDec=-0.50168
[Residuals Debug] MJD=60673.40653 Obs RA=84.26717 Dec=23.58380 Comp RA=84.26722 Dec=23.58377 ResRA=-0.16004 ResDec=0.10423
[Residuals Debug] MJD=60673.40972 Obs RA=84.26641 Dec=23.58360 Comp RA=84.26654 Dec=23.58364 ResRA=-0.43668 ResDec=-0.15090
[Residuals Debug] MJD=60673.41198 Obs RA=84.26597 Dec=23.58361 Comp RA=84.26606 Dec=23.58355 ResRA=-0.28865 ResDec=0.21953
[Residuals Debug] MJD=60673.41525 Obs RA=84.26516 Dec=23.58348 Comp RA=84.26536 Dec=23.58342 ResRA=-0.67633 ResDec=0.22564
[Residuals Debug] MJD=60673.44808 Obs RA=84.25789 Dec=23.58205 Comp RA=84.25838 Dec=23.58209 ResRA=-1.59640 ResDec=-0.13608
[Residuals Debug] MJD=60674.41951 Obs RA=84.05270 Dec=23.54274 Comp RA=84.05296 Dec=23.54268 ResRA=-0.86198 ResDec=0.20197
[Residuals Debug] MJD=60674.42260 Obs RA=84.05196 Dec=23.54254 Comp RA=84.05231 Dec=23.54256 ResRA=-1.16293 ResDec=-0.06537
[Residuals Debug] MJD=60674.42805 Obs RA=84.05077 Dec=23.54222 Comp RA=84.05117 Dec=23.54234 ResRA=-1.30527 ResDec=-0.41896
[Residuals Debug] MJD=60674.46332 Obs RA=84.04325 Dec=23.54096 Comp RA=84.04376 Dec=23.54090 ResRA=-1.68147 ResDec=0.20735
[Residuals Debug] MJD=60677.23612 Obs RA=83.47275 Dec=23.42780 Comp RA=83.47316 Dec=23.42805 ResRA=-1.36073 ResDec=-0.88981
[Residuals Debug] MJD=60677.24137 Obs RA=83.47163 Dec=23.42766 Comp RA=83.47210 Dec=23.42783 ResRA=-1.58076 ResDec=-0.61871
[Residuals Debug] MJD=60677.24661 Obs RA=83.47052 Dec=23.42745 Comp RA=83.47105 Dec=23.42762 ResRA=-1.75801 ResDec=-0.61026
[Residuals Debug] MJD=60677.25187 Obs RA=83.46945 Dec=23.42722 Comp RA=83.46999 Dec=23.42741 ResRA=-1.78664 ResDec=-0.66931
[Residuals Debug] MJD=60677.39311 Obs RA=83.44105 Dec=23.42171 Comp RA=83.44159 Dec=23.42165 ResRA=-1.79962 ResDec=0.21808
[Residuals Debug] MJD=60677.39921 Obs RA=83.43969 Dec=23.42139 Comp RA=83.44037 Dec=23.42140 ResRA=-2.23791 ResDec=-0.04659
[Residuals Debug] MJD=60677.40239 Obs RA=83.43896 Dec=23.42129 Comp RA=83.43973 Dec=23.42127 ResRA=-2.55391 ResDec=0.05926
[Residuals Debug] MJD=60677.43789 Obs RA=83.43154 Dec=23.41984 Comp RA=83.43261 Dec=23.41983 ResRA=-3.51504 ResDec=0.04667
[Residuals Debug] MJD=60678.37555 Obs RA=83.24524 Dec=23.38166 Comp RA=83.24599 Dec=23.38163 ResRA=-2.47184 ResDec=0.11710
[Residuals Debug] MJD=60678.37872 Obs RA=83.24467 Dec=23.38156 Comp RA=83.24536 Dec=23.38150 ResRA=-2.28943 ResDec=0.22215
[Residuals Debug] MJD=60678.38431 Obs RA=83.24350 Dec=23.38134 Comp RA=83.24426 Dec=23.38127 ResRA=-2.51431 ResDec=0.24141
[Residuals Debug] MJD=60679.38587 Obs RA=83.04776 Dec=23.34064 Comp RA=83.04844 Dec=23.34051 ResRA=-2.26412 ResDec=0.47690
[Residuals Debug] MJD=60679.39120 Obs RA=83.04662 Dec=23.34037 Comp RA=83.04741 Dec=23.34029 ResRA=-2.61302 ResDec=0.28719
[Residuals Debug] MJD=60679.39440 Obs RA=83.04564 Dec=23.34004 Comp RA=83.04679 Dec=23.34016 ResRA=-3.80212 ResDec=-0.43441
[Residuals Debug] MJD=60679.40740 Obs RA=83.04320 Dec=23.33968 Comp RA=83.04427 Dec=23.33963 ResRA=-3.55118 ResDec=0.17964
[Residuals Debug] MJD=60680.39223 Obs RA=82.85477 Dec=23.29974 Comp RA=82.85549 Dec=23.29961 ResRA=-2.36945 ResDec=0.44837
[Residuals Debug] MJD=60680.39914 Obs RA=82.85340 Dec=23.29946 Comp RA=82.85418 Dec=23.29933 ResRA=-2.56367 ResDec=0.45862
[Residuals Debug] MJD=60680.40281 Obs RA=82.85255 Dec=23.29920 Comp RA=82.85348 Dec=23.29918 ResRA=-3.07470 ResDec=0.05414
[Residuals Debug] MJD=60680.41359 Obs RA=82.85045 Dec=23.29873 Comp RA=82.85143 Dec=23.29875 ResRA=-3.25079 ResDec=-0.05959
[Residuals Debug] MJD=60684.31089 Obs RA=82.14366 Dec=23.14181 Comp RA=82.14353 Dec=23.14165 ResRA=0.42699 ResDec=0.56939
[Residuals Debug] MJD=60684.31378 Obs RA=82.14298 Dec=23.14175 Comp RA=82.14303 Dec=23.14154 ResRA=-0.16155 ResDec=0.76575
[Residuals Debug] MJD=60684.31836 Obs RA=82.14209 Dec=23.14170 Comp RA=82.14224 Dec=23.14135 ResRA=-0.47742 ResDec=1.24357
[Residuals Debug] MJD=60684.32726 Obs RA=82.14092 Dec=23.14141 Comp RA=82.14070 Dec=23.14100 ResRA=0.74664 ResDec=1.48321
[Residuals Debug] MJD=60693.70292 Obs RA=80.73342 Dec=22.78019 Comp RA=80.73311 Dec=22.78037 ResRA=1.01802 ResDec=-0.64073
[Residuals Debug] MJD=60693.71706 Obs RA=80.73154 Dec=22.77969 Comp RA=80.73133 Dec=22.77986 ResRA=0.68845 ResDec=-0.57847
[Residuals Debug] MJD=60693.73120 Obs RA=80.72975 Dec=22.77917 Comp RA=80.72956 Dec=22.77934 ResRA=0.63140 ResDec=-0.61668
[Residuals Debug] MJD=60694.11897 Obs RA=80.68265 Dec=22.76512 Comp RA=80.68133 Dec=22.76519 ResRA=4.36358 ResDec=-0.26933
[Residuals Debug] MJD=60694.12457 Obs RA=80.68194 Dec=22.76492 Comp RA=80.68064 Dec=22.76499 ResRA=4.32159 ResDec=-0.25475
[Residuals Debug] MJD=60694.13018 Obs RA=80.68119 Dec=22.76470 Comp RA=80.67995 Dec=22.76479 ResRA=4.12605 ResDec=-0.31049
[Residuals Debug] MJD=60694.13580 Obs RA=80.68048 Dec=22.76453 Comp RA=80.67926 Dec=22.76458 ResRA=4.07234 ResDec=-0.18497
[Residuals Debug] MJD=60695.23659 Obs RA=80.54839 Dec=22.72494 Comp RA=80.54700 Dec=22.72484 ResRA=4.61341 ResDec=0.33863
[Residuals Debug] MJD=60695.24743 Obs RA=80.54706 Dec=22.72456 Comp RA=80.54573 Dec=22.72446 ResRA=4.40981 ResDec=0.37548
[Residuals Debug] MJD=60695.25830 Obs RA=80.54575 Dec=22.72418 Comp RA=80.54446 Dec=22.72407 ResRA=4.26145 ResDec=0.41740
[Residuals Debug] MJD=60695.26915 Obs RA=80.54441 Dec=22.72380 Comp RA=80.54319 Dec=22.72368 ResRA=4.03355 ResDec=0.43639
[Residuals Debug] MJD=60696.34625 Obs RA=80.42116 Dec=22.68559 Comp RA=80.42057 Dec=22.68542 ResRA=1.95206 ResDec=0.62017
[Residuals Debug] MJD=60696.35570 Obs RA=80.41989 Dec=22.68548 Comp RA=80.41952 Dec=22.68508 ResRA=1.22094 ResDec=1.42866
[Residuals Debug] MJD=60696.35802 Obs RA=80.41989 Dec=22.68500 Comp RA=80.41927 Dec=22.68500 ResRA=2.07352 ResDec=-0.00733
[Residuals Debug] MJD=60696.36124 Obs RA=80.41930 Dec=22.68479 Comp RA=80.41891 Dec=22.68489 ResRA=1.29285 ResDec=-0.35880
[Residuals Debug] MJD=60696.36636 Obs RA=80.41872 Dec=22.68492 Comp RA=80.41834 Dec=22.68471 ResRA=1.25166 ResDec=0.76056
[Residuals Debug] MJD=60696.36683 Obs RA=80.41878 Dec=22.68467 Comp RA=80.41829 Dec=22.68469 ResRA=1.61783 ResDec=-0.07996
[Residuals Debug] MJD=60696.37814 Obs RA=80.41738 Dec=22.68489 Comp RA=80.41704 Dec=22.68429 ResRA=1.12285 ResDec=2.14374
[Residuals Debug] MJD=60698.19400 Obs RA=80.22613 Dec=22.62111 Comp RA=80.22561 Dec=22.62124 ResRA=1.75358 ResDec=-0.45419
[Residuals Debug] MJD=60698.19979 Obs RA=80.22557 Dec=22.62091 Comp RA=80.22502 Dec=22.62104 ResRA=1.80053 ResDec=-0.46011
[Residuals Debug] MJD=60698.20559 Obs RA=80.22493 Dec=22.62072 Comp RA=80.22444 Dec=22.62084 ResRA=1.62563 ResDec=-0.43598
[Residuals Debug] MJD=60698.21140 Obs RA=80.22402 Dec=22.62061 Comp RA=80.22386 Dec=22.62064 ResRA=0.52539 ResDec=-0.11080
[Residuals Debug] MJD=60700.39986 Obs RA=80.01828 Dec=22.54714 Comp RA=80.01870 Dec=22.54717 ResRA=-1.38607 ResDec=-0.10635
[Residuals Debug] MJD=60700.40267 Obs RA=80.01819 Dec=22.54712 Comp RA=80.01845 Dec=22.54708 ResRA=-0.86028 ResDec=0.15695
[Residuals Debug] MJD=60700.41161 Obs RA=80.01731 Dec=22.54695 Comp RA=80.01767 Dec=22.54678 ResRA=-1.20403 ResDec=0.60553
[Residuals Debug] MJD=60700.42335 Obs RA=80.01628 Dec=22.54635 Comp RA=80.01665 Dec=22.54640 ResRA=-1.22009 ResDec=-0.16349
[Residuals Debug] MJD=60703.36362 Obs RA=79.78480 Dec=22.45239 Comp RA=79.78565 Dec=22.45229 ResRA=-2.81208 ResDec=0.35033
[Residuals Debug] MJD=60703.36685 Obs RA=79.78449 Dec=22.45247 Comp RA=79.78542 Dec=22.45219 ResRA=-3.08719 ResDec=1.00173
[Residuals Debug] MJD=60703.37196 Obs RA=79.78447 Dec=22.45212 Comp RA=79.78506 Dec=22.45203 ResRA=-1.96945 ResDec=0.31333
[Residuals Debug] MJD=60703.38181 Obs RA=79.78348 Dec=22.45185 Comp RA=79.78438 Dec=22.45173 ResRA=-2.98076 ResDec=0.44564
[Residuals Debug] MJD=60708.31541 Obs RA=79.51207 Dec=22.30668 Comp RA=79.51265 Dec=22.30639 ResRA=-1.93233 ResDec=1.04535
[Residuals Debug] MJD=60708.31866 Obs RA=79.51169 Dec=22.30633 Comp RA=79.51252 Dec=22.30630 ResRA=-2.75747 ResDec=0.11142
[Residuals Debug] MJD=60708.32190 Obs RA=79.51153 Dec=22.30645 Comp RA=79.51239 Dec=22.30621 ResRA=-2.86415 ResDec=0.86525
[Residuals Debug] MJD=60708.32519 Obs RA=79.51156 Dec=22.30616 Comp RA=79.51226 Dec=22.30612 ResRA=-2.32408 ResDec=0.15547
[Residuals Debug] MJD=60708.32565 Obs RA=79.51164 Dec=22.30639 Comp RA=79.51224 Dec=22.30611 ResRA=-1.98530 ResDec=1.02113
[Residuals Debug] MJD=60708.33122 Obs RA=79.51087 Dec=22.30636 Comp RA=79.51201 Dec=22.30595 ResRA=-3.80498 ResDec=1.47887
[Residuals Debug] MJD=60708.33587 Obs RA=79.51097 Dec=22.30601 Comp RA=79.51183 Dec=22.30582 ResRA=-2.84887 ResDec=0.68395
[Residuals Debug] MJD=60734.12398 Obs RA=80.37878 Dec=21.80351 Comp RA=80.37872 Dec=21.80370 ResRA=0.19406 ResDec=-0.68940
[Residuals Debug] MJD=60734.12972 Obs RA=80.37943 Dec=21.80334 Comp RA=80.37931 Dec=21.80363 ResRA=0.42077 ResDec=-1.05840
[Residuals Debug] MJD=60734.13548 Obs RA=80.37999 Dec=21.80326 Comp RA=80.37990 Dec=21.80356 ResRA=0.30547 ResDec=-1.08653
[Residuals Debug] MJD=60734.14122 Obs RA=80.38052 Dec=21.80323 Comp RA=80.38049 Dec=21.80349 ResRA=0.08681 ResDec=-0.94581
[Residuals Debug] MJD=60735.11949 Obs RA=80.48368 Dec=21.79158 Comp RA=80.48349 Dec=21.79184 ResRA=0.65386 ResDec=-0.91818
[Residuals Debug] MJD=60735.12523 Obs RA=80.48424 Dec=21.79153 Comp RA=80.48411 Dec=21.79177 ResRA=0.45481 ResDec=-0.85647
[Residuals Debug] MJD=60735.13205 Obs RA=80.48495 Dec=21.79147 Comp RA=80.48484 Dec=21.79169 ResRA=0.35127 ResDec=-0.78905
[Residuals Debug] MJD=60735.13780 Obs RA=80.48557 Dec=21.79136 Comp RA=80.48546 Dec=21.79162 ResRA=0.38494 ResDec=-0.93713
Iter  3: RMS = 1.543 arcsec, ||Δx|| = 1.49e-06 AU, Outliers(100.0σ) = 0
[Residuals Debug] MJD=60665.38362 Obs RA=86.04160 Dec=23.90198 Comp RA=86.04160 Dec=23.90227 ResRA=0.02952 ResDec=-1.04500
[Residuals Debug] MJD=60665.38890 Obs RA=86.04036 Dec=23.90181 Comp RA=86.04040 Dec=23.90207 ResRA=-0.12522 ResDec=-0.92151
[Residuals Debug] MJD=60665.43438 Obs RA=86.03053 Dec=23.90044 Comp RA=86.03007 Dec=23.90031 ResRA=1.51743 ResDec=0.45983
[Residuals Debug] MJD=60665.43761 Obs RA=86.02969 Dec=23.90015 Comp RA=86.02934 Dec=23.90019 ResRA=1.17319 ResDec=-0.13145
[Residuals Debug] MJD=60665.44362 Obs RA=86.02835 Dec=23.89997 Comp RA=86.02797 Dec=23.89995 ResRA=1.24846 ResDec=0.05401
[Residuals Debug] MJD=60665.47677 Obs RA=86.02057 Dec=23.89860 Comp RA=86.02044 Dec=23.89867 ResRA=0.41720 ResDec=-0.26650
[Residuals Debug] MJD=60667.45705 Obs RA=85.57328 Dec=23.82157 Comp RA=85.57295 Dec=23.82154 ResRA=1.07608 ResDec=0.09989
[Residuals Debug] MJD=60667.46028 Obs RA=85.57247 Dec=23.82142 Comp RA=85.57223 Dec=23.82141 ResRA=0.80811 ResDec=0.01694
[Residuals Debug] MJD=60667.46702 Obs RA=85.57102 Dec=23.82117 Comp RA=85.57071 Dec=23.82115 ResRA=1.02226 ResDec=0.06951
[Residuals Debug] MJD=60667.47818 Obs RA=85.56835 Dec=23.82074 Comp RA=85.56820 Dec=23.82071 ResRA=0.48961 ResDec=0.09728
[Residuals Debug] MJD=60669.40997 Obs RA=85.13747 Dec=23.74429 Comp RA=85.13680 Dec=23.74435 ResRA=2.20483 ResDec=-0.22864
[Residuals Debug] MJD=60669.44196 Obs RA=85.12999 Dec=23.74309 Comp RA=85.12971 Dec=23.74308 ResRA=0.93156 ResDec=0.03292
[Residuals Debug] MJD=60669.44479 Obs RA=85.12934 Dec=23.74286 Comp RA=85.12908 Dec=23.74297 ResRA=0.85615 ResDec=-0.38190
[Residuals Debug] MJD=60669.46973 Obs RA=85.12366 Dec=23.74194 Comp RA=85.12355 Dec=23.74197 ResRA=0.34472 ResDec=-0.12944
[Residuals Debug] MJD=60669.86640 Obs RA=85.03646 Dec=23.72592 Comp RA=85.03578 Dec=23.72617 ResRA=2.23459 ResDec=-0.90088
[Residuals Debug] MJD=60669.88099 Obs RA=85.03315 Dec=23.72528 Comp RA=85.03256 Dec=23.72559 ResRA=1.95230 ResDec=-1.10596
[Residuals Debug] MJD=60669.89561 Obs RA=85.02986 Dec=23.72470 Comp RA=85.02933 Dec=23.72501 ResRA=1.74398 ResDec=-1.10686
[Residuals Debug] MJD=60673.29802 Obs RA=84.29098 Dec=23.58807 Comp RA=84.29030 Dec=23.58817 ResRA=2.22909 ResDec=-0.35588
[Residuals Debug] MJD=60673.30776 Obs RA=84.28884 Dec=23.58769 Comp RA=84.28822 Dec=23.58777 ResRA=2.03822 ResDec=-0.28650
[Residuals Debug] MJD=60673.31741 Obs RA=84.28675 Dec=23.58730 Comp RA=84.28617 Dec=23.58738 ResRA=1.90908 ResDec=-0.27977
[Residuals Debug] MJD=60673.32712 Obs RA=84.28460 Dec=23.58694 Comp RA=84.28410 Dec=23.58699 ResRA=1.66128 ResDec=-0.18322
[Residuals Debug] MJD=60673.40335 Obs RA=84.26785 Dec=23.58396 Comp RA=84.26786 Dec=23.58390 ResRA=-0.03369 ResDec=0.22108
[Residuals Debug] MJD=60673.40607 Obs RA=84.26730 Dec=23.58365 Comp RA=84.26728 Dec=23.58379 ResRA=0.06356 ResDec=-0.50200
[Residuals Debug] MJD=60673.40653 Obs RA=84.26717 Dec=23.58380 Comp RA=84.26718 Dec=23.58377 ResRA=-0.04513 ResDec=0.10391
[Residuals Debug] MJD=60673.40972 Obs RA=84.26641 Dec=23.58360 Comp RA=84.26651 Dec=23.58364 ResRA=-0.32177 ResDec=-0.15123
[Residuals Debug] MJD=60673.41198 Obs RA=84.26597 Dec=23.58361 Comp RA=84.26602 Dec=23.58355 ResRA=-0.17375 ResDec=0.21920
[Residuals Debug] MJD=60673.41525 Obs RA=84.26516 Dec=23.58348 Comp RA=84.26533 Dec=23.58342 ResRA=-0.56142 ResDec=0.22531
[Residuals Debug] MJD=60673.44808 Obs RA=84.25789 Dec=23.58205 Comp RA=84.25834 Dec=23.58209 ResRA=-1.48153 ResDec=-0.13640
[Residuals Debug] MJD=60674.41951 Obs RA=84.05270 Dec=23.54274 Comp RA=84.05293 Dec=23.54268 ResRA=-0.74813 ResDec=0.20186
[Residuals Debug] MJD=60674.42260 Obs RA=84.05196 Dec=23.54254 Comp RA=84.05228 Dec=23.54256 ResRA=-1.04907 ResDec=-0.06548
[Residuals Debug] MJD=60674.42805 Obs RA=84.05077 Dec=23.54222 Comp RA=84.05113 Dec=23.54234 ResRA=-1.19142 ResDec=-0.41908
[Residuals Debug] MJD=60674.46332 Obs RA=84.04325 Dec=23.54096 Comp RA=84.04372 Dec=23.54090 ResRA=-1.56766 ResDec=0.20724
[Residuals Debug] MJD=60677.23612 Obs RA=83.47275 Dec=23.42780 Comp RA=83.47313 Dec=23.42805 ResRA=-1.25003 ResDec=-0.88940
[Residuals Debug] MJD=60677.24137 Obs RA=83.47163 Dec=23.42766 Comp RA=83.47207 Dec=23.42783 ResRA=-1.47006 ResDec=-0.61830
[Residuals Debug] MJD=60677.24661 Obs RA=83.47052 Dec=23.42745 Comp RA=83.47102 Dec=23.42762 ResRA=-1.64733 ResDec=-0.60984
[Residuals Debug] MJD=60677.25187 Obs RA=83.46945 Dec=23.42722 Comp RA=83.46996 Dec=23.42741 ResRA=-1.67596 ResDec=-0.66889
[Residuals Debug] MJD=60677.39311 Obs RA=83.44105 Dec=23.42171 Comp RA=83.44156 Dec=23.42165 ResRA=-1.68910 ResDec=0.21852
[Residuals Debug] MJD=60677.39921 Obs RA=83.43969 Dec=23.42139 Comp RA=83.44034 Dec=23.42140 ResRA=-2.12741 ResDec=-0.04615
[Residuals Debug] MJD=60677.40239 Obs RA=83.43896 Dec=23.42129 Comp RA=83.43970 Dec=23.42127 ResRA=-2.44341 ResDec=0.05971
[Residuals Debug] MJD=60677.43789 Obs RA=83.43154 Dec=23.41984 Comp RA=83.43257 Dec=23.41983 ResRA=-3.40458 ResDec=0.04712
[Residuals Debug] MJD=60678.37555 Obs RA=83.24524 Dec=23.38166 Comp RA=83.24596 Dec=23.38163 ResRA=-2.36251 ResDec=0.11770
[Residuals Debug] MJD=60678.37872 Obs RA=83.24467 Dec=23.38156 Comp RA=83.24533 Dec=23.38150 ResRA=-2.18010 ResDec=0.22275
[Residuals Debug] MJD=60678.38431 Obs RA=83.24350 Dec=23.38134 Comp RA=83.24423 Dec=23.38127 ResRA=-2.40498 ResDec=0.24201
[Residuals Debug] MJD=60679.38587 Obs RA=83.04776 Dec=23.34064 Comp RA=83.04841 Dec=23.34051 ResRA=-2.15603 ResDec=0.47765
[Residuals Debug] MJD=60679.39120 Obs RA=83.04662 Dec=23.34037 Comp RA=83.04738 Dec=23.34029 ResRA=-2.50494 ResDec=0.28794
[Residuals Debug] MJD=60679.39440 Obs RA=83.04564 Dec=23.34004 Comp RA=83.04676 Dec=23.34016 ResRA=-3.69404 ResDec=-0.43366
[Residuals Debug] MJD=60679.40740 Obs RA=83.04320 Dec=23.33968 Comp RA=83.04424 Dec=23.33963 ResRA=-3.44312 ResDec=0.18039
[Residuals Debug] MJD=60680.39223 Obs RA=82.85477 Dec=23.29974 Comp RA=82.85546 Dec=23.29961 ResRA=-2.26263 ResDec=0.44925
[Residuals Debug] MJD=60680.39914 Obs RA=82.85340 Dec=23.29946 Comp RA=82.85414 Dec=23.29933 ResRA=-2.45686 ResDec=0.45951
[Residuals Debug] MJD=60680.40281 Obs RA=82.85255 Dec=23.29920 Comp RA=82.85345 Dec=23.29918 ResRA=-2.96790 ResDec=0.05503
[Residuals Debug] MJD=60680.41359 Obs RA=82.85045 Dec=23.29873 Comp RA=82.85140 Dec=23.29875 ResRA=-3.14401 ResDec=-0.05871
[Residuals Debug] MJD=60684.31089 Obs RA=82.14366 Dec=23.14181 Comp RA=82.14350 Dec=23.14165 ResRA=0.52854 ResDec=0.57069
[Residuals Debug] MJD=60684.31378 Obs RA=82.14298 Dec=23.14175 Comp RA=82.14300 Dec=23.14154 ResRA=-0.06000 ResDec=0.76705
[Residuals Debug] MJD=60684.31836 Obs RA=82.14209 Dec=23.14170 Comp RA=82.14221 Dec=23.14135 ResRA=-0.37587 ResDec=1.24487
[Residuals Debug] MJD=60684.32726 Obs RA=82.14092 Dec=23.14141 Comp RA=82.14066 Dec=23.14100 ResRA=0.84817 ResDec=1.48451
[Residuals Debug] MJD=60693.70292 Obs RA=80.73342 Dec=22.78019 Comp RA=80.73308 Dec=22.78037 ResRA=1.10570 ResDec=-0.63918
[Residuals Debug] MJD=60693.71706 Obs RA=80.73154 Dec=22.77969 Comp RA=80.73131 Dec=22.77985 ResRA=0.77611 ResDec=-0.57691
[Residuals Debug] MJD=60693.73120 Obs RA=80.72975 Dec=22.77917 Comp RA=80.72953 Dec=22.77934 ResRA=0.71903 ResDec=-0.61513
[Residuals Debug] MJD=60694.11897 Obs RA=80.68265 Dec=22.76512 Comp RA=80.68131 Dec=22.76519 ResRA=4.45062 ResDec=-0.26779
[Residuals Debug] MJD=60694.12457 Obs RA=80.68194 Dec=22.76492 Comp RA=80.68061 Dec=22.76499 ResRA=4.40862 ResDec=-0.25321
[Residuals Debug] MJD=60694.13018 Obs RA=80.68119 Dec=22.76470 Comp RA=80.67992 Dec=22.76479 ResRA=4.21307 ResDec=-0.30894
[Residuals Debug] MJD=60694.13580 Obs RA=80.68048 Dec=22.76453 Comp RA=80.67923 Dec=22.76458 ResRA=4.15936 ResDec=-0.18343
[Residuals Debug] MJD=60695.23659 Obs RA=80.54839 Dec=22.72494 Comp RA=80.54698 Dec=22.72484 ResRA=4.69873 ResDec=0.34014
[Residuals Debug] MJD=60695.24743 Obs RA=80.54706 Dec=22.72456 Comp RA=80.54571 Dec=22.72446 ResRA=4.49511 ResDec=0.37699
[Residuals Debug] MJD=60695.25830 Obs RA=80.54575 Dec=22.72418 Comp RA=80.54444 Dec=22.72407 ResRA=4.34674 ResDec=0.41891
[Residuals Debug] MJD=60695.26915 Obs RA=80.54441 Dec=22.72380 Comp RA=80.54317 Dec=22.72368 ResRA=4.11883 ResDec=0.43790
[Residuals Debug] MJD=60696.34625 Obs RA=80.42116 Dec=22.68559 Comp RA=80.42055 Dec=22.68542 ResRA=2.03567 ResDec=0.62163
[Residuals Debug] MJD=60696.35570 Obs RA=80.41989 Dec=22.68548 Comp RA=80.41950 Dec=22.68508 ResRA=1.30454 ResDec=1.43012
[Residuals Debug] MJD=60696.35802 Obs RA=80.41989 Dec=22.68500 Comp RA=80.41924 Dec=22.68500 ResRA=2.15712 ResDec=-0.00587
[Residuals Debug] MJD=60696.36124 Obs RA=80.41930 Dec=22.68479 Comp RA=80.41889 Dec=22.68489 ResRA=1.37644 ResDec=-0.35734
[Residuals Debug] MJD=60696.36636 Obs RA=80.41872 Dec=22.68492 Comp RA=80.41832 Dec=22.68471 ResRA=1.33524 ResDec=0.76201
[Residuals Debug] MJD=60696.36683 Obs RA=80.41878 Dec=22.68467 Comp RA=80.41827 Dec=22.68469 ResRA=1.70142 ResDec=-0.07851
[Residuals Debug] MJD=60696.37814 Obs RA=80.41738 Dec=22.68489 Comp RA=80.41702 Dec=22.68429 ResRA=1.20641 ResDec=2.14520
[Residuals Debug] MJD=60698.19400 Obs RA=80.22613 Dec=22.62111 Comp RA=80.22558 Dec=22.62124 ResRA=1.83435 ResDec=-0.45283
[Residuals Debug] MJD=60698.19979 Obs RA=80.22557 Dec=22.62091 Comp RA=80.22500 Dec=22.62104 ResRA=1.88129 ResDec=-0.45875
[Residuals Debug] MJD=60698.20559 Obs RA=80.22493 Dec=22.62072 Comp RA=80.22442 Dec=22.62084 ResRA=1.70638 ResDec=-0.43462
[Residuals Debug] MJD=60698.21140 Obs RA=80.22402 Dec=22.62061 Comp RA=80.22384 Dec=22.62064 ResRA=0.60613 ResDec=-0.10945
[Residuals Debug] MJD=60700.39986 Obs RA=80.01828 Dec=22.54714 Comp RA=80.01867 Dec=22.54717 ResRA=-1.30868 ResDec=-0.10515
[Residuals Debug] MJD=60700.40267 Obs RA=80.01819 Dec=22.54712 Comp RA=80.01843 Dec=22.54708 ResRA=-0.78289 ResDec=0.15815
[Residuals Debug] MJD=60700.41161 Obs RA=80.01731 Dec=22.54695 Comp RA=80.01765 Dec=22.54678 ResRA=-1.12666 ResDec=0.60672
[Residuals Debug] MJD=60700.42335 Obs RA=80.01628 Dec=22.54635 Comp RA=80.01662 Dec=22.54640 ResRA=-1.14274 ResDec=-0.16230
[Residuals Debug] MJD=60703.36362 Obs RA=79.78480 Dec=22.45239 Comp RA=79.78562 Dec=22.45229 ResRA=-2.73918 ResDec=0.35126
[Residuals Debug] MJD=60703.36685 Obs RA=79.78449 Dec=22.45247 Comp RA=79.78540 Dec=22.45219 ResRA=-3.01429 ResDec=1.00266
[Residuals Debug] MJD=60703.37196 Obs RA=79.78447 Dec=22.45212 Comp RA=79.78504 Dec=22.45203 ResRA=-1.89657 ResDec=0.31426
[Residuals Debug] MJD=60703.38181 Obs RA=79.78348 Dec=22.45185 Comp RA=79.78435 Dec=22.45173 ResRA=-2.90789 ResDec=0.44657
[Residuals Debug] MJD=60708.31541 Obs RA=79.51207 Dec=22.30668 Comp RA=79.51263 Dec=22.30639 ResRA=-1.86669 ResDec=1.04572
[Residuals Debug] MJD=60708.31866 Obs RA=79.51169 Dec=22.30633 Comp RA=79.51250 Dec=22.30630 ResRA=-2.69184 ResDec=0.11179
[Residuals Debug] MJD=60708.32190 Obs RA=79.51153 Dec=22.30645 Comp RA=79.51237 Dec=22.30621 ResRA=-2.79852 ResDec=0.86562
[Residuals Debug] MJD=60708.32519 Obs RA=79.51156 Dec=22.30616 Comp RA=79.51224 Dec=22.30612 ResRA=-2.25845 ResDec=0.15584
[Residuals Debug] MJD=60708.32565 Obs RA=79.51164 Dec=22.30639 Comp RA=79.51222 Dec=22.30611 ResRA=-1.91967 ResDec=1.02150
[Residuals Debug] MJD=60708.33122 Obs RA=79.51087 Dec=22.30636 Comp RA=79.51199 Dec=22.30595 ResRA=-3.73936 ResDec=1.47924
[Residuals Debug] MJD=60708.33587 Obs RA=79.51097 Dec=22.30601 Comp RA=79.51181 Dec=22.30582 ResRA=-2.78326 ResDec=0.68431
[Residuals Debug] MJD=60734.12398 Obs RA=80.37878 Dec=21.80351 Comp RA=80.37871 Dec=21.80370 ResRA=0.23138 ResDec=-0.69275
[Residuals Debug] MJD=60734.12972 Obs RA=80.37943 Dec=21.80334 Comp RA=80.37930 Dec=21.80363 ResRA=0.45809 ResDec=-1.06175
[Residuals Debug] MJD=60734.13548 Obs RA=80.37999 Dec=21.80326 Comp RA=80.37989 Dec=21.80356 ResRA=0.34279 ResDec=-1.08988
[Residuals Debug] MJD=60734.14122 Obs RA=80.38052 Dec=21.80323 Comp RA=80.38048 Dec=21.80349 ResRA=0.12412 ResDec=-0.94916
[Residuals Debug] MJD=60735.11949 Obs RA=80.48368 Dec=21.79158 Comp RA=80.48348 Dec=21.79184 ResRA=0.69050 ResDec=-0.92167
[Residuals Debug] MJD=60735.12523 Obs RA=80.48424 Dec=21.79153 Comp RA=80.48409 Dec=21.79177 ResRA=0.49144 ResDec=-0.85997
[Residuals Debug] MJD=60735.13205 Obs RA=80.48495 Dec=21.79147 Comp RA=80.48483 Dec=21.79169 ResRA=0.38790 ResDec=-0.79254
[Residuals Debug] MJD=60735.13780 Obs RA=80.48557 Dec=21.79136 Comp RA=80.48545 Dec=21.79162 ResRA=0.42157 ResDec=-0.94062
Iter  4: RMS = 1.541 arcsec, ||Δx|| = 1.68e-07 AU, Outliers(100.0σ) = 0
DC Debug: Loop finished. Converged=1 Iter=4
========================================


=== Final Orbit ===
Epoch:    60688.413818 MJD TDB
a:        3.076874248 AU
e:        0.087979762
i:        24.764426 deg
Ω:        339.816153 deg
ω:        319.425719 deg
M:        144.662215 deg
Period:   1971.347 days
q:        2.806172 AU
Q:        3.347577 AU

=== Residuals Summary ===
Observations:  100
Rejected:      0
RMS (RA):      2.088 arcsec
RMS (Dec):     0.626 arcsec
Chi²:          1900.47
Iterations:    4
Converged:     Yes

Initial orbit set:
  Epoch: 61000.000000 MJD TDB
  a = 3.071429 AU
  e = 0.088935
  i = 24.764117 deg
[AstDynOrbitFitter] run_fit finished. success=1 msg='Fit completed'
[OccultationEngine] Fit completed. Observations used: 100/100. RMS=2.179722 arcsec.
[OccultationEngine] ❌ Fit rejected (poor RMS or few obs). Keeping original orbit.
[PHASE2] calculatePreciseGeometry using AstDynWrapper:0x10c2e0ea0
✓ DE441 loaded (Native Reader): /Users/michelebigi/.ioccultcalc/ephemerides/de441_part-2.bsp
    [Propagator] Constructor entry (include_asteroids=1).
    [Propagator] Creating AsteroidPerturbations...
    [Propagator] Constructor exit.
[PHASE2] Entering calculateShadowDetails for star 3782934665204637696
  - Preparing KeplerianElements...
  - Propagating with AstDyn...
  - Propagation finished.
[DEBUG] intersect A=0.000000 B=-0.018741 C=3572151093.723816 Disc=-0.000000
  - Preparing KeplerianElements...
  - Propagating with AstDyn...
  - Propagation finished.
[DEBUG] intersect A=0.000000 B=-0.018741 C=3572140593.195791 Disc=-0.000000
  - Preparing KeplerianElements...
  - Propagating with AstDyn...
  - Propagation finished.
[DEBUG] intersect A=0.000000 B=-0.018741 C=3572130092.748251 Disc=-0.000000
  - Preparing KeplerianElements...
  - Propagating with AstDyn...
  - Propagation finished.
[DEBUG] intersect A=0.000000 B=-0.018741 C=3572119592.381358 Disc=-0.000000
  - Preparing KeplerianElements...
  - Propagating with AstDyn...
  - Propagation finished.
[DEBUG] intersect A=0.000000 B=-0.018741 C=3572109092.094926 Disc=-0.000000
  - Preparing KeplerianElements...
  - Propagating with AstDyn...
  - Propagation finished.
[DEBUG] intersect A=0.000000 B=-0.018741 C=3572098591.889146 Disc=-0.000000
  - Preparing KeplerianElements...
  - Propagating with AstDyn...
  - Propagation finished.
[DEBUG] intersect A=0.000000 B=-0.018741 C=3572088091.763817 Disc=-0.000000
  - Preparing KeplerianElements...
  - Propagating with AstDyn...
  - Propagation finished.
[DEBUG] intersect A=0.000000 B=-0.018741 C=3572077591.719104 Disc=-0.000000
  - Preparing KeplerianElements...
  - Propagating with AstDyn...
  - Propagation finished.
[DEBUG] intersect A=0.000000 B=-0.018741 C=3572067091.754884 Disc=-0.000000
  - Preparing KeplerianElements...
  - Propagating with AstDyn...
  - Propagation finished.
[DEBUG] intersect A=0.000000 B=-0.018741 C=3572056591.871318 Disc=-0.000000
  - Preparing KeplerianElements...
  - Propagating with AstDyn...
  - Propagation finished.
[DEBUG] CA Asteroid ICRF: -353020261415.188232, 143789561159.886108, -3775210773.863101 [m]
[DEBUG] CA Asteroid ITRF: 262349201108.907288, 276535060246.831238, -3775210773.863101 [m]
[DEBUG] Star Dir ITRF:    0.686285, 0.727272, -0.009397
[DEBUG] Asteroid distance from Earth center: 381199416.427396 km
[DEBUG] Expected distance (from state): 381322.531247 km
[DEBUG] Geocentric distance (calculated): 2.548161 AU = 381199416.427396 km
[DEBUG] intersect A=0.000000 B=-0.018741 C=3572046092.068207 Disc=-0.000000
[DEBUG] Shadow ray magnitude: 1.000000
[DEBUG] Shadow ray direction: -0.686285, -0.727272, 0.009397
[DEBUG] Intersection result magnitude: 0.000000
[DEBUG] NO INTERSECTION - asteroid too far or wrong geometry
  - Preparing KeplerianElements...
  - Propagating with AstDyn...
  - Propagation finished.
[DEBUG] intersect A=0.000000 B=-0.018741 C=3572035592.329665 Disc=-0.000000
  - Preparing KeplerianElements...
  - Propagating with AstDyn...
  - Propagation finished.
[DEBUG] intersect A=0.000000 B=-0.018741 C=3572025092.687713 Disc=-0.000000
  - Preparing KeplerianElements...
  - Propagating with AstDyn...
  - Propagation finished.
[DEBUG] intersect A=0.000000 B=-0.018741 C=3572014593.126312 Disc=-0.000000
  - Preparing KeplerianElements...
  - Propagating with AstDyn...
  - Propagation finished.
[DEBUG] intersect A=0.000000 B=-0.018741 C=3572004093.645441 Disc=-0.000000
  - Preparing KeplerianElements...
  - Propagating with AstDyn...
  - Propagation finished.
[DEBUG] intersect A=0.000000 B=-0.018741 C=3571993594.245154 Disc=-0.000000
  - Preparing KeplerianElements...
  - Propagating with AstDyn...
  - Propagation finished.
[DEBUG] intersect A=0.000000 B=-0.018741 C=3571983094.925426 Disc=-0.000000
  - Preparing KeplerianElements...
  - Propagating with AstDyn...
  - Propagation finished.
[DEBUG] intersect A=0.000000 B=-0.018741 C=3571972595.686250 Disc=-0.000000
  - Preparing KeplerianElements...
  - Propagating with AstDyn...
  - Propagation finished.
[DEBUG] intersect A=0.000000 B=-0.018741 C=3571962096.527634 Disc=-0.000000
  - Preparing KeplerianElements...
  - Propagating with AstDyn...
  - Propagation finished.
[DEBUG] intersect A=0.000000 B=-0.018741 C=3571951597.449576 Disc=-0.000000
  - Preparing KeplerianElements...
  - Propagating with AstDyn...
  - Propagation finished.
[DEBUG] intersect A=0.000000 B=-0.018741 C=3571941098.452047 Disc=-0.000000
[PHASE2] Entering calculateShadowDetails for star 3782923429570207232
  - Preparing KeplerianElements...
  - Propagating with AstDyn...
  - Propagation finished.
[DEBUG] intersect A=0.000000 B=-0.018572 C=3507807609.752117 Disc=-0.000000
  - Preparing KeplerianElements...
  - Propagating with AstDyn...
  - Propagation finished.
[DEBUG] intersect A=0.000000 B=-0.018572 C=3507797620.636743 Disc=-0.000000
  - Preparing KeplerianElements...
  - Propagating with AstDyn...
  - Propagation finished.
[DEBUG] intersect A=0.000000 B=-0.018572 C=3507787631.603701 Disc=-0.000000
  - Preparing KeplerianElements...
  - Propagating with AstDyn...
  - Propagation finished.
[DEBUG] intersect A=0.000000 B=-0.018572 C=3507777642.652960 Disc=-0.000000
  - Preparing KeplerianElements...
  - Propagating with AstDyn...
  - Propagation finished.
[DEBUG] intersect A=0.000000 B=-0.018572 C=3507767653.784515 Disc=-0.000000
  - Preparing KeplerianElements...
  - Propagating with AstDyn...
  - Propagation finished.
[DEBUG] intersect A=0.000000 B=-0.018572 C=3507757664.998374 Disc=-0.000000
  - Preparing KeplerianElements...
  - Propagating with AstDyn...
  - Propagation finished.
[DEBUG] intersect A=0.000000 B=-0.018572 C=3507747676.294526 Disc=-0.000000
  - Preparing KeplerianElements...
  - Propagating with AstDyn...
  - Propagation finished.
[DEBUG] intersect A=0.000000 B=-0.018572 C=3507737687.672950 Disc=-0.000000
  - Preparing KeplerianElements...
  - Propagating with AstDyn...
  - Propagation finished.
[DEBUG] intersect A=0.000000 B=-0.018571 C=3507727699.133710 Disc=-0.000000
  - Preparing KeplerianElements...
  - Propagating with AstDyn...
  - Propagation finished.
[DEBUG] intersect A=0.000000 B=-0.018571 C=3507717710.676766 Disc=-0.000000
  - Preparing KeplerianElements...
  - Propagating with AstDyn...
  - Propagation finished.
[DEBUG] CA Asteroid ICRF: -349308774926.993042, 143745811389.446198, -4022195270.542717 [m]
[DEBUG] CA Asteroid ITRF: 352999867343.947571, -134426828379.465790, -4022195270.542717 [m]
[DEBUG] Star Dir ITRF:    0.935342, -0.353510, -0.012875
[DEBUG] Asteroid distance from Earth center: 377750786.349680 km
[DEBUG] Expected distance (from state): 377868.658261 km
[DEBUG] Geocentric distance (calculated): 2.525108 AU = 377750786.349680 km
[DEBUG] intersect A=0.000000 B=-0.018571 C=3507707722.302126 Disc=-0.000000
[DEBUG] Shadow ray magnitude: 1.000000
[DEBUG] Shadow ray direction: -0.935342, 0.353510, 0.012875
[DEBUG] Intersection result magnitude: 0.000000
[DEBUG] NO INTERSECTION - asteroid too far or wrong geometry
  - Preparing KeplerianElements...
  - Propagating with AstDyn...
  - Propagation finished.
[DEBUG] intersect A=0.000000 B=-0.018571 C=3507697734.009785 Disc=-0.000000
  - Preparing KeplerianElements...
  - Propagating with AstDyn...
  - Propagation finished.
[DEBUG] intersect A=0.000000 B=-0.018571 C=3507687745.799748 Disc=-0.000000
  - Preparing KeplerianElements...
  - Propagating with AstDyn...
  - Propagation finished.
[DEBUG] intersect A=0.000000 B=-0.018571 C=3507677757.672011 Disc=-0.000000
  - Preparing KeplerianElements...
  - Propagating with AstDyn...
  - Propagation finished.
[DEBUG] intersect A=0.000000 B=-0.018571 C=3507667769.626551 Disc=-0.000000
  - Preparing KeplerianElements...
  - Propagating with AstDyn...
  - Propagation finished.
[DEBUG] intersect A=0.000000 B=-0.018571 C=3507657781.663418 Disc=-0.000000
  - Preparing KeplerianElements...
  - Propagating with AstDyn...
  - Propagation finished.
[DEBUG] intersect A=0.000000 B=-0.018571 C=3507647793.782594 Disc=-0.000000
  - Preparing KeplerianElements...
  - Propagating with AstDyn...
  - Propagation finished.
[DEBUG] intersect A=0.000000 B=-0.018571 C=3507637805.968845 Disc=-0.000000
  - Preparing KeplerianElements...
  - Propagating with AstDyn...
  - Propagation finished.
[DEBUG] intersect A=0.000000 B=-0.018571 C=3507627818.252580 Disc=-0.000000
  - Preparing KeplerianElements...
  - Propagating with AstDyn...
  - Propagation finished.
[DEBUG] intersect A=0.000000 B=-0.018571 C=3507617830.618707 Disc=-0.000000
  - Preparing KeplerianElements...
  - Propagating with AstDyn...
  - Propagation finished.
[DEBUG] intersect A=0.000000 B=-0.018571 C=3507607843.067022 Disc=-0.000000
[PHASE2] Entering calculateShadowDetails for star 3782925319355811200
  - Preparing KeplerianElements...
  - Propagating with AstDyn...
  - Propagation finished.
[DEBUG] intersect A=0.000000 B=-0.018672 C=3545623542.391712 Disc=-0.000000
  - Preparing KeplerianElements...
  - Propagating with AstDyn...
  - Propagation finished.
[DEBUG] intersect A=0.000000 B=-0.018672 C=3545613248.305752 Disc=-0.000000
  - Preparing KeplerianElements...
  - Propagating with AstDyn...
  - Propagation finished.
[DEBUG] intersect A=0.000000 B=-0.018672 C=3545602954.301194 Disc=-0.000000
  - Preparing KeplerianElements...
  - Propagating with AstDyn...
  - Propagation finished.
[DEBUG] intersect A=0.000000 B=-0.018671 C=3545592660.377821 Disc=-0.000000
  - Preparing KeplerianElements...
  - Propagating with AstDyn...
  - Propagation finished.
[DEBUG] intersect A=0.000000 B=-0.018671 C=3545582366.535816 Disc=-0.000000
  - Preparing KeplerianElements...
  - Propagating with AstDyn...
  - Propagation finished.
[DEBUG] intersect A=0.000000 B=-0.018671 C=3545572072.774989 Disc=-0.000000
  - Preparing KeplerianElements...
  - Propagating with AstDyn...
  - Propagation finished.
[DEBUG] intersect A=0.000000 B=-0.018671 C=3545561779.095533 Disc=-0.000000
  - Preparing KeplerianElements...
  - Propagating with AstDyn...
  - Propagation finished.
[DEBUG] intersect A=0.000000 B=-0.018671 C=3545551485.497236 Disc=-0.000000
  - Preparing KeplerianElements...
  - Propagating with AstDyn...
  - Propagation finished.
[DEBUG] intersect A=0.000000 B=-0.018671 C=3545541191.980337 Disc=-0.000000
  - Preparing KeplerianElements...
  - Propagating with AstDyn...
  - Propagation finished.
[DEBUG] intersect A=0.000000 B=-0.018671 C=3545530898.544624 Disc=-0.000000
  - Preparing KeplerianElements...
  - Propagating with AstDyn...
  - Propagation finished.
[DEBUG] CA Asteroid ICRF: -351503083518.636963, 143751196395.173981, -3884801079.687475 [m]
[DEBUG] CA Asteroid ITRF: 22281117767.862602, 379107340972.406372, -3884801079.687475 [m]
[DEBUG] Star Dir ITRF:    0.056176, 0.998348, -0.012096
[DEBUG] Asteroid distance from Earth center: 379781405.373647 km
[DEBUG] Expected distance (from state): 379902.184724 km
[DEBUG] Geocentric distance (calculated): 2.538682 AU = 379781405.373647 km
[DEBUG] intersect A=0.000000 B=-0.018671 C=3545520605.190282 Disc=-0.000000
[DEBUG] Shadow ray magnitude: 1.000000
[DEBUG] Shadow ray direction: -0.056176, -0.998348, 0.012096
[DEBUG] Intersection result magnitude: 0.000000
[DEBUG] NO INTERSECTION - asteroid too far or wrong geometry
  - Preparing KeplerianElements...
  - Propagating with AstDyn...
  - Propagation finished.
[DEBUG] intersect A=0.000000 B=-0.018671 C=3545510311.917123 Disc=-0.000000
  - Preparing KeplerianElements...
  - Propagating with AstDyn...
  - Propagation finished.
[DEBUG] intersect A=0.000000 B=-0.018671 C=3545500018.709579 Disc=-0.000000
  - Preparing KeplerianElements...
  - Propagating with AstDyn...
  - Propagation finished.
[DEBUG] intersect A=0.000000 B=-0.018671 C=3545489725.599025 Disc=-0.000000
  - Preparing KeplerianElements...
  - Propagating with AstDyn...
  - Propagation finished.
[DEBUG] intersect A=0.000000 B=-0.018671 C=3545479432.569723 Disc=-0.000000
  - Preparing KeplerianElements...
  - Propagating with AstDyn...
  - Propagation finished.
[DEBUG] intersect A=0.000000 B=-0.018671 C=3545469139.621728 Disc=-0.000000
  - Preparing KeplerianElements...
  - Propagating with AstDyn...
  - Propagation finished.
[DEBUG] intersect A=0.000000 B=-0.018671 C=3545458846.755013 Disc=-0.000000
  - Preparing KeplerianElements...
  - Propagating with AstDyn...
  - Propagation finished.
[DEBUG] intersect A=0.000000 B=-0.018671 C=3545448553.969575 Disc=-0.000000
  - Preparing KeplerianElements...
  - Propagating with AstDyn...
  - Propagation finished.
[DEBUG] intersect A=0.000000 B=-0.018671 C=3545438261.265423 Disc=-0.000000
  - Preparing KeplerianElements...
  - Propagating with AstDyn...
  - Propagation finished.
[DEBUG] intersect A=0.000000 B=-0.018671 C=3545427968.642546 Disc=-0.000000
  - Preparing KeplerianElements...
  - Propagating with AstDyn...
  - Propagation finished.
[DEBUG] intersect A=0.000000 B=-0.018671 C=3545417676.100919 Disc=-0.000000
[PHASE2] Entering calculateShadowDetails for star 3782936451911047296
  - Preparing KeplerianElements...
  - Propagating with AstDyn...
  - Propagation finished.
[DEBUG] intersect A=0.000000 B=-0.018563 C=3504501490.688515 Disc=-0.000000
  - Preparing KeplerianElements...
  - Propagating with AstDyn...
  - Propagation finished.
[DEBUG] intersect A=0.000000 B=-0.018563 C=3504491528.863724 Disc=-0.000000
  - Preparing KeplerianElements...
  - Propagating with AstDyn...
  - Propagation finished.
[DEBUG] intersect A=0.000000 B=-0.018563 C=3504481567.121349 Disc=-0.000000
  - Preparing KeplerianElements...
  - Propagating with AstDyn...
  - Propagation finished.
[DEBUG] intersect A=0.000000 B=-0.018563 C=3504471605.461364 Disc=-0.000000
  - Preparing KeplerianElements...
  - Propagating with AstDyn...
  - Propagation finished.
[DEBUG] intersect A=0.000000 B=-0.018563 C=3504461643.883770 Disc=-0.000000
  - Preparing KeplerianElements...
  - Propagating with AstDyn...
  - Propagation finished.
[DEBUG] intersect A=0.000000 B=-0.018563 C=3504451682.388566 Disc=-0.000000
  - Preparing KeplerianElements...
  - Propagating with AstDyn...
  - Propagation finished.
[DEBUG] intersect A=0.000000 B=-0.018563 C=3504441720.975745 Disc=-0.000000
  - Preparing KeplerianElements...
  - Propagating with AstDyn...
  - Propagation finished.
[DEBUG] intersect A=0.000000 B=-0.018563 C=3504431759.645283 Disc=-0.000000
  - Preparing KeplerianElements...
  - Propagating with AstDyn...
  - Propagation finished.
[DEBUG] intersect A=0.000000 B=-0.018563 C=3504421798.397242 Disc=-0.000000
  - Preparing KeplerianElements...
  - Propagating with AstDyn...
  - Propagation finished.
[DEBUG] intersect A=0.000000 B=-0.018563 C=3504411837.231590 Disc=-0.000000
  - Preparing KeplerianElements...
  - Propagating with AstDyn...
  - Propagation finished.
[DEBUG] CA Asteroid ICRF: -349115101051.138306, 143748225536.503906, -4033107865.213958 [m]
[DEBUG] CA Asteroid ITRF: 174915980797.729279, -334588263076.289795, -4033107865.213958 [m]
[DEBUG] Star Dir ITRF:    0.465311, -0.885069, -0.011731
[DEBUG] Asteroid distance from Earth center: 377572737.477023 km
[DEBUG] Expected distance (from state): 377690.343783 km
[DEBUG] Geocentric distance (calculated): 2.523918 AU = 377572737.477022 km
[DEBUG] intersect A=0.000000 B=-0.018563 C=3504401876.148332 Disc=-0.000000
[DEBUG] Shadow ray magnitude: 1.000000
[DEBUG] Shadow ray direction: -0.465311, 0.885069, 0.011731
[DEBUG] Intersection result magnitude: 0.000000
[DEBUG] NO INTERSECTION - asteroid too far or wrong geometry
  - Preparing KeplerianElements...
  - Propagating with AstDyn...
  - Propagation finished.
[DEBUG] intersect A=0.000000 B=-0.018563 C=3504391915.147466 Disc=-0.000000
  - Preparing KeplerianElements...
  - Propagating with AstDyn...
  - Propagation finished.
[DEBUG] intersect A=0.000000 B=-0.018563 C=3504381954.228987 Disc=-0.000000
  - Preparing KeplerianElements...
  - Propagating with AstDyn...
  - Propagation finished.
[DEBUG] intersect A=0.000000 B=-0.018563 C=3504371993.392900 Disc=-0.000000
  - Preparing KeplerianElements...
  - Propagating with AstDyn...
  - Propagation finished.
[DEBUG] intersect A=0.000000 B=-0.018563 C=3504362032.639176 Disc=-0.000000
  - Preparing KeplerianElements...
  - Propagating with AstDyn...
  - Propagation finished.
[DEBUG] intersect A=0.000000 B=-0.018563 C=3504352071.952694 Disc=-0.000000
  - Preparing KeplerianElements...
  - Propagating with AstDyn...
  - Propagation finished.
[DEBUG] intersect A=0.000000 B=-0.018563 C=3504342111.363736 Disc=-0.000000
  - Preparing KeplerianElements...
  - Propagating with AstDyn...
  - Propagation finished.
[DEBUG] intersect A=0.000000 B=-0.018563 C=3504332150.857261 Disc=-0.000000
  - Preparing KeplerianElements...
  - Propagating with AstDyn...
  - Propagation finished.
[DEBUG] intersect A=0.000000 B=-0.018563 C=3504322190.433088 Disc=-0.000000
  - Preparing KeplerianElements...
  - Propagating with AstDyn...
  - Propagation finished.
[DEBUG] intersect A=0.000000 B=-0.018562 C=3504312230.091398 Disc=-0.000000
  - Preparing KeplerianElements...
  - Propagating with AstDyn...
  - Propagation finished.
[DEBUG] intersect A=0.000000 B=-0.018562 C=3504302269.831983 Disc=-0.000000
[PHASE2] Candidate Star: 3782937379623987840 CA MJD: 61058.03472 Min Dist: 3041.68 mas
[PHASE2] Entering calculateShadowDetails for star 3782937379623987840
  - Preparing KeplerianElements...
  - Propagating with AstDyn...
  - Propagation finished.
[DEBUG] intersect A=0.00 B=-0.02 C=3483288262.65 Disc=-0.00
  - Preparing KeplerianElements...
  - Propagating with AstDyn...
  - Propagation finished.
[DEBUG] intersect A=0.00 B=-0.02 C=3483278478.45 Disc=-0.00
  - Preparing KeplerianElements...
  - Propagating with AstDyn...
  - Propagation finished.
[DEBUG] intersect A=0.00 B=-0.02 C=3483268694.34 Disc=-0.00
  - Preparing KeplerianElements...
  - Propagating with AstDyn...
  - Propagation finished.
[DEBUG] intersect A=0.00 B=-0.02 C=3483258910.31 Disc=-0.00
  - Preparing KeplerianElements...
  - Propagating with AstDyn...
  - Propagation finished.
[DEBUG] intersect A=0.00 B=-0.02 C=3483249126.36 Disc=-0.00
  - Preparing KeplerianElements...
  - Propagating with AstDyn...
  - Propagation finished.
[DEBUG] intersect A=0.00 B=-0.02 C=3483239342.50 Disc=-0.00
  - Preparing KeplerianElements...
  - Propagating with AstDyn...
  - Propagation finished.
[DEBUG] intersect A=0.00 B=-0.02 C=3483229558.71 Disc=-0.00
  - Preparing KeplerianElements...
  - Propagating with AstDyn...
  - Propagation finished.
[DEBUG] intersect A=0.00 B=-0.02 C=3483219775.02 Disc=-0.00
  - Preparing KeplerianElements...
  - Propagating with AstDyn...
  - Propagation finished.
[DEBUG] intersect A=0.00 B=-0.02 C=3483209991.40 Disc=-0.00
  - Preparing KeplerianElements...
  - Propagating with AstDyn...
  - Propagation finished.
[DEBUG] intersect A=0.00 B=-0.02 C=3483200207.87 Disc=-0.00
  - Preparing KeplerianElements...
  - Propagating with AstDyn...
  - Propagation finished.
[DEBUG] CA Asteroid ICRF: -347865131623.33, 143775254373.18, -4098739581.01 [m]
[DEBUG] CA Asteroid ITRF: 331678108737.67, 177963776520.92, -4098739581.01 [m]
[DEBUG] Star Dir ITRF:    0.88, 0.47, -0.01
[DEBUG] Asteroid distance from Earth center: 376428310.88 km
[DEBUG] Expected distance (from state): 376544.17 km
[DEBUG] Geocentric distance (calculated): 2.52 AU = 376428310.88 km
[DEBUG] intersect A=0.00 B=-0.02 C=3483190424.42 Disc=-0.00
[DEBUG] Shadow ray magnitude: 1.00
[DEBUG] Shadow ray direction: -0.88, -0.47, 0.01
[DEBUG] Intersection result magnitude: 0.00
[DEBUG] NO INTERSECTION - asteroid too far or wrong geometry
  - Preparing KeplerianElements...
  - Propagating with AstDyn...
  - Propagation finished.
[DEBUG] intersect A=0.00 B=-0.02 C=3483180641.05 Disc=-0.00
  - Preparing KeplerianElements...
  - Propagating with AstDyn...
  - Propagation finished.
[DEBUG] intersect A=0.00 B=-0.02 C=3483170857.76 Disc=-0.00
  - Preparing KeplerianElements...
  - Propagating with AstDyn...
  - Propagation finished.
[DEBUG] intersect A=0.00 B=-0.02 C=3483161074.56 Disc=-0.00
  - Preparing KeplerianElements...
  - Propagating with AstDyn...
  - Propagation finished.
[DEBUG] intersect A=0.00 B=-0.02 C=3483151291.44 Disc=-0.00
  - Preparing KeplerianElements...
  - Propagating with AstDyn...
  - Propagation finished.
[DEBUG] intersect A=0.00 B=-0.02 C=3483141508.41 Disc=-0.00
  - Preparing KeplerianElements...
  - Propagating with AstDyn...
  - Propagation finished.
[DEBUG] intersect A=0.00 B=-0.02 C=3483131725.46 Disc=-0.00
  - Preparing KeplerianElements...
  - Propagating with AstDyn...
  - Propagation finished.
[DEBUG] intersect A=0.00 B=-0.02 C=3483121942.59 Disc=-0.00
  - Preparing KeplerianElements...
  - Propagating with AstDyn...
  - Propagation finished.
[DEBUG] intersect A=0.00 B=-0.02 C=3483112159.80 Disc=-0.00
  - Preparing KeplerianElements...
  - Propagating with AstDyn...
  - Propagation finished.
[DEBUG] intersect A=0.00 B=-0.02 C=3483102377.10 Disc=-0.00
  - Preparing KeplerianElements...
  - Propagating with AstDyn...
  - Propagation finished.
[DEBUG] intersect A=0.00 B=-0.02 C=3483092594.48 Disc=-0.00
[PHASE2] Entering calculateShadowDetails for star 3782940849957559424
  - Preparing KeplerianElements...
  - Propagating with AstDyn...
  - Propagation finished.
[DEBUG] intersect A=0.00 B=-0.02 C=3483115108.86 Disc=-0.00
  - Preparing KeplerianElements...
  - Propagating with AstDyn...
  - Propagation finished.
[DEBUG] intersect A=0.00 B=-0.02 C=3483105326.13 Disc=-0.00
  - Preparing KeplerianElements...
  - Propagating with AstDyn...
  - Propagation finished.
[DEBUG] intersect A=0.00 B=-0.02 C=3483095543.49 Disc=-0.00
  - Preparing KeplerianElements...
  - Propagating with AstDyn...
  - Propagation finished.
[DEBUG] intersect A=0.00 B=-0.02 C=3483085760.92 Disc=-0.00
  - Preparing KeplerianElements...
  - Propagating with AstDyn...
  - Propagation finished.
[DEBUG] intersect A=0.00 B=-0.02 C=3483075978.44 Disc=-0.00
  - Preparing KeplerianElements...
  - Propagating with AstDyn...
  - Propagation finished.
[DEBUG] intersect A=0.00 B=-0.02 C=3483066196.05 Disc=-0.00
  - Preparing KeplerianElements...
  - Propagating with AstDyn...
  - Propagation finished.
[DEBUG] intersect A=0.00 B=-0.02 C=3483056413.73 Disc=-0.00
  - Preparing KeplerianElements...
  - Propagating with AstDyn...
  - Propagation finished.
[DEBUG] intersect A=0.00 B=-0.02 C=3483046631.50 Disc=-0.00
  - Preparing KeplerianElements...
  - Propagating with AstDyn...
  - Propagation finished.
[DEBUG] intersect A=0.00 B=-0.02 C=3483036849.35 Disc=-0.00
  - Preparing KeplerianElements...
  - Propagating with AstDyn...
  - Propagation finished.
[DEBUG] intersect A=0.00 B=-0.02 C=3483027067.29 Disc=-0.00
  - Preparing KeplerianElements...
  - Propagating with AstDyn...
  - Propagation finished.
[DEBUG] CA Asteroid ICRF: -347854875967.78, 143775558658.05, -4099243520.70 [m]
[DEBUG] CA Asteroid ITRF: 338311630324.46, 164983837963.62, -4099243520.70 [m]
[DEBUG] Star Dir ITRF:    0.90, 0.44, -0.01
[DEBUG] Asteroid distance from Earth center: 376418955.15 km
[DEBUG] Expected distance (from state): 376534.80 km
[DEBUG] Geocentric distance (calculated): 2.52 AU = 376418955.15 km
[DEBUG] intersect A=0.00 B=-0.02 C=3483017285.31 Disc=-0.00
[DEBUG] Shadow ray magnitude: 1.00
[DEBUG] Shadow ray direction: -0.90, -0.44, 0.01
[DEBUG] Intersection result magnitude: 0.00
[DEBUG] NO INTERSECTION - asteroid too far or wrong geometry
  - Preparing KeplerianElements...
  - Propagating with AstDyn...
  - Propagation finished.
[DEBUG] intersect A=0.00 B=-0.02 C=3483007503.41 Disc=-0.00
  - Preparing KeplerianElements...
  - Propagating with AstDyn...
  - Propagation finished.
[DEBUG] intersect A=0.00 B=-0.02 C=3482997721.59 Disc=-0.00
  - Preparing KeplerianElements...
  - Propagating with AstDyn...
  - Propagation finished.
[DEBUG] intersect A=0.00 B=-0.02 C=3482987939.86 Disc=-0.00
  - Preparing KeplerianElements...
  - Propagating with AstDyn...
  - Propagation finished.
[DEBUG] intersect A=0.00 B=-0.02 C=3482978158.21 Disc=-0.00
  - Preparing KeplerianElements...
  - Propagating with AstDyn...
  - Propagation finished.
[DEBUG] intersect A=0.00 B=-0.02 C=3482968376.63 Disc=-0.00
  - Preparing KeplerianElements...
  - Propagating with AstDyn...
  - Propagation finished.
[DEBUG] intersect A=0.00 B=-0.02 C=3482958595.14 Disc=-0.00
  - Preparing KeplerianElements...
  - Propagating with AstDyn...
  - Propagation finished.
[DEBUG] intersect A=0.00 B=-0.02 C=3482948813.74 Disc=-0.00
  - Preparing KeplerianElements...
  - Propagating with AstDyn...
  - Propagation finished.
[DEBUG] intersect A=0.00 B=-0.02 C=3482939032.42 Disc=-0.00
  - Preparing KeplerianElements...
  - Propagating with AstDyn...
  - Propagation finished.
[DEBUG] intersect A=0.00 B=-0.02 C=3482929251.19 Disc=-0.00
  - Preparing KeplerianElements...
  - Propagating with AstDyn...
  - Propagation finished.
[DEBUG] intersect A=0.00 B=-0.02 C=3482919470.04 Disc=-0.00
[PHASE2] Entering calculateShadowDetails for star 3782917141738052736
  - Preparing KeplerianElements...
  - Propagating with AstDyn...
  - Propagation finished.
[DEBUG] intersect A=0.00 B=-0.02 C=3429059675.93 Disc=-0.00
  - Preparing KeplerianElements...
  - Propagating with AstDyn...
  - Propagation finished.
[DEBUG] intersect A=0.00 B=-0.02 C=3429050366.97 Disc=-0.00
  - Preparing KeplerianElements...
  - Propagating with AstDyn...
  - Propagation finished.
[DEBUG] intersect A=0.00 B=-0.02 C=3429041058.09 Disc=-0.00
  - Preparing KeplerianElements...
  - Propagating with AstDyn...
  - Propagation finished.
[DEBUG] intersect A=0.00 B=-0.02 C=3429031749.30 Disc=-0.00
  - Preparing KeplerianElements...
  - Propagating with AstDyn...
  - Propagation finished.
[DEBUG] intersect A=0.00 B=-0.02 C=3429022440.59 Disc=-0.00
  - Preparing KeplerianElements...
  - Propagating with AstDyn...
  - Propagation finished.
[DEBUG] intersect A=0.00 B=-0.02 C=3429013131.96 Disc=-0.00
  - Preparing KeplerianElements...
  - Propagating with AstDyn...
  - Propagation finished.
[DEBUG] intersect A=0.00 B=-0.02 C=3429003823.42 Disc=-0.00
  - Preparing KeplerianElements...
  - Propagating with AstDyn...
  - Propagation finished.
[DEBUG] intersect A=0.00 B=-0.02 C=3428994514.97 Disc=-0.00
  - Preparing KeplerianElements...
  - Propagating with AstDyn...
  - Propagation finished.
[DEBUG] intersect A=0.00 B=-0.02 C=3428985206.60 Disc=-0.00
  - Preparing KeplerianElements...
  - Propagating with AstDyn...
  - Propagation finished.
[DEBUG] intersect A=0.00 B=-0.02 C=3428975898.31 Disc=-0.00
  - Preparing KeplerianElements...
  - Propagating with AstDyn...
  - Propagation finished.
[DEBUG] CA Asteroid ICRF: -344609301523.53, 143940761134.86, -4229968084.09 [m]
[DEBUG] CA Asteroid ITRF: 301915697895.07, 219821347410.00, -4229968084.09 [m]
[DEBUG] Star Dir ITRF:    0.81, 0.59, -0.01
[DEBUG] Asteroid distance from Earth center: 373486821.78 km
[DEBUG] Expected distance (from state): 373597.85 km
[DEBUG] Geocentric distance (calculated): 2.50 AU = 373486821.78 km
[DEBUG] intersect A=0.00 B=-0.02 C=3428966590.11 Disc=-0.00
[DEBUG] Shadow ray magnitude: 1.00
[DEBUG] Shadow ray direction: -0.81, -0.59, 0.01
[DEBUG] Intersection result magnitude: 0.00
[DEBUG] NO INTERSECTION - asteroid too far or wrong geometry
  - Preparing KeplerianElements...
  - Propagating with AstDyn...
  - Propagation finished.
[DEBUG] intersect A=0.00 B=-0.02 C=3428957281.99 Disc=-0.00
  - Preparing KeplerianElements...
  - Propagating with AstDyn...
  - Propagation finished.
[DEBUG] intersect A=0.00 B=-0.02 C=3428947973.96 Disc=-0.00
  - Preparing KeplerianElements...
  - Propagating with AstDyn...
  - Propagation finished.
[DEBUG] intersect A=0.00 B=-0.02 C=3428938666.01 Disc=-0.00
  - Preparing KeplerianElements...
  - Propagating with AstDyn...
  - Propagation finished.
[DEBUG] intersect A=0.00 B=-0.02 C=3428929358.14 Disc=-0.00
  - Preparing KeplerianElements...
  - Propagating with AstDyn...
  - Propagation finished.
[DEBUG] intersect A=0.00 B=-0.02 C=3428920050.35 Disc=-0.00
  - Preparing KeplerianElements...
  - Propagating with AstDyn...
  - Propagation finished.
[DEBUG] intersect A=0.00 B=-0.02 C=3428910742.65 Disc=-0.00
  - Preparing KeplerianElements...
  - Propagating with AstDyn...
  - Propagation finished.
[DEBUG] intersect A=0.00 B=-0.02 C=3428901435.04 Disc=-0.00
  - Preparing KeplerianElements...
  - Propagating with AstDyn...
  - Propagation finished.
[DEBUG] intersect A=0.00 B=-0.02 C=3428892127.51 Disc=-0.00
  - Preparing KeplerianElements...
  - Propagating with AstDyn...
  - Propagation finished.
[DEBUG] intersect A=0.00 B=-0.02 C=3428882820.07 Disc=-0.00
  - Preparing KeplerianElements...
  - Propagating with AstDyn...
  - Propagation finished.
[DEBUG] intersect A=0.00 B=-0.02 C=3428873512.71 Disc=-0.00
[PHASE2] Entering calculateShadowDetails for star 3782940437640705408
  - Preparing KeplerianElements...
  - Propagating with AstDyn...
  - Propagation finished.
[DEBUG] intersect A=0.00 B=-0.02 C=3457717845.74 Disc=-0.00
  - Preparing KeplerianElements...
  - Propagating with AstDyn...
  - Propagation finished.
[DEBUG] intersect A=0.00 B=-0.02 C=3457708281.70 Disc=-0.00
  - Preparing KeplerianElements...
  - Propagating with AstDyn...
  - Propagation finished.
[DEBUG] intersect A=0.00 B=-0.02 C=3457698717.74 Disc=-0.00
  - Preparing KeplerianElements...
  - Propagating with AstDyn...
  - Propagation finished.
[DEBUG] intersect A=0.00 B=-0.02 C=3457689153.86 Disc=-0.00
  - Preparing KeplerianElements...
  - Propagating with AstDyn...
  - Propagation finished.
[DEBUG] intersect A=0.00 B=-0.02 C=3457679590.06 Disc=-0.00
  - Preparing KeplerianElements...
  - Propagating with AstDyn...
  - Propagation finished.
[DEBUG] intersect A=0.00 B=-0.02 C=3457670026.35 Disc=-0.00
  - Preparing KeplerianElements...
  - Propagating with AstDyn...
  - Propagation finished.
[DEBUG] intersect A=0.00 B=-0.02 C=3457660462.73 Disc=-0.00
  - Preparing KeplerianElements...
  - Propagating with AstDyn...
  - Propagation finished.
[DEBUG] intersect A=0.00 B=-0.02 C=3457650899.18 Disc=-0.00
  - Preparing KeplerianElements...
  - Propagating with AstDyn...
  - Propagation finished.
[DEBUG] intersect A=0.00 B=-0.02 C=3457641335.72 Disc=-0.00
  - Preparing KeplerianElements...
  - Propagating with AstDyn...
  - Propagation finished.
[DEBUG] intersect A=0.00 B=-0.02 C=3457631772.35 Disc=-0.00
  - Preparing KeplerianElements...
  - Propagating with AstDyn...
  - Propagation finished.
[DEBUG] CA Asteroid ICRF: -346341091136.71, 143835390917.55, -4167393810.55 [m]
[DEBUG] CA Asteroid ITRF: 205219617494.23, 313888005004.48, -4167393810.55 [m]
[DEBUG] Star Dir ITRF:    0.55, 0.84, -0.01
[DEBUG] Asteroid distance from Earth center: 375044181.75 km
[DEBUG] Expected distance (from state): 375157.83 km
[DEBUG] Geocentric distance (calculated): 2.51 AU = 375044181.75 km
[DEBUG] intersect A=0.00 B=-0.02 C=3457622209.06 Disc=-0.00
[DEBUG] Shadow ray magnitude: 1.00
[DEBUG] Shadow ray direction: -0.55, -0.84, 0.01
[DEBUG] Intersection result magnitude: 0.00
[DEBUG] NO INTERSECTION - asteroid too far or wrong geometry
  - Preparing KeplerianElements...
  - Propagating with AstDyn...
  - Propagation finished.
[DEBUG] intersect A=0.00 B=-0.02 C=3457612645.85 Disc=-0.00
  - Preparing KeplerianElements...
  - Propagating with AstDyn...
  - Propagation finished.
[DEBUG] intersect A=0.00 B=-0.02 C=3457603082.71 Disc=-0.00
  - Preparing KeplerianElements...
  - Propagating with AstDyn...
  - Propagation finished.
[DEBUG] intersect A=0.00 B=-0.02 C=3457593519.67 Disc=-0.00
  - Preparing KeplerianElements...
  - Propagating with AstDyn...
  - Propagation finished.
[DEBUG] intersect A=0.00 B=-0.02 C=3457583956.71 Disc=-0.00
  - Preparing KeplerianElements...
  - Propagating with AstDyn...
  - Propagation finished.
[DEBUG] intersect A=0.00 B=-0.02 C=3457574393.83 Disc=-0.00
  - Preparing KeplerianElements...
  - Propagating with AstDyn...
  - Propagation finished.
[DEBUG] intersect A=0.00 B=-0.02 C=3457564831.04 Disc=-0.00
  - Preparing KeplerianElements...
  - Propagating with AstDyn...
  - Propagation finished.
[DEBUG] intersect A=0.00 B=-0.02 C=3457555268.34 Disc=-0.00
  - Preparing KeplerianElements...
  - Propagating with AstDyn...
  - Propagation finished.
[DEBUG] intersect A=0.00 B=-0.02 C=3457545705.71 Disc=-0.00
  - Preparing KeplerianElements...
  - Propagating with AstDyn...
  - Propagation finished.
[DEBUG] intersect A=0.00 B=-0.02 C=3457536143.17 Disc=-0.00
  - Preparing KeplerianElements...
  - Propagating with AstDyn...
  - Propagation finished.
[DEBUG] intersect A=0.00 B=-0.02 C=3457526580.72 Disc=-0.00
[PHASE2] Entering calculateShadowDetails for star 3782917897652294400
  - Preparing KeplerianElements...
  - Propagating with AstDyn...
  - Propagation finished.
[DEBUG] intersect A=0.00 B=-0.02 C=3437284236.39 Disc=-0.00
  - Preparing KeplerianElements...
  - Propagating with AstDyn...
  - Propagation finished.
[DEBUG] intersect A=0.00 B=-0.02 C=3437274853.29 Disc=-0.00
  - Preparing KeplerianElements...
  - Propagating with AstDyn...
  - Propagation finished.
[DEBUG] intersect A=0.00 B=-0.02 C=3437265470.27 Disc=-0.00
  - Preparing KeplerianElements...
  - Propagating with AstDyn...
  - Propagation finished.
[DEBUG] intersect A=0.00 B=-0.02 C=3437256087.33 Disc=-0.00
  - Preparing KeplerianElements...
  - Propagating with AstDyn...
  - Propagation finished.
[DEBUG] intersect A=0.00 B=-0.02 C=3437246704.47 Disc=-0.00
  - Preparing KeplerianElements...
  - Propagating with AstDyn...
  - Propagation finished.
[DEBUG] intersect A=0.00 B=-0.02 C=3437237321.71 Disc=-0.00
  - Preparing KeplerianElements...
  - Propagating with AstDyn...
  - Propagation finished.
[DEBUG] intersect A=0.00 B=-0.02 C=3437227939.02 Disc=-0.00
  - Preparing KeplerianElements...
  - Propagating with AstDyn...
  - Propagation finished.
[DEBUG] intersect A=0.00 B=-0.02 C=3437218556.42 Disc=-0.00
  - Preparing KeplerianElements...
  - Propagating with AstDyn...
  - Propagation finished.
[DEBUG] intersect A=0.00 B=-0.02 C=3437209173.90 Disc=-0.00
  - Preparing KeplerianElements...
  - Propagating with AstDyn...
  - Propagation finished.
[DEBUG] intersect A=0.00 B=-0.02 C=3437199791.47 Disc=-0.00
  - Preparing KeplerianElements...
  - Propagating with AstDyn...
  - Propagation finished.
[DEBUG] CA Asteroid ICRF: -345108954951.26, 143906260274.99, -4213619662.02 [m]
[DEBUG] CA Asteroid ITRF: -311414592141.56, 206954474064.21, -4213619662.02 [m]
[DEBUG] Star Dir ITRF:    -0.83, 0.55, -0.01
[DEBUG] Asteroid distance from Earth center: 373934428.91 km
[DEBUG] Expected distance (from state): 374046.22 km
[DEBUG] Geocentric distance (calculated): 2.50 AU = 373934428.91 km
[DEBUG] intersect A=0.00 B=-0.02 C=3437190409.12 Disc=-0.00
[DEBUG] Shadow ray magnitude: 1.00
[DEBUG] Shadow ray direction: 0.83, -0.55, 0.01
[DEBUG] Intersection result magnitude: 0.00
[DEBUG] NO INTERSECTION - asteroid too far or wrong geometry
  - Preparing KeplerianElements...
  - Propagating with AstDyn...
  - Propagation finished.
[DEBUG] intersect A=0.00 B=-0.02 C=3437181026.86 Disc=-0.00
  - Preparing KeplerianElements...
  - Propagating with AstDyn...
  - Propagation finished.
[DEBUG] intersect A=0.00 B=-0.02 C=3437171644.68 Disc=-0.00
  - Preparing KeplerianElements...
  - Propagating with AstDyn...
  - Propagation finished.
[DEBUG] intersect A=0.00 B=-0.02 C=3437162262.57 Disc=-0.00
  - Preparing KeplerianElements...
  - Propagating with AstDyn...
  - Propagation finished.
[DEBUG] intersect A=0.00 B=-0.02 C=3437152880.56 Disc=-0.00
  - Preparing KeplerianElements...
  - Propagating with AstDyn...
  - Propagation finished.
[DEBUG] intersect A=0.00 B=-0.02 C=3437143498.63 Disc=-0.00
  - Preparing KeplerianElements...
  - Propagating with AstDyn...
  - Propagation finished.
[DEBUG] intersect A=0.00 B=-0.02 C=3437134116.79 Disc=-0.00
  - Preparing KeplerianElements...
  - Propagating with AstDyn...
  - Propagation finished.
[DEBUG] intersect A=0.00 B=-0.02 C=3437124735.03 Disc=-0.00
  - Preparing KeplerianElements...
  - Propagating with AstDyn...
  - Propagation finished.
[DEBUG] intersect A=0.00 B=-0.02 C=3437115353.35 Disc=-0.00
  - Preparing KeplerianElements...
  - Propagating with AstDyn...
  - Propagation finished.
[DEBUG] intersect A=0.00 B=-0.02 C=3437105971.76 Disc=-0.00
  - Preparing KeplerianElements...
  - Propagating with AstDyn...
  - Propagation finished.
[DEBUG] intersect A=0.00 B=-0.02 C=3437096590.26 Disc=-0.00
[PHASE2] Entering calculateShadowDetails for star 3782931607187930624
  - Preparing KeplerianElements...
  - Propagating with AstDyn...
  - Propagation finished.
[DEBUG] intersect A=0.00 B=-0.02 C=3554209510.02 Disc=-0.00
  - Preparing KeplerianElements...
  - Propagating with AstDyn...
  - Propagation finished.
[DEBUG] intersect A=0.00 B=-0.02 C=3554199148.46 Disc=-0.00
  - Preparing KeplerianElements...
  - Propagating with AstDyn...
  - Propagation finished.
[DEBUG] intersect A=0.00 B=-0.02 C=3554188786.99 Disc=-0.00
  - Preparing KeplerianElements...
  - Propagating with AstDyn...
  - Propagation finished.
[DEBUG] intersect A=0.00 B=-0.02 C=3554178425.59 Disc=-0.00
  - Preparing KeplerianElements...
  - Propagating with AstDyn...
  - Propagation finished.
[DEBUG] intersect A=0.00 B=-0.02 C=3554168064.28 Disc=-0.00
  - Preparing KeplerianElements...
  - Propagating with AstDyn...
  - Propagation finished.
[DEBUG] intersect A=0.00 B=-0.02 C=3554157703.05 Disc=-0.00
  - Preparing KeplerianElements...
  - Propagating with AstDyn...
  - Propagation finished.
[DEBUG] intersect A=0.00 B=-0.02 C=3554147341.90 Disc=-0.00
  - Preparing KeplerianElements...
  - Propagating with AstDyn...
  - Propagation finished.
[DEBUG] intersect A=0.00 B=-0.02 C=3554136980.83 Disc=-0.00
  - Preparing KeplerianElements...
  - Propagating with AstDyn...
  - Propagation finished.
[DEBUG] intersect A=0.00 B=-0.02 C=3554126619.84 Disc=-0.00
  - Preparing KeplerianElements...
  - Propagating with AstDyn...
  - Propagation finished.
[DEBUG] intersect A=0.00 B=-0.02 C=3554116258.93 Disc=-0.00
  - Preparing KeplerianElements...
  - Propagating with AstDyn...
  - Propagation finished.
[DEBUG] CA Asteroid ICRF: -351996079235.84, 143760588266.32, -3850488072.08 [m]
[DEBUG] CA Asteroid ITRF: -373405443841.82, -71670921895.65, -3850488072.08 [m]
[DEBUG] Star Dir ITRF:    -0.98, -0.19, -0.01
[DEBUG] Asteroid distance from Earth center: 380240940.45 km
[DEBUG] Expected distance (from state): 380362.35 km
[DEBUG] Geocentric distance (calculated): 2.54 AU = 380240940.45 km
[DEBUG] intersect A=0.00 B=-0.02 C=3554105898.10 Disc=-0.00
[DEBUG] Shadow ray magnitude: 1.00
[DEBUG] Shadow ray direction: 0.98, 0.19, 0.01
[DEBUG] Intersection result magnitude: 0.00
[DEBUG] NO INTERSECTION - asteroid too far or wrong geometry
  - Preparing KeplerianElements...
  - Propagating with AstDyn...
  - Propagation finished.
[DEBUG] intersect A=0.00 B=-0.02 C=3554095537.36 Disc=-0.00
  - Preparing KeplerianElements...
  - Propagating with AstDyn...
  - Propagation finished.
[DEBUG] intersect A=0.00 B=-0.02 C=3554085176.68 Disc=-0.00
  - Preparing KeplerianElements...
  - Propagating with AstDyn...
  - Propagation finished.
[DEBUG] intersect A=0.00 B=-0.02 C=3554074816.09 Disc=-0.00
  - Preparing KeplerianElements...
  - Propagating with AstDyn...
  - Propagation finished.
[DEBUG] intersect A=0.00 B=-0.02 C=3554064455.59 Disc=-0.00
  - Preparing KeplerianElements...
  - Propagating with AstDyn...
  - Propagation finished.
[DEBUG] intersect A=0.00 B=-0.02 C=3554054095.17 Disc=-0.00
  - Preparing KeplerianElements...
  - Propagating with AstDyn...
  - Propagation finished.
[DEBUG] intersect A=0.00 B=-0.02 C=3554043734.83 Disc=-0.00
  - Preparing KeplerianElements...
  - Propagating with AstDyn...
  - Propagation finished.
[DEBUG] intersect A=0.00 B=-0.02 C=3554033374.57 Disc=-0.00
  - Preparing KeplerianElements...
  - Propagating with AstDyn...
  - Propagation finished.
[DEBUG] intersect A=0.00 B=-0.02 C=3554023014.39 Disc=-0.00
  - Preparing KeplerianElements...
  - Propagating with AstDyn...
  - Propagation finished.
[DEBUG] intersect A=0.00 B=-0.02 C=3554012654.29 Disc=-0.00
  - Preparing KeplerianElements...
  - Propagating with AstDyn...
  - Propagation finished.
[DEBUG] intersect A=0.00 B=-0.02 C=3554002294.28 Disc=-0.00
[PHASE2] Entering calculateShadowDetails for star 3782944835687202688
  - Preparing KeplerianElements...
  - Propagating with AstDyn...
  - Propagation finished.
[DEBUG] intersect A=0.00 B=-0.02 C=3534873234.09 Disc=-0.00
  - Preparing KeplerianElements...
  - Propagating with AstDyn...
  - Propagation finished.
[DEBUG] intersect A=0.00 B=-0.02 C=3534863025.39 Disc=-0.00
  - Preparing KeplerianElements...
  - Propagating with AstDyn...
  - Propagation finished.
[DEBUG] intersect A=0.00 B=-0.02 C=3534852816.77 Disc=-0.00
  - Preparing KeplerianElements...
  - Propagating with AstDyn...
  - Propagation finished.
[DEBUG] intersect A=0.00 B=-0.02 C=3534842608.23 Disc=-0.00
  - Preparing KeplerianElements...
  - Propagating with AstDyn...
  - Propagation finished.
[DEBUG] intersect A=0.00 B=-0.02 C=3534832399.78 Disc=-0.00
  - Preparing KeplerianElements...
  - Propagating with AstDyn...
  - Propagation finished.
[DEBUG] intersect A=0.00 B=-0.02 C=3534822191.40 Disc=-0.00
  - Preparing KeplerianElements...
  - Propagating with AstDyn...
  - Propagation finished.
[DEBUG] intersect A=0.00 B=-0.02 C=3534811983.11 Disc=-0.00
  - Preparing KeplerianElements...
  - Propagating with AstDyn...
  - Propagation finished.
[DEBUG] intersect A=0.00 B=-0.02 C=3534801774.89 Disc=-0.00
  - Preparing KeplerianElements...
  - Propagating with AstDyn...
  - Propagation finished.
[DEBUG] intersect A=0.00 B=-0.02 C=3534791566.76 Disc=-0.00
  - Preparing KeplerianElements...
  - Propagating with AstDyn...
  - Propagation finished.
[DEBUG] intersect A=0.00 B=-0.02 C=3534781358.71 Disc=-0.00
  - Preparing KeplerianElements...
  - Propagating with AstDyn...
  - Propagation finished.
[DEBUG] CA Asteroid ICRF: -350883136910.46, 143743620910.83, -3926165219.44 [m]
[DEBUG] CA Asteroid ITRF: 268874403408.70, -267371949748.46, -3926165219.44 [m]
[DEBUG] Star Dir ITRF:    0.71, -0.70, -0.01
[DEBUG] Asteroid distance from Earth center: 379205246.66 km
[DEBUG] Expected distance (from state): 379325.22 km
[DEBUG] Geocentric distance (calculated): 2.53 AU = 379205246.66 km
[DEBUG] intersect A=0.00 B=-0.02 C=3534771150.75 Disc=-0.00
[DEBUG] Shadow ray magnitude: 1.00
[DEBUG] Shadow ray direction: -0.71, 0.70, 0.01
[DEBUG] Intersection result magnitude: 0.00
[DEBUG] NO INTERSECTION - asteroid too far or wrong geometry
  - Preparing KeplerianElements...
  - Propagating with AstDyn...
  - Propagation finished.
[DEBUG] intersect A=0.00 B=-0.02 C=3534760942.86 Disc=-0.00
  - Preparing KeplerianElements...
  - Propagating with AstDyn...
  - Propagation finished.
[DEBUG] intersect A=0.00 B=-0.02 C=3534750735.05 Disc=-0.00
  - Preparing KeplerianElements...
  - Propagating with AstDyn...
  - Propagation finished.
[DEBUG] intersect A=0.00 B=-0.02 C=3534740527.33 Disc=-0.00
  - Preparing KeplerianElements...
  - Propagating with AstDyn...
  - Propagation finished.
[DEBUG] intersect A=0.00 B=-0.02 C=3534730319.69 Disc=-0.00
  - Preparing KeplerianElements...
  - Propagating with AstDyn...
  - Propagation finished.
[DEBUG] intersect A=0.00 B=-0.02 C=3534720112.13 Disc=-0.00
  - Preparing KeplerianElements...
  - Propagating with AstDyn...
  - Propagation finished.
[DEBUG] intersect A=0.00 B=-0.02 C=3534709904.64 Disc=-0.00
  - Preparing KeplerianElements...
  - Propagating with AstDyn...
  - Propagation finished.
[DEBUG] intersect A=0.00 B=-0.02 C=3534699697.24 Disc=-0.00
  - Preparing KeplerianElements...
  - Propagating with AstDyn...
  - Propagation finished.
[DEBUG] intersect A=0.00 B=-0.02 C=3534689489.92 Disc=-0.00
  - Preparing KeplerianElements...
  - Propagating with AstDyn...
  - Propagation finished.
[DEBUG] intersect A=0.00 B=-0.02 C=3534679282.69 Disc=-0.00
  - Preparing KeplerianElements...
  - Propagating with AstDyn...
  - Propagation finished.
[DEBUG] intersect A=0.00 B=-0.02 C=3534669075.54 Disc=-0.00
Processed Phase 2 for all candidates. Found 11 confirmed events.
--------------------------------------------------
CANDIDATE RESULT (Phase 2):
  Star ID:  3782934665204637696
  Star Pos: RA=157.991261 Dec=-0.538403
  Date:     61054.99306
  CA Dist:  281.829"
  Duration: 0.82 s
--------------------------------------------------
--------------------------------------------------
CANDIDATE RESULT (Phase 2):
  Star ID:  3782923429570207232
  Star Pos: RA=157.775588 Dec=-0.737693
  Date:     61057.17361
  CA Dist:  298.439"
  Duration: 0.75 s
--------------------------------------------------
--------------------------------------------------
CANDIDATE RESULT (Phase 2):
  Star ID:  3782925319355811200
  Star Pos: RA=157.900311 Dec=-0.693078
  Date:     61055.87894
  CA Dist:  226.436"
  Duration: 0.79 s
--------------------------------------------------
--------------------------------------------------
CANDIDATE RESULT (Phase 2):
  Star ID:  3782936451911047296
  Star Pos: RA=157.753345 Dec=-0.672160
  Date:     61057.28869
  CA Dist:  52.368"
  Duration: 0.74 s
--------------------------------------------------
--------------------------------------------------
CANDIDATE RESULT (Phase 2):
  Star ID:  3782937379623987840
  Star Pos: RA=157.675579 Dec=-0.670462
  Date:     61058.03472
  CA Dist:  3.042"
  Duration: 0.72 s
--------------------------------------------------
--------------------------------------------------
CANDIDATE RESULT (Phase 2):
  Star ID:  3782940849957559424
  Star Pos: RA=157.664073 Dec=-0.599500
  Date:     61058.04087
  CA Dist:  256.171"
  Duration: 0.72 s
--------------------------------------------------
--------------------------------------------------
CANDIDATE RESULT (Phase 2):
  Star ID:  3782917141738052736
  Star Pos: RA=157.452501 Dec=-0.678592
  Date:     61060.00694
  CA Dist:  68.528"
  Duration: 0.67 s
--------------------------------------------------
--------------------------------------------------
CANDIDATE RESULT (Phase 2):
  Star ID:  3782940437640705408
  Star Pos: RA=157.572550 Dec=-0.637202
  Date:     61058.95247
  CA Dist:  165.263"
  Duration: 0.70 s
--------------------------------------------------
--------------------------------------------------
CANDIDATE RESULT (Phase 2):
  Star ID:  3782917897652294400
  Star Pos: RA=157.491229 Dec=-0.635273
  Date:     61059.70139
  CA Dist:  204.541"
  Duration: 0.68 s
--------------------------------------------------
--------------------------------------------------
CANDIDATE RESULT (Phase 2):
  Star ID:  3782931607187930624
  Star Pos: RA=157.915165 Dec=-0.637784
  Date:     61055.59028
  CA Dist:  43.933"
  Duration: 0.80 s
--------------------------------------------------
--------------------------------------------------
CANDIDATE RESULT (Phase 2):
  Star ID:  3782944835687202688
  Star Pos: RA=157.838112 Dec=-0.564337
  Date:     61056.24306
  CA Dist:  273.276"
  Duration: 0.77 s
--------------------------------------------------

Exporting results to XML...
✅ Results exported to XML: italoccultcalc_output.xml

Generating Event Cards...
[DEBUG] Calling OutputManager for 11 events
Generating IOccult Card: ioccult_card_26224_1.png
[DEBUG] Entering generateGroundMapImage for asteroid 26224, name 
[DEBUG] Central Path size: 0
[DEBUG] WARNING: Central path is empty!
[MapPathRenderer] Inizializzazione Mapnik...
[MapPathRenderer] Datasources registrate da: /opt/homebrew/lib/mapnik/input
[MapPathRenderer] Datasources registrate da: /usr/local/lib/mapnik/input
[MapPathRenderer] Datasources registrate da: /opt/homebrew/Cellar/mapnik/4.1.4_2/lib/mapnik/input
[MapPathRenderer] Plugin caricati: csv gdal geobuf geojson ogr pgraster postgis raster shape sqlite tiles topojson 
📐 Campo visivo impostato:
   Centro: RA 157.99° Dec -0.54°
   Campo visivo: 10.00°
🔆 Magnitudine limite: 10.00
⭐ Aggiunte 494 stelle SAO
🎯 Target impostato: 
   RA: 157.99° Dec: -0.54°

🎨 === Rendering Mappa Celeste ===
📏 Rendering griglia di coordinate RA/Dec...
📍 Rendering confini costellazioni...
📐 Rendering linee costellazioni...
⭐ Rendering stelle SAO...
   Stelle visualizzate: 494
💾 Salvataggio mappa...
Mapnik LOG> 2026-01-18 10:38:29: SVG parse error: can't infer valid image dimensions from width:"100%" height:"100%"

✅ Mappa celeste generata: results_26224/sky.png

📋 Dettagli renderizzazione:
   Centro: RA 157.99° Dec -0.54°
   Campo visivo: 10.00°
   Dimensioni: 1920x1080 px
   Stelle visualizzate: 494
   Magnitudine limite: 10.00
   Linee costellazioni: 0
   Confini costellazioni: 0
   Griglia RA/Dec: ogni 10.00°
[MapPathRenderer] Inizializzazione Mapnik...
[MapPathRenderer] Datasources registrate da: /opt/homebrew/lib/mapnik/input
[MapPathRenderer] Datasources registrate da: /usr/local/lib/mapnik/input
[MapPathRenderer] Datasources registrate da: /opt/homebrew/Cellar/mapnik/4.1.4_2/lib/mapnik/input
[MapPathRenderer] Plugin caricati: csv gdal geobuf geojson ogr pgraster postgis raster shape sqlite tiles topojson 
Campo visivo impostato: RA 157.99° Dec -0.54° FOV 4.00°
Magnitudine limite: 14.00
Aggiunte 1550 stelle SAO
Target impostato:  (RA 157.99° Dec -0.54°)

=== Rendering Finder Chart ===
Rendering confini costellazioni...
Rendering linee costellazioni...
Rendering stelle SAO...
Rendering target...

✓ Finder Chart generata: results_26224/finder.png
  ✅ Sfondo bianco per stampa
  ✅ Stelle del catalogo SAO con numeri
  ✅ Linee e confini delle costellazioni
Generating IOccult Card: ioccult_card_26224_2.png
[DEBUG] Entering generateGroundMapImage for asteroid 26224, name 
[DEBUG] Central Path size: 0
[DEBUG] WARNING: Central path is empty!
[MapPathRenderer] Inizializzazione Mapnik...
[MapPathRenderer] Datasources registrate da: /opt/homebrew/lib/mapnik/input
[MapPathRenderer] Datasources registrate da: /usr/local/lib/mapnik/input
[MapPathRenderer] Datasources registrate da: /opt/homebrew/Cellar/mapnik/4.1.4_2/lib/mapnik/input
[MapPathRenderer] Plugin caricati: csv gdal geobuf geojson ogr pgraster postgis raster shape sqlite tiles topojson 
📐 Campo visivo impostato:
   Centro: RA 157.78° Dec -0.74°
   Campo visivo: 10.00°
🔆 Magnitudine limite: 10.00
⭐ Aggiunte 495 stelle SAO
🎯 Target impostato: 
   RA: 157.78° Dec: -0.74°

🎨 === Rendering Mappa Celeste ===
📏 Rendering griglia di coordinate RA/Dec...
📍 Rendering confini costellazioni...
📐 Rendering linee costellazioni...
⭐ Rendering stelle SAO...
   Stelle visualizzate: 495
💾 Salvataggio mappa...

✅ Mappa celeste generata: results_26224/sky.png

📋 Dettagli renderizzazione:
   Centro: RA 157.78° Dec -0.74°
   Campo visivo: 10.00°
   Dimensioni: 1920x1080 px
   Stelle visualizzate: 495
   Magnitudine limite: 10.00
   Linee costellazioni: 0
   Confini costellazioni: 0
   Griglia RA/Dec: ogni 10.00°
[MapPathRenderer] Inizializzazione Mapnik...
[MapPathRenderer] Datasources registrate da: /opt/homebrew/lib/mapnik/input
[MapPathRenderer] Datasources registrate da: /usr/local/lib/mapnik/input
[MapPathRenderer] Datasources registrate da: /opt/homebrew/Cellar/mapnik/4.1.4_2/lib/mapnik/input
[MapPathRenderer] Plugin caricati: csv gdal geobuf geojson ogr pgraster postgis raster shape sqlite tiles topojson 
Campo visivo impostato: RA 157.78° Dec -0.74° FOV 4.00°
Magnitudine limite: 14.00
Aggiunte 1563 stelle SAO
Target impostato:  (RA 157.78° Dec -0.74°)

=== Rendering Finder Chart ===
Rendering confini costellazioni...
Rendering linee costellazioni...
Rendering stelle SAO...
Rendering target...

✓ Finder Chart generata: results_26224/finder.png
  ✅ Sfondo bianco per stampa
  ✅ Stelle del catalogo SAO con numeri
  ✅ Linee e confini delle costellazioni
Generating IOccult Card: ioccult_card_26224_3.png
[DEBUG] Entering generateGroundMapImage for asteroid 26224, name 
[DEBUG] Central Path size: 0
[DEBUG] WARNING: Central path is empty!
[MapPathRenderer] Inizializzazione Mapnik...
[MapPathRenderer] Datasources registrate da: /opt/homebrew/lib/mapnik/input
[MapPathRenderer] Datasources registrate da: /usr/local/lib/mapnik/input
[MapPathRenderer] Datasources registrate da: /opt/homebrew/Cellar/mapnik/4.1.4_2/lib/mapnik/input
[MapPathRenderer] Plugin caricati: csv gdal geobuf geojson ogr pgraster postgis raster shape sqlite tiles topojson 
📐 Campo visivo impostato:
   Centro: RA 157.90° Dec -0.69°
   Campo visivo: 10.00°
🔆 Magnitudine limite: 10.00
⭐ Aggiunte 491 stelle SAO
🎯 Target impostato: 
   RA: 157.90° Dec: -0.69°

🎨 === Rendering Mappa Celeste ===
📏 Rendering griglia di coordinate RA/Dec...
📍 Rendering confini costellazioni...
📐 Rendering linee costellazioni...
⭐ Rendering stelle SAO...
   Stelle visualizzate: 491
💾 Salvataggio mappa...

✅ Mappa celeste generata: results_26224/sky.png

📋 Dettagli renderizzazione:
   Centro: RA 157.90° Dec -0.69°
   Campo visivo: 10.00°
   Dimensioni: 1920x1080 px
   Stelle visualizzate: 491
   Magnitudine limite: 10.00
   Linee costellazioni: 0
   Confini costellazioni: 0
   Griglia RA/Dec: ogni 10.00°
[MapPathRenderer] Inizializzazione Mapnik...
[MapPathRenderer] Datasources registrate da: /opt/homebrew/lib/mapnik/input
[MapPathRenderer] Datasources registrate da: /usr/local/lib/mapnik/input
[MapPathRenderer] Datasources registrate da: /opt/homebrew/Cellar/mapnik/4.1.4_2/lib/mapnik/input
[MapPathRenderer] Plugin caricati: csv gdal geobuf geojson ogr pgraster postgis raster shape sqlite tiles topojson 
Campo visivo impostato: RA 157.90° Dec -0.69° FOV 4.00°
Magnitudine limite: 14.00
Aggiunte 1566 stelle SAO
Target impostato:  (RA 157.90° Dec -0.69°)

=== Rendering Finder Chart ===
Rendering confini costellazioni...
Rendering linee costellazioni...
Rendering stelle SAO...
Rendering target...

✓ Finder Chart generata: results_26224/finder.png
  ✅ Sfondo bianco per stampa
  ✅ Stelle del catalogo SAO con numeri
  ✅ Linee e confini delle costellazioni
Generating IOccult Card: ioccult_card_26224_4.png
[DEBUG] Entering generateGroundMapImage for asteroid 26224, name 
[DEBUG] Central Path size: 0
[DEBUG] WARNING: Central path is empty!
[MapPathRenderer] Inizializzazione Mapnik...
[MapPathRenderer] Datasources registrate da: /opt/homebrew/lib/mapnik/input
[MapPathRenderer] Datasources registrate da: /usr/local/lib/mapnik/input
[MapPathRenderer] Datasources registrate da: /opt/homebrew/Cellar/mapnik/4.1.4_2/lib/mapnik/input
[MapPathRenderer] Plugin caricati: csv gdal geobuf geojson ogr pgraster postgis raster shape sqlite tiles topojson 
📐 Campo visivo impostato:
   Centro: RA 157.75° Dec -0.67°
   Campo visivo: 10.00°
🔆 Magnitudine limite: 10.00
⭐ Aggiunte 493 stelle SAO
🎯 Target impostato: 
   RA: 157.75° Dec: -0.67°

🎨 === Rendering Mappa Celeste ===
📏 Rendering griglia di coordinate RA/Dec...
📍 Rendering confini costellazioni...
📐 Rendering linee costellazioni...
⭐ Rendering stelle SAO...
   Stelle visualizzate: 493
💾 Salvataggio mappa...

✅ Mappa celeste generata: results_26224/sky.png

📋 Dettagli renderizzazione:
   Centro: RA 157.75° Dec -0.67°
   Campo visivo: 10.00°
   Dimensioni: 1920x1080 px
   Stelle visualizzate: 493
   Magnitudine limite: 10.00
   Linee costellazioni: 0
   Confini costellazioni: 0
   Griglia RA/Dec: ogni 10.00°
[MapPathRenderer] Inizializzazione Mapnik...
[MapPathRenderer] Datasources registrate da: /opt/homebrew/lib/mapnik/input
[MapPathRenderer] Datasources registrate da: /usr/local/lib/mapnik/input
[MapPathRenderer] Datasources registrate da: /opt/homebrew/Cellar/mapnik/4.1.4_2/lib/mapnik/input
[MapPathRenderer] Plugin caricati: csv gdal geobuf geojson ogr pgraster postgis raster shape sqlite tiles topojson 
Campo visivo impostato: RA 157.75° Dec -0.67° FOV 4.00°
Magnitudine limite: 14.00
Aggiunte 1555 stelle SAO
Target impostato:  (RA 157.75° Dec -0.67°)

=== Rendering Finder Chart ===
Rendering confini costellazioni...
Rendering linee costellazioni...
Rendering stelle SAO...
Rendering target...

✓ Finder Chart generata: results_26224/finder.png
  ✅ Sfondo bianco per stampa
  ✅ Stelle del catalogo SAO con numeri
  ✅ Linee e confini delle costellazioni
Generating IOccult Card: ioccult_card_26224_5.png
[DEBUG] Entering generateGroundMapImage for asteroid 26224, name 
[DEBUG] Central Path size: 0
[DEBUG] WARNING: Central path is empty!
[MapPathRenderer] Inizializzazione Mapnik...
[MapPathRenderer] Datasources registrate da: /opt/homebrew/lib/mapnik/input
[MapPathRenderer] Datasources registrate da: /usr/local/lib/mapnik/input
[MapPathRenderer] Datasources registrate da: /opt/homebrew/Cellar/mapnik/4.1.4_2/lib/mapnik/input
[MapPathRenderer] Plugin caricati: csv gdal geobuf geojson ogr pgraster postgis raster shape sqlite tiles topojson 
📐 Campo visivo impostato:
   Centro: RA 157.68° Dec -0.67°
   Campo visivo: 10.00°
🔆 Magnitudine limite: 10.00
⭐ Aggiunte 492 stelle SAO
🎯 Target impostato: 
   RA: 157.68° Dec: -0.67°

🎨 === Rendering Mappa Celeste ===
📏 Rendering griglia di coordinate RA/Dec...
📍 Rendering confini costellazioni...
📐 Rendering linee costellazioni...
⭐ Rendering stelle SAO...
   Stelle visualizzate: 492
💾 Salvataggio mappa...

✅ Mappa celeste generata: results_26224/sky.png

📋 Dettagli renderizzazione:
   Centro: RA 157.68° Dec -0.67°
   Campo visivo: 10.00°
   Dimensioni: 1920x1080 px
   Stelle visualizzate: 492
   Magnitudine limite: 10.00
   Linee costellazioni: 0
   Confini costellazioni: 0
   Griglia RA/Dec: ogni 10.00°
[MapPathRenderer] Inizializzazione Mapnik...
[MapPathRenderer] Datasources registrate da: /opt/homebrew/lib/mapnik/input
[MapPathRenderer] Datasources registrate da: /usr/local/lib/mapnik/input
[MapPathRenderer] Datasources registrate da: /opt/homebrew/Cellar/mapnik/4.1.4_2/lib/mapnik/input
[MapPathRenderer] Plugin caricati: csv gdal geobuf geojson ogr pgraster postgis raster shape sqlite tiles topojson 
Campo visivo impostato: RA 157.68° Dec -0.67° FOV 4.00°
Magnitudine limite: 14.00
Aggiunte 1554 stelle SAO
Target impostato:  (RA 157.68° Dec -0.67°)

=== Rendering Finder Chart ===
Rendering confini costellazioni...
Rendering linee costellazioni...
Rendering stelle SAO...
Rendering target...

✓ Finder Chart generata: results_26224/finder.png
  ✅ Sfondo bianco per stampa
  ✅ Stelle del catalogo SAO con numeri
  ✅ Linee e confini delle costellazioni
Generating IOccult Card: ioccult_card_26224_6.png
[DEBUG] Entering generateGroundMapImage for asteroid 26224, name 
[DEBUG] Central Path size: 0
[DEBUG] WARNING: Central path is empty!
[MapPathRenderer] Inizializzazione Mapnik...
[MapPathRenderer] Datasources registrate da: /opt/homebrew/lib/mapnik/input
[MapPathRenderer] Datasources registrate da: /usr/local/lib/mapnik/input
[MapPathRenderer] Datasources registrate da: /opt/homebrew/Cellar/mapnik/4.1.4_2/lib/mapnik/input
[MapPathRenderer] Plugin caricati: csv gdal geobuf geojson ogr pgraster postgis raster shape sqlite tiles topojson 
📐 Campo visivo impostato:
   Centro: RA 157.66° Dec -0.60°
   Campo visivo: 10.00°
🔆 Magnitudine limite: 10.00
⭐ Aggiunte 490 stelle SAO
🎯 Target impostato: 
   RA: 157.66° Dec: -0.60°

🎨 === Rendering Mappa Celeste ===
📏 Rendering griglia di coordinate RA/Dec...
📍 Rendering confini costellazioni...
📐 Rendering linee costellazioni...
⭐ Rendering stelle SAO...
   Stelle visualizzate: 490
💾 Salvataggio mappa...

✅ Mappa celeste generata: results_26224/sky.png

📋 Dettagli renderizzazione:
   Centro: RA 157.66° Dec -0.60°
   Campo visivo: 10.00°
   Dimensioni: 1920x1080 px
   Stelle visualizzate: 490
   Magnitudine limite: 10.00
   Linee costellazioni: 0
   Confini costellazioni: 0
   Griglia RA/Dec: ogni 10.00°
[MapPathRenderer] Inizializzazione Mapnik...
[MapPathRenderer] Datasources registrate da: /opt/homebrew/lib/mapnik/input
[MapPathRenderer] Datasources registrate da: /usr/local/lib/mapnik/input
[MapPathRenderer] Datasources registrate da: /opt/homebrew/Cellar/mapnik/4.1.4_2/lib/mapnik/input
[MapPathRenderer] Plugin caricati: csv gdal geobuf geojson ogr pgraster postgis raster shape sqlite tiles topojson 
Campo visivo impostato: RA 157.66° Dec -0.60° FOV 4.00°
Magnitudine limite: 14.00
Aggiunte 1552 stelle SAO
Target impostato:  (RA 157.66° Dec -0.60°)

=== Rendering Finder Chart ===
Rendering confini costellazioni...
Rendering linee costellazioni...
Rendering stelle SAO...
Rendering target...

✓ Finder Chart generata: results_26224/finder.png
  ✅ Sfondo bianco per stampa
  ✅ Stelle del catalogo SAO con numeri
  ✅ Linee e confini delle costellazioni
Generating IOccult Card: ioccult_card_26224_7.png
[DEBUG] Entering generateGroundMapImage for asteroid 26224, name 
[DEBUG] Central Path size: 0
[DEBUG] WARNING: Central path is empty!
[MapPathRenderer] Inizializzazione Mapnik...
[MapPathRenderer] Datasources registrate da: /opt/homebrew/lib/mapnik/input
[MapPathRenderer] Datasources registrate da: /usr/local/lib/mapnik/input
[MapPathRenderer] Datasources registrate da: /opt/homebrew/Cellar/mapnik/4.1.4_2/lib/mapnik/input
[MapPathRenderer] Plugin caricati: csv gdal geobuf geojson ogr pgraster postgis raster shape sqlite tiles topojson 
📐 Campo visivo impostato:
   Centro: RA 157.45° Dec -0.68°
   Campo visivo: 10.00°
🔆 Magnitudine limite: 10.00
⭐ Aggiunte 488 stelle SAO
🎯 Target impostato: 
   RA: 157.45° Dec: -0.68°

🎨 === Rendering Mappa Celeste ===
📏 Rendering griglia di coordinate RA/Dec...
📍 Rendering confini costellazioni...
📐 Rendering linee costellazioni...
⭐ Rendering stelle SAO...
   Stelle visualizzate: 488
💾 Salvataggio mappa...

✅ Mappa celeste generata: results_26224/sky.png

📋 Dettagli renderizzazione:
   Centro: RA 157.45° Dec -0.68°
   Campo visivo: 10.00°
   Dimensioni: 1920x1080 px
   Stelle visualizzate: 488
   Magnitudine limite: 10.00
   Linee costellazioni: 0
   Confini costellazioni: 0
   Griglia RA/Dec: ogni 10.00°
[MapPathRenderer] Inizializzazione Mapnik...
[MapPathRenderer] Datasources registrate da: /opt/homebrew/lib/mapnik/input
[MapPathRenderer] Datasources registrate da: /usr/local/lib/mapnik/input
[MapPathRenderer] Datasources registrate da: /opt/homebrew/Cellar/mapnik/4.1.4_2/lib/mapnik/input
[MapPathRenderer] Plugin caricati: csv gdal geobuf geojson ogr pgraster postgis raster shape sqlite tiles topojson 
Campo visivo impostato: RA 157.45° Dec -0.68° FOV 4.00°
Magnitudine limite: 14.00
Aggiunte 1557 stelle SAO
Target impostato:  (RA 157.45° Dec -0.68°)

=== Rendering Finder Chart ===
Rendering confini costellazioni...
Rendering linee costellazioni...
Rendering stelle SAO...
Rendering target...

✓ Finder Chart generata: results_26224/finder.png
  ✅ Sfondo bianco per stampa
  ✅ Stelle del catalogo SAO con numeri
  ✅ Linee e confini delle costellazioni
Generating IOccult Card: ioccult_card_26224_8.png
[DEBUG] Entering generateGroundMapImage for asteroid 26224, name 
[DEBUG] Central Path size: 0
[DEBUG] WARNING: Central path is empty!
[MapPathRenderer] Inizializzazione Mapnik...
[MapPathRenderer] Datasources registrate da: /opt/homebrew/lib/mapnik/input
[MapPathRenderer] Datasources registrate da: /usr/local/lib/mapnik/input
[MapPathRenderer] Datasources registrate da: /opt/homebrew/Cellar/mapnik/4.1.4_2/lib/mapnik/input
[MapPathRenderer] Plugin caricati: csv gdal geobuf geojson ogr pgraster postgis raster shape sqlite tiles topojson 
📐 Campo visivo impostato:
   Centro: RA 157.57° Dec -0.64°
   Campo visivo: 10.00°
🔆 Magnitudine limite: 10.00
⭐ Aggiunte 489 stelle SAO
🎯 Target impostato: 
   RA: 157.57° Dec: -0.64°

🎨 === Rendering Mappa Celeste ===
📏 Rendering griglia di coordinate RA/Dec...
📍 Rendering confini costellazioni...
📐 Rendering linee costellazioni...
⭐ Rendering stelle SAO...
   Stelle visualizzate: 489
💾 Salvataggio mappa...

✅ Mappa celeste generata: results_26224/sky.png

📋 Dettagli renderizzazione:
   Centro: RA 157.57° Dec -0.64°
   Campo visivo: 10.00°
   Dimensioni: 1920x1080 px
   Stelle visualizzate: 489
   Magnitudine limite: 10.00
   Linee costellazioni: 0
   Confini costellazioni: 0
   Griglia RA/Dec: ogni 10.00°
[MapPathRenderer] Inizializzazione Mapnik...
[MapPathRenderer] Datasources registrate da: /opt/homebrew/lib/mapnik/input
[MapPathRenderer] Datasources registrate da: /usr/local/lib/mapnik/input
[MapPathRenderer] Datasources registrate da: /opt/homebrew/Cellar/mapnik/4.1.4_2/lib/mapnik/input
[MapPathRenderer] Plugin caricati: csv gdal geobuf geojson ogr pgraster postgis raster shape sqlite tiles topojson 
Campo visivo impostato: RA 157.57° Dec -0.64° FOV 4.00°
Magnitudine limite: 14.00
Aggiunte 1550 stelle SAO
Target impostato:  (RA 157.57° Dec -0.64°)

=== Rendering Finder Chart ===
Rendering confini costellazioni...
Rendering linee costellazioni...
Rendering stelle SAO...
Rendering target...

✓ Finder Chart generata: results_26224/finder.png
  ✅ Sfondo bianco per stampa
  ✅ Stelle del catalogo SAO con numeri
  ✅ Linee e confini delle costellazioni
Generating IOccult Card: ioccult_card_26224_9.png
[DEBUG] Entering generateGroundMapImage for asteroid 26224, name 
[DEBUG] Central Path size: 0
[DEBUG] WARNING: Central path is empty!
[MapPathRenderer] Inizializzazione Mapnik...
[MapPathRenderer] Datasources registrate da: /opt/homebrew/lib/mapnik/input
[MapPathRenderer] Datasources registrate da: /usr/local/lib/mapnik/input
[MapPathRenderer] Datasources registrate da: /opt/homebrew/Cellar/mapnik/4.1.4_2/lib/mapnik/input
[MapPathRenderer] Plugin caricati: csv gdal geobuf geojson ogr pgraster postgis raster shape sqlite tiles topojson 
📐 Campo visivo impostato:
   Centro: RA 157.49° Dec -0.64°
   Campo visivo: 10.00°
🔆 Magnitudine limite: 10.00
⭐ Aggiunte 486 stelle SAO
🎯 Target impostato: 
   RA: 157.49° Dec: -0.64°

🎨 === Rendering Mappa Celeste ===
📏 Rendering griglia di coordinate RA/Dec...
📍 Rendering confini costellazioni...
📐 Rendering linee costellazioni...
⭐ Rendering stelle SAO...
   Stelle visualizzate: 486
💾 Salvataggio mappa...

✅ Mappa celeste generata: results_26224/sky.png

📋 Dettagli renderizzazione:
   Centro: RA 157.49° Dec -0.64°
   Campo visivo: 10.00°
   Dimensioni: 1920x1080 px
   Stelle visualizzate: 486
   Magnitudine limite: 10.00
   Linee costellazioni: 0
   Confini costellazioni: 0
   Griglia RA/Dec: ogni 10.00°
[MapPathRenderer] Inizializzazione Mapnik...
[MapPathRenderer] Datasources registrate da: /opt/homebrew/lib/mapnik/input
[MapPathRenderer] Datasources registrate da: /usr/local/lib/mapnik/input
[MapPathRenderer] Datasources registrate da: /opt/homebrew/Cellar/mapnik/4.1.4_2/lib/mapnik/input
[MapPathRenderer] Plugin caricati: csv gdal geobuf geojson ogr pgraster postgis raster shape sqlite tiles topojson 
Campo visivo impostato: RA 157.49° Dec -0.64° FOV 4.00°
Magnitudine limite: 14.00
Aggiunte 1553 stelle SAO
Target impostato:  (RA 157.49° Dec -0.64°)

=== Rendering Finder Chart ===
Rendering confini costellazioni...
Rendering linee costellazioni...
Rendering stelle SAO...
Rendering target...

✓ Finder Chart generata: results_26224/finder.png
  ✅ Sfondo bianco per stampa
  ✅ Stelle del catalogo SAO con numeri
  ✅ Linee e confini delle costellazioni
Generating IOccult Card: ioccult_card_26224_10.png
[DEBUG] Entering generateGroundMapImage for asteroid 26224, name 
[DEBUG] Central Path size: 0
[DEBUG] WARNING: Central path is empty!
[MapPathRenderer] Inizializzazione Mapnik...
[MapPathRenderer] Datasources registrate da: /opt/homebrew/lib/mapnik/input
[MapPathRenderer] Datasources registrate da: /usr/local/lib/mapnik/input
[MapPathRenderer] Datasources registrate da: /opt/homebrew/Cellar/mapnik/4.1.4_2/lib/mapnik/input
[MapPathRenderer] Plugin caricati: csv gdal geobuf geojson ogr pgraster postgis raster shape sqlite tiles topojson 
📐 Campo visivo impostato:
   Centro: RA 157.92° Dec -0.64°
   Campo visivo: 10.00°
🔆 Magnitudine limite: 10.00
⭐ Aggiunte 491 stelle SAO
🎯 Target impostato: 
   RA: 157.92° Dec: -0.64°

🎨 === Rendering Mappa Celeste ===
📏 Rendering griglia di coordinate RA/Dec...
📍 Rendering confini costellazioni...
📐 Rendering linee costellazioni...
⭐ Rendering stelle SAO...
   Stelle visualizzate: 491
💾 Salvataggio mappa...

✅ Mappa celeste generata: results_26224/sky.png

📋 Dettagli renderizzazione:
   Centro: RA 157.92° Dec -0.64°
   Campo visivo: 10.00°
   Dimensioni: 1920x1080 px
   Stelle visualizzate: 491
   Magnitudine limite: 10.00
   Linee costellazioni: 0
   Confini costellazioni: 0
   Griglia RA/Dec: ogni 10.00°
[MapPathRenderer] Inizializzazione Mapnik...
[MapPathRenderer] Datasources registrate da: /opt/homebrew/lib/mapnik/input
[MapPathRenderer] Datasources registrate da: /usr/local/lib/mapnik/input
[MapPathRenderer] Datasources registrate da: /opt/homebrew/Cellar/mapnik/4.1.4_2/lib/mapnik/input
[MapPathRenderer] Plugin caricati: csv gdal geobuf geojson ogr pgraster postgis raster shape sqlite tiles topojson 
Campo visivo impostato: RA 157.92° Dec -0.64° FOV 4.00°
Magnitudine limite: 14.00
Aggiunte 1562 stelle SAO
Target impostato:  (RA 157.92° Dec -0.64°)

=== Rendering Finder Chart ===
Rendering confini costellazioni...
Rendering linee costellazioni...
Rendering stelle SAO...
Rendering target...

✓ Finder Chart generata: results_26224/finder.png
  ✅ Sfondo bianco per stampa
  ✅ Stelle del catalogo SAO con numeri
  ✅ Linee e confini delle costellazioni
Generating IOccult Card: ioccult_card_26224_11.png
[DEBUG] Entering generateGroundMapImage for asteroid 26224, name 
[DEBUG] Central Path size: 0
[DEBUG] WARNING: Central path is empty!
[MapPathRenderer] Inizializzazione Mapnik...
[MapPathRenderer] Datasources registrate da: /opt/homebrew/lib/mapnik/input
[MapPathRenderer] Datasources registrate da: /usr/local/lib/mapnik/input
[MapPathRenderer] Datasources registrate da: /opt/homebrew/Cellar/mapnik/4.1.4_2/lib/mapnik/input
[MapPathRenderer] Plugin caricati: csv gdal geobuf geojson ogr pgraster postgis raster shape sqlite tiles topojson 
📐 Campo visivo impostato:
   Centro: RA 157.84° Dec -0.56°
   Campo visivo: 10.00°
🔆 Magnitudine limite: 10.00
⭐ Aggiunte 493 stelle SAO
🎯 Target impostato: 
   RA: 157.84° Dec: -0.56°

🎨 === Rendering Mappa Celeste ===
📏 Rendering griglia di coordinate RA/Dec...
📍 Rendering confini costellazioni...
📐 Rendering linee costellazioni...
⭐ Rendering stelle SAO...
   Stelle visualizzate: 493
💾 Salvataggio mappa...

✅ Mappa celeste generata: results_26224/sky.png

📋 Dettagli renderizzazione:
   Centro: RA 157.84° Dec -0.56°
   Campo visivo: 10.00°
   Dimensioni: 1920x1080 px
   Stelle visualizzate: 493
   Magnitudine limite: 10.00
   Linee costellazioni: 0
   Confini costellazioni: 0
   Griglia RA/Dec: ogni 10.00°
[MapPathRenderer] Inizializzazione Mapnik...
[MapPathRenderer] Datasources registrate da: /opt/homebrew/lib/mapnik/input
[MapPathRenderer] Datasources registrate da: /usr/local/lib/mapnik/input
[MapPathRenderer] Datasources registrate da: /opt/homebrew/Cellar/mapnik/4.1.4_2/lib/mapnik/input
[MapPathRenderer] Plugin caricati: csv gdal geobuf geojson ogr pgraster postgis raster shape sqlite tiles topojson 
Campo visivo impostato: RA 157.84° Dec -0.56° FOV 4.00°
Magnitudine limite: 14.00
Aggiunte 1555 stelle SAO
Target impostato:  (RA 157.84° Dec -0.56°)

=== Rendering Finder Chart ===
Rendering confini costellazioni...
Rendering linee costellazioni...
Rendering stelle SAO...
Rendering target...

✓ Finder Chart generata: results_26224/finder.png
  ✅ Sfondo bianco per stampa
  ✅ Stelle del catalogo SAO con numeri
  ✅ Linee e confini delle costellazioni

IOccultCalc Engine Workflow completed.
